fips,date,PRECTOT,PS,QV2M,T2M,T2MDEW,T2MWET,T2M_MAX,T2M_MIN,T2M_RANGE,TS,WS10M,WS10M_MAX,WS10M_MIN,WS10M_RANGE,WS50M,WS50M_MAX,WS50M_MIN,WS50M_RANGE,score
55111,2000-05-29,0.03,98.1,7.94,14.08,10.11,10.11,19.15,7.2,11.96,14.23,2.66,4.89,0.2,4.7,3.88,8.25,0.26,7.99,
19051,2001-09-09,6.62,98.71,8.14,16.55,10.67,10.67,22.04,12.57,9.47,16.92,3.87,6.0,2.29,3.71,5.68,7.49,4.28,3.21,
55027,2002-10-22,0.29,99.23,3.89,2.83,0.14,0.15,8.46,-1.54,10.0,3.6,4.98,6.03,4.16,1.88,6.3,8.03,5.03,3.0,0.0
38095,2000-06-21,3.88,94.35,8.76,16.47,11.13,11.13,21.5,12.57,8.93,16.57,10.46,13.31,4.14,9.18,14.3,17.16,8.36,8.79,
13227,2014-04-20,0.0,97.66,7.16,13.7,8.53,8.53,22.03,6.7,15.33,13.69,2.24,3.58,1.45,2.13,4.54,6.02,2.16,3.86,
12075,2001-12-10,2.97,101.46,14.44,21.52,19.97,19.97,24.9,19.51,5.38,21.24,2.57,3.59,1.56,2.02,3.98,5.65,2.7,2.96,
42039,2016-11-24,3.43,98.01,5.25,4.78,4.06,4.06,7.58,2.38,5.21,5.31,2.92,3.49,2.2,1.29,4.78,5.39,4.01,1.39,
6083,2003-05-10,0.0,97.86,5.94,12.5,5.65,5.67,18.4,6.67,11.73,13.34,4.72,6.31,3.28,3.03,6.0,7.55,3.82,3.73,
1087,2009-08-07,0.09,100.29,15.51,27.66,20.9,20.9,34.98,20.29,14.69,27.34,1.15,1.71,0.59,1.12,2.32,4.01,0.94,3.07,
51830,2012-01-26,0.15,101.51,6.78,9.17,8.04,8.04,15.27,3.06,12.21,8.88,2.57,3.99,1.48,2.51,4.61,7.48,1.95,5.54,
5055,2007-04-21,0.0,100.68,8.45,16.58,11.45,11.45,24.86,7.72,17.15,16.68,2.38,3.41,1.27,2.14,4.52,8.29,1.67,6.61,
51079,2002-01-19,11.99,98.95,3.04,-1.1,-3.23,-3.2,0.1,-2.13,2.23,-1.43,1.38,2.76,0.15,2.61,2.6,4.48,0.25,4.23,
47137,2007-08-10,0.0,97.68,14.41,29.03,19.18,19.18,35.59,23.13,12.46,29.59,2.39,3.01,1.58,1.43,4.55,6.07,3.41,2.66,
12131,2012-03-08,0.21,101.81,11.48,17.91,16.3,16.3,23.65,12.56,11.09,17.89,3.53,5.14,2.14,3.0,6.0,7.15,4.84,2.31,
1073,2000-07-10,0.6,99.29,15.23,30.89,20.43,20.44,37.69,24.71,12.98,31.05,1.64,2.38,1.29,1.09,3.59,4.8,2.19,2.61,
39079,2015-10-20,0.0,99.42,4.71,12.44,2.8,2.83,22.57,6.23,16.35,12.28,2.64,3.54,2.13,1.41,5.09,6.03,3.46,2.56,0.0015
48469,2009-07-05,0.02,100.91,17.07,31.2,22.47,22.47,37.77,27.09,10.68,32.93,6.9,7.66,5.67,1.99,8.55,9.2,7.87,1.33,
36081,2014-11-22,0.02,102.32,2.81,1.62,-4.07,-3.97,5.01,-2.02,7.04,3.8,5.31,7.07,2.91,4.16,7.32,9.67,4.3,5.36,
1029,2006-03-28,1.1,99.02,7.57,11.32,9.5,9.5,16.66,7.76,8.91,11.33,2.22,3.16,1.53,1.63,4.8,5.55,3.73,1.83,0.0
39157,2014-01-27,1.11,97.53,1.6,-8.95,-12.99,-12.55,1.69,-16.53,18.22,-8.95,5.28,7.63,4.47,3.16,8.53,12.1,6.97,5.13,
1049,2016-05-04,3.34,97.64,8.13,14.55,10.41,10.41,20.14,9.14,11.0,14.83,2.37,3.45,1.55,1.9,4.67,6.38,3.16,3.22,
35025,2012-08-09,0.08,89.29,8.28,29.79,8.98,8.98,37.63,22.97,14.66,31.58,3.39,5.98,0.57,5.41,4.93,7.32,0.81,6.51,
39135,2005-10-04,0.0,98.87,10.52,20.36,14.56,14.57,27.45,15.0,12.45,19.91,2.46,3.13,1.62,1.52,4.07,6.14,1.77,4.36,0.0
6041,2008-03-06,0.62,100.65,5.69,9.89,5.55,5.56,13.44,6.04,7.4,8.38,1.89,3.25,0.87,2.38,2.56,4.45,1.14,3.31,
37147,2006-09-23,0.0,101.48,15.76,23.48,21.35,21.35,27.91,18.34,9.56,23.27,4.9,7.11,2.8,4.32,7.76,9.51,5.94,3.57,
30013,2003-10-20,0.1,86.85,5.92,14.6,4.14,4.15,23.29,8.29,15.0,13.87,4.36,7.44,2.26,5.17,7.64,10.68,4.07,6.61,
21021,2014-05-07,0.0,98.29,12.25,21.0,16.84,16.84,26.56,15.53,11.03,20.71,3.81,5.18,2.87,2.31,7.05,8.17,5.63,2.54,
39161,2002-04-26,0.02,99.32,4.31,7.5,1.59,1.61,14.06,1.27,12.79,8.37,3.43,4.54,2.37,2.17,5.4,7.55,2.76,4.79,
48479,2001-12-27,0.0,99.54,5.78,10.32,5.4,5.41,19.87,1.98,17.89,9.87,3.76,6.97,2.14,4.83,5.97,8.52,3.39,5.13,
17087,2010-03-14,1.21,99.17,5.64,7.18,5.39,5.39,9.86,4.55,5.3,7.2,4.9,6.68,2.86,3.82,7.17,8.68,5.69,2.99,
39011,2000-03-13,0.37,99.28,3.23,2.06,-2.47,-2.42,7.3,-3.19,10.49,2.28,5.85,8.75,3.12,5.63,8.27,10.6,5.87,4.74,
40039,2007-02-03,0.0,96.04,2.22,-2.83,-7.44,-7.35,3.24,-7.62,10.85,-2.06,2.89,6.28,0.2,6.08,4.3,8.87,0.43,8.44,
48237,2004-08-01,0.01,97.81,16.64,28.68,21.65,21.65,35.24,22.12,13.12,29.59,2.55,3.79,0.48,3.31,4.4,7.92,0.61,7.31,
31113,2004-08-20,0.01,91.76,7.14,19.88,7.66,7.67,28.34,11.34,17.0,21.39,3.07,4.24,1.35,2.9,4.86,7.72,1.45,6.27,
21223,2015-07-06,0.01,98.96,13.73,23.17,18.49,18.49,28.75,16.86,11.89,22.46,1.89,2.75,0.62,2.13,3.47,6.11,0.88,5.23,
31031,2010-10-21,0.0,90.45,5.02,12.01,2.45,2.46,21.8,3.57,18.23,11.44,4.93,7.47,1.4,6.07,7.39,10.58,1.97,8.61,
13107,2002-02-09,0.2,101.51,6.23,10.42,6.76,6.76,18.15,2.33,15.82,9.33,3.22,4.65,0.87,3.78,4.96,8.38,1.2,7.18,
48419,2000-01-17,0.0,101.32,8.89,15.96,12.41,12.41,23.41,10.49,12.92,15.88,2.23,3.03,1.74,1.29,5.19,6.96,2.64,4.32,
48193,2012-04-02,0.01,95.99,12.9,21.71,17.29,17.29,27.12,16.56,10.56,21.92,6.05,7.82,3.69,4.13,8.46,9.98,5.73,4.25,
20029,2014-11-12,0.0,98.15,0.92,-5.58,-16.83,-15.66,-2.7,-7.68,4.98,-4.66,7.32,8.19,5.76,2.43,9.14,9.92,7.56,2.36,
27067,2004-05-21,7.25,97.17,7.76,14.19,9.55,9.56,18.68,10.29,8.38,14.95,6.07,8.26,4.27,3.99,7.78,10.22,5.93,4.29,
30011,2000-08-19,0.21,90.04,6.51,24.59,5.73,5.76,31.69,17.39,14.3,25.57,4.66,7.3,2.93,4.38,6.9,9.67,4.56,5.12,
22053,2003-10-11,0.12,100.93,15.16,23.41,20.66,20.66,28.06,19.5,8.56,23.87,3.12,3.41,2.65,0.76,4.97,6.56,3.74,2.82,
27001,2015-05-23,0.01,97.65,6.37,15.54,6.86,6.87,22.79,8.54,14.25,15.55,3.04,4.15,1.66,2.49,4.88,7.81,1.89,5.92,
54019,2002-03-02,11.89,96.51,3.91,2.62,-0.4,-0.38,4.71,-0.18,4.89,2.61,4.46,5.17,3.07,2.1,8.1,9.44,5.92,3.52,
31137,2012-12-22,0.01,93.45,2.31,-1.33,-7.32,-7.22,7.12,-6.52,13.63,-2.37,4.39,5.6,3.47,2.13,7.34,8.94,5.2,3.74,
21077,2000-08-18,26.18,98.79,13.3,22.29,18.05,18.05,26.75,16.07,10.69,22.35,2.6,3.82,1.52,2.3,4.95,6.15,3.75,2.4,
28107,2001-06-16,0.0,100.91,11.24,24.16,15.9,15.9,30.79,17.04,13.75,23.79,2.72,3.85,1.94,1.91,4.41,5.54,2.62,2.92,
50009,2005-01-31,0.14,97.15,1.34,-11.06,-13.35,-13.22,-4.44,-17.04,12.6,-16.16,1.22,1.96,0.39,1.57,1.76,3.11,0.48,2.63,
48465,2006-05-25,0.33,95.29,11.7,29.57,15.58,15.58,36.35,22.49,13.86,31.51,6.91,8.14,5.54,2.6,8.8,9.96,7.84,2.12,
36123,2004-01-16,0.33,98.02,1.21,-13.58,-14.24,-14.18,-10.6,-19.57,8.98,-13.15,6.71,7.56,4.47,3.09,10.15,11.29,6.93,4.37,
22005,2009-03-02,0.0,102.45,3.59,6.49,-0.56,-0.51,13.8,0.38,13.42,7.55,3.38,4.03,2.72,1.3,5.56,6.75,4.53,2.22,
48125,2007-07-12,3.79,93.59,14.9,27.76,19.16,19.16,33.47,21.67,11.8,28.56,3.96,7.05,1.68,5.37,5.86,8.57,3.3,5.26,
6113,2007-04-14,12.07,100.58,7.07,11.49,8.86,8.86,14.81,8.04,6.77,11.58,2.45,4.6,0.4,4.2,3.84,5.63,0.56,5.08,
13033,2009-06-30,0.0,99.22,10.96,27.39,15.2,15.2,35.6,19.53,16.07,28.28,3.23,5.04,2.0,3.04,5.53,7.03,2.4,4.62,0.0
5053,2006-07-01,0.0,100.84,11.83,29.7,16.62,16.62,38.15,21.53,16.62,29.9,2.2,2.82,1.47,1.35,4.01,5.13,2.21,2.91,
55057,2010-03-07,0.32,98.29,3.59,2.32,-1.12,-1.09,9.36,-1.73,11.1,1.44,2.43,3.38,1.25,2.13,3.65,5.7,1.52,4.17,
37133,2006-09-29,2.43,101.18,8.82,17.61,12.06,12.07,21.81,12.42,9.4,18.2,3.27,6.1,1.51,4.59,4.43,8.18,2.02,6.17,
21013,2014-11-15,0.0,97.62,2.14,-1.04,-7.76,-7.56,4.94,-5.56,10.5,-1.34,1.3,2.01,0.7,1.31,2.59,5.35,1.2,4.15,
13063,2003-02-25,0.68,98.82,5.46,7.47,4.73,4.74,13.92,3.54,10.38,7.45,2.34,3.87,0.93,2.95,4.05,5.75,1.02,4.73,0.0
20009,2008-05-07,1.59,93.89,10.05,15.8,12.86,12.86,19.0,9.5,9.5,15.73,4.98,8.29,1.6,6.69,7.39,10.23,3.2,7.03,
39091,2007-08-25,4.94,97.63,14.79,22.73,19.71,19.71,26.94,19.47,7.48,22.73,4.27,6.86,1.99,4.87,6.55,8.76,4.03,4.72,
26015,2014-06-24,11.41,98.2,14.35,21.12,19.32,19.32,23.95,18.31,5.64,20.85,1.8,3.61,0.56,3.05,2.67,4.49,0.94,3.55,0.0
48373,2000-10-09,0.04,102.41,3.5,9.5,-0.91,-0.83,14.19,6.8,7.39,9.76,1.95,2.81,1.47,1.34,4.09,4.97,3.07,1.89,
26111,2000-10-11,0.01,99.57,4.65,10.07,2.65,2.67,19.78,3.43,16.36,9.84,4.09,5.35,3.27,2.08,7.01,8.14,4.44,3.71,
28127,2004-08-02,0.15,100.05,16.95,27.44,22.31,22.31,34.08,22.2,11.88,27.43,1.51,2.32,1.05,1.27,3.65,5.03,1.67,3.36,
28059,2010-10-05,0.0,102.26,7.58,19.07,9.91,9.92,23.08,15.5,7.58,21.65,7.24,7.96,6.37,1.59,8.85,10.19,7.65,2.54,1.0
48031,2014-04-19,0.0,97.93,8.47,19.09,11.14,11.14,25.97,11.59,14.38,20.03,3.65,5.2,1.41,3.79,5.53,8.43,1.83,6.6,
56039,2000-10-01,5.64,76.04,6.37,7.0,3.26,3.26,12.01,1.53,10.48,6.99,3.83,7.09,1.57,5.52,7.2,11.98,3.24,8.74,
12085,2004-06-22,4.57,101.68,18.56,28.72,24.08,24.08,31.44,26.01,5.43,28.88,3.65,4.27,2.87,1.4,4.81,5.93,3.77,2.16,0.3597999999999999
30039,2013-08-25,0.88,80.8,7.45,17.52,6.31,6.31,26.28,8.94,17.34,17.46,2.14,3.02,1.15,1.87,4.3,5.45,2.76,2.69,
42113,2016-06-25,0.01,97.57,10.87,22.41,14.88,14.88,28.62,15.92,12.7,22.11,0.95,1.69,0.32,1.37,2.19,5.4,0.89,4.51,
29071,2007-03-13,0.37,98.67,10.45,16.07,14.37,14.37,22.61,10.1,12.5,16.03,2.65,3.81,1.9,1.9,5.51,6.32,2.59,3.73,0.0
20209,2007-08-24,13.35,97.67,16.29,23.2,21.24,21.24,25.09,20.03,5.06,23.18,2.66,7.42,0.42,7.01,3.76,10.87,0.44,10.43,
48309,2014-05-31,0.36,98.86,15.33,25.0,20.51,20.51,29.93,19.8,10.12,25.91,2.7,4.21,1.55,2.66,3.9,5.63,2.02,3.61,
51081,2012-01-20,3.93,101.22,3.96,3.0,0.7,0.71,7.63,-1.5,9.12,2.98,2.19,2.57,1.21,1.36,4.28,5.81,1.73,4.08,
45041,2015-09-14,0.0,101.69,6.92,19.42,8.57,8.58,27.3,11.99,15.31,20.07,2.52,4.17,0.8,3.37,4.1,7.05,0.85,6.2,
5139,2007-08-28,0.36,100.73,16.15,28.88,21.63,21.63,35.68,23.21,12.47,28.9,1.14,1.87,0.51,1.36,2.76,5.19,0.79,4.4,1.0
56007,2015-01-12,1.3,78.18,3.32,-3.68,-5.08,-5.07,0.7,-6.33,7.03,-4.05,3.22,4.62,1.44,3.19,4.96,6.8,2.42,4.37,
6023,2000-07-26,0.03,94.11,7.04,15.68,7.68,7.68,23.79,9.03,14.76,15.67,2.0,3.16,1.2,1.96,3.0,3.9,2.25,1.65,
35041,2011-09-23,0.0,87.73,6.6,20.8,5.59,5.61,30.77,10.71,20.07,21.57,2.31,3.94,0.24,3.7,3.83,7.19,0.35,6.84,
26079,2007-08-11,0.11,98.17,11.13,24.67,15.35,15.35,30.75,17.81,12.93,24.61,3.39,5.03,0.81,4.22,4.95,7.97,1.16,6.81,
46121,2005-03-18,1.05,92.14,2.41,-2.3,-6.98,-6.9,2.33,-6.03,8.36,-1.44,5.98,8.27,2.08,6.19,7.52,9.87,3.9,5.97,
20019,2000-10-03,0.35,96.99,10.52,25.6,14.29,14.29,35.1,17.34,17.76,25.87,6.99,9.88,3.91,5.97,10.08,12.56,6.92,5.64,3.0
51570,2007-04-15,52.78,98.81,9.43,13.97,12.33,12.33,19.67,6.19,13.47,13.87,4.88,6.62,2.67,3.95,8.38,11.44,4.87,6.57,
41067,2003-05-28,0.16,99.14,9.05,14.79,12.28,12.29,19.05,9.97,9.07,14.84,1.98,2.93,1.04,1.88,3.52,4.59,1.67,2.92,
48407,2016-03-30,1.76,99.91,15.15,21.55,20.49,20.49,23.85,19.31,4.54,21.48,3.56,4.44,2.82,1.62,6.68,7.56,5.75,1.81,
38059,2001-01-06,0.14,93.63,3.86,1.04,-0.72,-0.71,5.18,-1.29,6.47,0.23,7.6,10.51,5.5,5.01,10.66,15.03,8.11,6.91,
21031,2014-05-01,0.05,99.41,5.91,11.11,6.04,6.05,16.44,6.07,10.37,11.23,3.84,6.05,2.19,3.86,6.52,8.34,4.82,3.52,
38085,2003-10-01,0.06,95.21,2.88,7.28,-4.34,-4.21,15.24,0.47,14.77,8.01,2.15,5.07,0.26,4.81,3.46,8.86,0.27,8.59,
19173,2016-05-02,0.15,97.83,5.97,10.97,5.98,5.99,16.52,5.32,11.2,11.31,2.7,4.05,0.88,3.18,3.83,5.49,1.24,4.25,
46109,2005-12-21,0.06,97.44,1.77,-10.23,-10.88,-10.85,-1.03,-17.1,16.07,-10.9,4.17,8.09,2.47,5.62,6.47,11.17,2.69,8.48,
21003,2016-11-19,3.35,99.97,3.17,5.72,-2.93,-2.81,9.55,0.41,9.14,5.89,5.61,7.04,3.64,3.4,8.61,9.33,7.42,1.9,
28143,2014-04-19,0.0,101.29,9.04,18.02,12.63,12.63,24.71,10.8,13.91,17.3,2.47,3.68,0.37,3.31,3.53,5.41,0.53,4.88,
17075,2016-05-22,0.0,99.28,7.32,17.85,8.94,8.95,26.38,9.59,16.79,17.12,3.82,5.79,1.82,3.97,5.83,7.55,2.77,4.78,
20107,2014-03-17,0.0,97.67,2.61,1.0,-5.58,-5.48,9.46,-7.11,16.56,1.68,3.93,6.77,1.15,5.62,5.81,10.33,1.52,8.81,
35047,2012-11-07,0.0,83.47,2.7,14.03,-6.8,-6.56,24.73,6.2,18.53,13.12,4.27,6.98,1.95,5.03,6.71,10.02,2.87,7.15,
29229,2006-08-15,0.0,97.54,9.88,25.07,13.01,13.01,33.39,18.32,15.06,25.46,1.78,3.0,0.87,2.13,3.47,5.95,1.17,4.78,2.0
20035,2007-06-10,24.29,97.13,17.31,23.56,22.18,22.18,26.04,20.67,5.37,23.51,3.65,4.71,2.4,2.31,5.78,8.01,3.23,4.78,
45031,2015-09-08,2.23,101.06,16.56,25.83,22.11,22.11,29.96,22.25,7.72,26.22,2.31,2.96,1.5,1.46,3.87,5.24,1.7,3.54,2.1382
5035,2008-04-26,7.52,100.95,7.96,15.25,10.63,10.63,21.19,10.51,10.69,15.6,4.54,8.11,2.85,5.27,6.56,10.47,5.02,5.45,
38019,2005-01-19,1.01,97.24,0.75,-18.04,-18.91,-18.76,-16.08,-21.92,5.84,-18.1,3.98,5.15,2.83,2.31,5.68,8.68,4.23,4.45,
5037,2001-04-06,0.0,100.69,13.69,21.48,19.01,19.02,24.26,18.42,5.84,20.99,6.65,8.97,4.95,4.02,9.77,12.95,7.45,5.5,
13003,2005-03-01,0.0,100.74,4.58,8.13,2.47,2.5,14.14,1.41,12.72,8.17,5.25,8.8,2.97,5.84,8.33,12.17,5.01,7.15,0.0
28003,2012-01-02,0.0,101.3,2.71,0.1,-4.42,-4.34,4.46,-4.2,8.66,-0.08,4.43,6.74,2.79,3.94,7.7,10.06,5.52,4.53,
39151,2012-08-09,8.78,97.29,14.58,23.22,19.42,19.42,29.41,18.78,10.63,23.14,1.17,2.12,0.55,1.57,2.26,4.43,0.79,3.64,
13279,2003-10-15,0.0,100.82,5.92,16.96,6.28,6.29,24.38,10.76,13.62,17.2,4.03,6.28,2.39,3.89,6.15,9.61,4.11,5.5,
19107,2009-01-22,0.0,98.16,3.52,-1.04,-1.58,-1.58,6.64,-6.59,13.23,-2.0,3.52,4.64,2.23,2.4,6.16,8.47,3.49,4.98,
21221,2002-05-20,0.02,100.58,6.17,11.93,6.85,6.86,17.67,5.43,12.24,12.47,2.66,3.48,1.79,1.69,4.53,6.01,2.23,3.77,
8115,2009-09-06,0.0,88.91,10.11,21.03,12.34,12.34,29.36,12.51,16.85,22.02,5.52,6.54,4.2,2.35,7.64,9.65,6.2,3.45,
17037,2012-08-09,5.05,98.46,12.12,21.21,16.72,16.72,26.64,15.74,10.9,21.97,3.46,6.29,0.77,5.52,4.91,8.23,0.6,7.63,
48337,2003-09-26,0.02,97.62,12.78,24.74,17.41,17.41,31.77,18.68,13.09,25.44,3.25,4.93,2.14,2.79,5.14,6.56,3.95,2.62,
42049,2014-07-26,2.38,98.34,12.09,21.58,16.59,16.59,25.08,17.82,7.26,22.08,3.96,5.43,2.07,3.35,5.28,6.95,3.11,3.85,
45005,2014-09-01,0.71,101.39,17.67,28.56,23.2,23.2,34.05,24.24,9.81,28.8,1.29,2.08,0.68,1.4,2.57,4.64,0.86,3.78,
36087,2016-08-20,0.34,98.97,12.69,24.29,17.41,17.41,30.52,18.26,12.26,24.26,1.65,2.95,0.32,2.63,3.09,5.31,0.33,4.98,
19095,2008-09-09,0.0,99.1,6.38,12.1,7.11,7.12,19.18,5.03,14.15,12.31,2.54,3.26,1.7,1.56,4.43,7.33,1.88,5.46,0.0
32023,2001-12-14,1.45,81.23,2.58,-1.49,-7.76,-7.67,1.97,-4.96,6.93,-1.47,5.91,8.48,3.75,4.73,7.74,10.98,6.01,4.97,
13049,2011-03-14,0.0,101.86,7.49,15.27,9.89,9.89,24.26,7.66,16.59,15.21,1.7,1.96,0.92,1.04,3.67,5.15,1.16,3.99,
48469,2002-03-25,1.23,100.78,12.75,20.71,17.66,17.66,26.24,11.93,14.3,20.98,6.07,9.63,1.09,8.54,8.18,11.97,1.64,10.33,
19089,2012-07-02,0.05,97.16,13.21,29.84,17.86,17.86,36.87,22.33,14.54,30.32,4.24,6.38,2.72,3.66,6.84,8.44,3.25,5.19,
28031,2014-02-11,30.57,100.74,4.17,2.24,1.34,1.35,4.41,0.69,3.72,2.26,2.27,2.76,1.84,0.93,4.02,4.83,3.14,1.69,0.0
16069,2009-12-29,0.04,91.12,2.18,-6.57,-8.44,-8.4,0.75,-11.38,12.12,-7.59,2.1,2.76,0.94,1.83,3.24,4.68,1.37,3.3,0.9983
28113,2008-04-14,0.0,101.15,4.46,7.87,2.32,2.34,13.18,3.0,10.18,7.85,2.33,3.6,1.29,2.31,5.13,6.55,3.16,3.38,
36117,2006-10-16,0.01,100.51,5.02,9.55,3.72,3.73,14.54,4.71,9.82,10.29,2.86,4.01,0.85,3.16,4.18,5.94,1.16,4.78,
27143,2008-02-01,0.02,97.72,1.86,-8.94,-9.88,-9.85,-2.13,-15.11,12.98,-9.04,5.45,8.14,4.13,4.0,7.58,9.82,6.07,3.75,
31019,2013-05-01,11.66,94.47,4.0,3.48,-0.16,-0.14,6.03,0.82,5.21,4.33,10.55,12.19,7.44,4.75,13.07,14.92,9.9,5.02,
48481,2000-06-01,2.17,101.24,15.43,27.72,20.99,20.99,33.52,23.2,10.32,28.68,4.18,6.09,2.53,3.56,6.35,7.38,4.91,2.47,
22081,2013-04-18,23.93,100.11,12.41,18.78,16.41,16.41,26.69,8.56,18.14,18.77,3.78,5.29,2.66,2.63,7.07,8.57,4.64,3.94,
56037,2006-08-29,0.1,78.96,5.23,18.7,0.97,1.0,27.62,9.26,18.36,19.51,4.13,6.54,1.95,4.59,5.9,7.51,3.41,4.1,2.7662
40125,2009-01-21,0.0,98.31,2.93,4.69,-3.76,-3.68,13.82,-2.4,16.22,3.33,4.1,6.24,1.11,5.13,5.82,9.55,1.52,8.03,
53073,2006-11-12,39.44,91.34,4.4,0.76,0.7,0.7,1.06,0.03,1.03,0.75,2.35,3.64,1.57,2.07,4.45,6.27,3.15,3.12,
37069,2013-02-15,0.01,100.52,4.56,6.29,2.47,2.48,15.37,-0.88,16.25,6.31,2.08,3.18,0.93,2.25,4.23,6.94,1.25,5.68,
39001,2016-09-15,0.09,98.97,11.32,22.11,15.74,15.74,28.61,16.96,11.65,22.17,1.3,1.92,0.76,1.16,2.77,4.81,1.01,3.8,
51141,2005-10-19,0.02,95.98,9.43,17.58,12.31,12.31,26.42,10.83,15.59,17.15,2.0,2.65,1.3,1.36,4.26,5.95,2.0,3.94,
34023,2002-07-10,5.6,100.96,11.8,24.14,16.18,16.18,29.08,18.62,10.45,24.32,2.3,5.27,0.84,4.43,3.76,7.01,1.84,5.18,
50025,2001-11-06,0.14,97.24,3.59,4.09,-1.26,-1.21,8.55,1.62,6.94,4.1,3.67,4.33,3.07,1.26,7.0,7.8,6.07,1.73,2.8663
19119,2013-01-24,0.11,97.74,0.59,-13.81,-21.8,-19.96,-10.03,-17.7,7.67,-13.07,6.36,8.56,3.7,4.86,7.62,10.06,4.23,5.83,
13037,2011-10-17,0.0,100.17,8.61,21.65,11.62,11.63,32.26,13.26,19.0,21.82,1.88,2.74,0.27,2.47,3.56,6.45,0.26,6.18,
45055,2015-12-31,5.94,100.71,12.64,18.24,17.63,17.63,20.56,14.16,6.41,18.11,2.27,2.96,1.31,1.65,4.12,5.74,2.55,3.19,
46059,2000-03-31,0.04,96.12,2.8,5.85,-4.66,-4.51,12.81,-0.82,13.63,5.84,5.5,8.84,1.16,7.68,7.31,10.39,1.59,8.8,
19167,2012-10-17,0.59,94.51,4.6,12.72,1.23,1.29,15.62,8.34,7.28,12.91,10.67,13.49,6.03,7.46,14.29,17.5,9.25,8.24,
28073,2016-04-16,0.12,100.77,11.26,18.6,15.91,15.91,23.49,14.42,9.06,18.6,2.32,2.8,1.8,1.0,4.65,5.15,3.97,1.18,
48049,2016-11-24,0.1,96.9,7.45,14.27,8.55,8.55,22.17,5.77,16.4,13.37,3.2,4.96,0.66,4.3,5.18,7.73,0.9,6.83,
48281,2011-05-26,0.0,97.05,7.75,24.29,9.63,9.63,33.86,15.16,18.7,26.33,3.08,5.52,0.05,5.47,5.21,8.87,0.28,8.59,
20071,2002-11-01,0.34,90.43,2.53,-2.93,-6.6,-6.55,0.27,-5.73,6.0,-1.52,3.12,4.75,1.7,3.04,3.76,5.81,1.77,4.04,
8067,2004-04-17,0.45,75.37,4.13,9.45,-2.76,-2.72,17.31,1.09,16.23,9.43,5.77,9.28,2.04,7.23,9.09,13.4,4.06,9.34,
13143,2009-11-29,0.15,98.37,6.03,9.07,6.06,6.07,15.62,3.85,11.77,8.71,1.65,2.14,1.1,1.05,3.83,5.84,1.81,4.04,
46035,2013-10-05,4.79,95.44,4.82,5.72,2.55,2.56,8.07,3.88,4.19,6.33,5.44,7.5,3.29,4.21,6.9,9.81,4.16,5.64,
38087,2006-05-03,0.03,91.97,3.68,5.59,-1.59,-1.55,11.31,1.1,10.21,6.65,9.57,12.62,4.94,7.68,12.27,15.34,7.89,7.45,
53019,2002-03-02,0.0,92.69,2.28,-3.8,-7.62,-7.55,3.34,-10.22,13.56,-4.72,1.88,2.39,1.26,1.12,2.98,3.88,2.0,1.88,
56015,2015-08-01,0.16,85.79,8.79,26.79,9.63,9.63,34.79,19.5,15.3,28.25,3.95,5.48,1.37,4.11,6.01,8.91,1.74,7.17,
17005,2006-05-27,0.0,99.26,16.1,24.56,21.31,21.31,29.34,19.71,9.63,24.16,3.86,5.56,1.46,4.11,5.95,8.9,2.43,6.47,
24045,2004-02-04,0.0,102.58,3.32,1.2,-1.54,-1.52,5.15,-1.75,6.9,0.66,5.04,7.06,3.9,3.15,7.98,9.08,6.74,2.34,
35047,2008-12-19,0.0,83.12,2.29,1.74,-8.92,-8.68,9.43,-3.62,13.05,1.24,6.91,9.22,4.87,4.34,10.06,12.35,7.59,4.76,
48257,2012-01-28,0.0,101.11,3.24,5.89,-2.16,-2.07,9.7,2.43,7.27,5.08,5.2,8.27,1.53,6.75,7.16,11.8,2.15,9.65,
13219,2005-04-03,0.0,99.37,5.87,11.46,5.9,5.9,18.2,5.64,12.56,11.54,3.1,3.96,1.87,2.1,6.47,7.26,5.24,2.02,
26119,2008-12-09,12.27,98.02,2.86,-3.48,-4.2,-4.19,-1.16,-7.59,6.43,-2.69,3.49,5.3,1.56,3.73,4.99,7.24,3.04,4.21,0.0
6109,2009-07-17,0.0,80.83,4.42,23.0,-1.2,-1.12,32.68,14.35,18.32,22.63,1.92,3.35,0.23,3.12,3.01,4.48,0.61,3.87,
21169,2011-08-13,3.51,98.44,14.52,25.14,19.42,19.42,31.19,19.91,11.28,25.36,2.4,2.97,1.64,1.33,4.34,5.69,2.68,3.0,
21135,2003-03-06,2.62,98.27,2.92,-1.71,-3.89,-3.86,1.93,-6.13,8.05,-1.7,2.69,4.06,1.73,2.33,4.48,5.94,3.63,2.31,
48213,2008-12-05,0.0,101.31,2.64,1.94,-4.65,-4.55,6.99,-1.94,8.93,1.71,2.92,4.55,1.5,3.05,4.51,7.41,2.17,5.23,
48133,2012-02-14,0.09,96.01,6.65,11.45,6.63,6.64,21.47,1.82,19.65,11.16,4.73,6.5,2.99,3.51,7.84,10.34,3.66,6.68,0.9813
40005,2012-01-25,56.3,98.77,6.08,7.37,6.36,6.36,8.92,5.85,3.07,7.31,5.69,8.25,2.97,5.28,7.57,10.31,4.12,6.19,
1065,2012-02-10,0.42,101.1,5.22,7.14,4.42,4.42,14.1,3.02,11.09,7.2,1.3,1.87,0.56,1.3,2.78,4.17,0.7,3.47,
30059,2007-12-05,0.74,82.37,3.65,-1.35,-3.21,-3.2,1.81,-4.38,6.18,-1.71,3.99,5.3,2.26,3.04,6.64,7.94,3.9,4.04,
47003,2015-08-06,19.17,97.94,16.9,24.07,21.93,21.93,27.21,21.56,5.65,24.2,3.47,5.41,1.89,3.52,5.71,7.54,4.2,3.34,
55133,2005-07-27,0.0,98.68,8.21,18.82,10.73,10.73,24.16,13.48,10.67,19.95,3.7,5.97,0.43,5.53,4.83,7.38,0.62,6.76,
13307,2012-05-03,5.05,100.17,13.73,24.12,18.94,18.94,28.97,19.8,9.17,24.11,1.67,2.67,0.53,2.14,3.0,4.57,0.77,3.8,
45061,2001-03-31,0.46,99.97,8.83,14.49,12.1,12.1,20.12,10.39,9.73,14.35,3.67,5.86,2.28,3.58,6.42,7.9,3.77,4.13,
21069,2003-03-15,0.0,98.45,7.58,12.36,9.47,9.47,18.59,5.36,13.23,10.86,1.59,2.73,0.86,1.88,3.07,6.97,1.21,5.76,
56017,2005-04-27,5.44,83.55,3.27,1.46,-4.55,-4.5,4.72,-2.41,7.13,3.06,4.84,8.64,1.16,7.48,5.69,10.15,1.72,8.44,
29215,2001-07-29,1.33,97.55,16.79,28.32,21.75,21.74,34.84,22.32,12.51,28.3,1.33,1.74,0.95,0.79,2.73,3.77,2.04,1.73,
26147,2010-07-06,0.18,99.2,14.1,26.27,19.22,19.22,31.31,20.72,10.6,26.2,4.24,5.73,2.95,2.79,6.65,7.48,3.98,3.5,0.0
37137,2016-06-07,22.58,100.34,16.1,24.95,21.55,21.55,28.74,22.46,6.29,25.1,3.89,4.86,1.57,3.29,6.05,7.23,2.21,5.02,0.0
40055,2008-04-07,0.2,94.7,6.46,19.13,6.18,6.2,29.88,8.54,21.34,19.91,5.06,6.17,3.81,2.36,7.77,10.46,5.14,5.32,
48037,2004-05-08,0.0,100.81,13.37,21.25,18.65,18.65,24.78,18.01,6.77,21.33,2.41,3.0,1.84,1.16,4.59,6.28,2.91,3.38,
37025,2012-01-07,0.09,99.15,7.04,9.52,8.18,8.18,18.15,3.56,14.58,9.18,2.97,4.93,2.04,2.89,5.43,6.75,4.18,2.58,
51683,2006-06-09,1.51,99.82,10.32,22.21,14.39,14.39,28.17,16.17,12.0,22.79,3.04,5.06,1.34,3.72,5.14,7.28,2.79,4.49,
51059,2004-08-05,8.01,99.86,13.9,21.72,18.99,18.99,23.68,18.83,4.85,21.72,3.0,4.52,1.43,3.08,4.91,7.68,2.98,4.7,
21143,2001-12-24,0.09,100.3,2.44,-2.61,-5.72,-5.67,1.38,-5.39,6.76,-2.25,4.03,5.35,3.04,2.31,6.3,7.54,5.35,2.2,
37125,2002-01-05,1.07,101.1,2.64,-2.5,-4.86,-4.83,6.03,-8.32,14.36,-3.37,2.7,3.21,1.8,1.41,4.84,7.31,2.11,5.2,
17195,2006-05-06,0.0,99.09,5.04,10.69,3.66,3.68,18.37,2.19,16.18,11.91,2.45,3.22,1.29,1.92,3.95,6.51,1.46,5.05,
46129,2011-11-10,0.0,95.12,2.57,0.7,-5.81,-5.71,7.71,-5.16,12.87,0.44,4.4,5.88,1.97,3.92,6.98,10.12,2.35,7.77,
37083,2014-07-29,0.92,100.66,10.45,22.84,14.72,14.72,28.72,17.38,11.34,23.22,2.39,3.69,1.33,2.36,4.15,6.17,2.33,3.84,0.0
20019,2004-12-27,0.0,98.74,4.09,2.39,0.73,0.73,8.92,-1.24,10.16,2.05,6.59,8.17,4.61,3.55,9.28,11.06,7.51,3.55,
28105,2006-08-12,5.17,100.11,18.13,26.93,23.44,23.44,29.65,24.86,4.79,26.98,1.07,1.95,0.36,1.59,1.93,3.17,0.54,2.63,
13185,2015-12-23,3.4,100.82,14.44,20.24,19.83,19.83,22.63,17.8,4.83,19.98,3.32,4.77,1.89,2.88,6.17,7.62,4.53,3.09,
18051,2011-04-05,0.0,99.78,3.94,7.18,0.34,0.38,13.24,0.92,12.32,7.61,5.88,7.16,2.48,4.68,8.38,10.97,4.96,6.01,0.0
13137,2013-10-16,1.38,94.94,9.75,15.56,12.78,12.78,20.95,11.03,9.92,15.26,1.09,1.31,0.83,0.48,2.2,3.04,1.4,1.64,
31111,2016-08-04,0.0,90.99,8.98,24.27,10.48,10.48,28.44,19.47,8.97,24.91,5.95,11.01,2.53,8.48,8.5,13.82,5.35,8.47,
27083,2011-08-02,0.57,96.01,16.39,24.97,21.04,21.04,28.91,18.49,10.43,24.79,6.18,7.86,3.78,4.08,9.0,10.62,6.54,4.08,0.0
31107,2014-05-31,7.47,95.87,13.07,23.8,17.47,17.47,28.51,19.52,8.99,24.24,5.11,6.86,3.49,3.37,7.33,8.67,5.29,3.38,
8035,2008-08-09,2.85,79.37,10.18,20.87,10.63,10.63,27.48,14.65,12.83,22.19,3.56,5.9,0.87,5.03,4.96,7.19,1.37,5.83,
53059,2003-04-05,10.66,90.43,3.69,-0.6,-1.83,-1.82,1.29,-2.66,3.95,-0.57,2.19,2.84,1.51,1.33,3.92,4.75,2.84,1.91,
20063,2002-01-24,0.0,93.1,1.57,0.54,-11.84,-11.3,7.25,-4.46,11.71,-0.55,5.08,8.93,1.99,6.94,7.54,11.02,2.85,8.18,
32027,2000-03-24,0.0,85.5,2.97,8.7,-5.35,-5.23,16.53,-0.24,16.77,9.4,2.15,3.3,0.51,2.79,2.83,4.38,0.71,3.66,
55137,2008-12-15,0.02,98.79,0.62,-17.95,-20.83,-20.21,-12.04,-23.27,11.23,-18.0,9.93,13.4,4.22,9.18,12.59,16.66,5.58,11.08,
29163,2003-06-15,0.0,99.28,11.89,21.95,16.52,16.52,28.38,15.0,13.38,22.03,2.85,3.8,1.99,1.81,4.74,5.72,2.34,3.37,
48161,2009-12-17,0.42,100.62,4.86,5.84,3.46,3.47,10.26,3.37,6.89,5.49,1.89,2.89,0.39,2.51,3.2,6.12,0.38,5.74,
37131,2009-01-08,0.05,100.34,4.17,4.79,1.18,1.19,9.55,-0.6,10.15,4.41,4.91,6.96,3.18,3.78,8.15,10.28,6.37,3.91,
22103,2016-06-25,0.0,101.63,16.74,28.91,22.36,22.36,34.15,24.5,9.65,29.23,2.0,2.51,0.34,2.18,3.11,4.67,0.25,4.42,
48147,2011-08-17,0.01,99.22,11.14,34.96,15.5,15.5,42.07,28.55,13.52,36.36,3.12,5.26,1.37,3.9,4.62,6.85,2.48,4.37,
21215,2009-11-03,0.01,99.83,4.52,7.04,2.07,2.09,12.45,2.09,10.36,6.54,2.65,3.74,1.84,1.9,4.56,6.66,3.2,3.46,0.0
42037,2001-06-05,0.0,97.13,8.02,16.36,10.15,10.15,23.12,8.84,14.28,16.34,1.53,1.93,1.04,0.89,3.54,4.56,2.6,1.97,1.9768
20167,2003-03-22,0.0,94.99,5.11,11.27,3.29,3.31,19.28,4.15,15.13,10.73,3.57,4.92,1.02,3.89,5.39,8.31,1.41,6.9,
46137,2002-02-21,0.0,94.4,2.35,2.84,-7.56,-7.2,9.61,-0.96,10.57,2.45,6.16,9.92,1.46,8.46,8.54,12.25,2.22,10.03,
42079,2006-01-12,0.01,96.67,4.63,2.55,2.17,2.17,8.74,0.21,8.53,2.43,2.37,2.89,1.77,1.13,5.05,7.12,3.24,3.89,
51149,2015-10-20,0.0,102.17,5.63,10.2,5.52,5.53,19.79,2.71,17.08,10.29,2.21,2.58,1.64,0.94,4.7,6.5,2.63,3.87,0.0
46079,2004-01-09,0.01,96.8,1.47,-7.44,-12.07,-11.83,-2.25,-11.38,9.12,-7.31,3.47,5.28,2.01,3.28,4.95,6.14,3.49,2.65,
42033,2001-12-06,0.76,95.66,6.19,9.66,6.17,6.17,12.16,6.7,5.46,9.62,2.32,3.42,1.17,2.25,5.2,6.48,2.98,3.5,
18145,2000-07-12,0.07,98.28,11.58,22.31,15.8,15.8,28.0,16.08,11.92,22.62,3.64,5.21,1.69,3.52,5.25,8.07,2.7,5.37,
12043,2006-06-18,8.79,101.5,17.42,27.53,23.02,23.02,32.18,23.51,8.67,28.38,2.35,3.49,1.39,2.09,3.59,5.87,2.02,3.85,
51075,2001-03-19,0.01,101.86,2.84,4.04,-3.8,-3.67,13.08,-3.37,16.44,4.01,2.11,2.85,1.49,1.36,4.39,6.05,2.48,3.57,
18115,2006-01-23,7.7,99.1,3.43,1.79,-1.64,-1.61,6.88,-0.68,7.56,0.35,2.08,2.86,1.19,1.67,3.4,4.45,1.62,2.83,
53073,2008-02-19,0.02,92.34,2.99,0.22,-5.1,-4.93,3.49,-1.99,5.48,-4.36,1.77,2.58,0.99,1.59,2.55,3.32,1.77,1.55,0.0
48133,2001-10-27,0.0,97.75,5.34,16.56,4.36,4.38,24.98,10.84,14.13,17.11,3.3,6.19,1.36,4.83,4.94,9.47,2.12,7.35,
29183,2000-09-07,0.04,99.58,11.55,24.42,16.11,16.11,32.42,16.46,15.96,25.02,2.67,3.86,2.03,1.83,4.8,6.32,2.74,3.57,
13153,2010-02-11,0.03,100.37,3.52,1.65,-1.18,-1.16,7.61,-3.8,11.41,1.78,3.21,5.05,1.95,3.1,5.39,7.08,4.08,3.0,
26001,2000-12-09,0.14,100.2,2.73,-1.31,-4.4,-4.36,-0.0,-2.81,2.81,4.33,8.0,11.35,6.16,5.19,8.76,12.63,6.76,5.87,
46041,2016-01-31,0.04,93.84,3.27,-0.09,-2.96,-2.93,5.47,-3.4,8.86,-0.58,4.8,6.68,3.49,3.19,7.29,8.4,5.99,2.41,
20089,2004-06-05,5.45,95.28,12.89,22.61,17.08,17.08,30.01,17.33,12.69,23.35,4.42,6.53,2.03,4.5,6.12,8.69,2.16,6.53,
48077,2005-03-31,0.0,97.45,5.57,14.55,4.73,4.76,22.58,7.88,14.71,14.81,4.13,8.53,0.68,7.84,6.13,11.6,1.22,10.38,
13139,2002-10-02,0.02,97.93,13.81,24.21,18.67,18.67,29.78,18.9,10.88,22.69,0.84,1.42,0.24,1.17,1.21,2.13,0.15,1.98,
13017,2006-05-21,0.0,100.45,10.83,26.36,15.24,15.24,34.59,18.4,16.18,27.05,4.58,5.9,2.97,2.93,7.09,7.91,5.95,1.96,
48195,2011-12-06,0.0,91.53,1.37,-5.53,-13.37,-12.94,-1.06,-7.78,6.72,-4.36,2.96,4.21,1.61,2.59,3.9,6.4,1.76,4.64,3.6031
51199,2005-01-12,0.06,102.05,7.4,10.23,9.69,9.69,13.99,7.17,6.82,9.2,3.95,4.91,3.06,1.85,6.46,8.82,4.66,4.16,
34041,2013-03-24,0.14,98.36,3.09,-0.1,-3.11,-3.07,4.52,-4.83,9.35,-0.24,1.85,2.62,1.1,1.52,3.81,5.56,2.59,2.97,
25001,2000-11-09,0.09,101.4,6.7,9.81,8.2,8.2,11.17,8.69,2.48,10.65,3.67,4.84,2.16,2.68,4.14,5.41,2.42,2.99,
41025,2014-08-08,0.15,85.84,6.05,21.69,4.31,4.32,29.94,14.42,15.52,23.72,3.14,5.11,1.02,4.09,4.38,8.65,0.97,7.69,
37137,2010-11-13,0.0,102.0,6.22,10.29,7.05,7.05,16.6,6.58,10.02,11.25,3.78,4.32,2.96,1.36,5.5,6.73,4.18,2.55,
48315,2014-04-14,9.65,100.25,7.61,12.45,8.51,8.51,19.64,4.47,15.17,12.69,4.07,5.35,2.49,2.86,6.94,8.57,5.43,3.13,
50007,2010-10-11,0.0,97.34,5.32,8.03,4.25,4.26,13.57,3.97,9.59,8.16,1.88,2.58,1.19,1.38,3.89,5.24,2.81,2.43,
24033,2014-05-22,2.11,100.49,13.51,22.06,18.7,18.7,27.48,17.19,10.3,21.83,3.01,4.96,2.06,2.9,5.04,8.12,3.53,4.59,
27055,2006-12-02,0.0,98.68,1.37,-8.23,-12.87,-12.49,-6.32,-11.34,5.02,-8.11,6.8,8.8,3.38,5.42,9.1,10.46,6.92,3.54,
47013,2016-09-11,1.07,97.17,9.6,21.28,12.66,12.66,28.87,15.65,13.22,21.34,1.55,2.19,1.05,1.14,3.2,5.09,2.13,2.95,
29023,2000-03-30,4.16,100.11,5.52,10.1,5.18,5.19,17.72,4.7,13.02,10.37,3.6,5.15,2.06,3.09,5.83,7.09,3.62,3.47,
8043,2003-06-01,1.7,77.06,7.54,16.03,5.7,5.71,21.08,11.19,9.89,16.48,3.56,5.81,0.1,5.71,4.64,7.13,0.08,7.05,
16065,2007-09-03,0.04,82.81,6.73,22.59,5.05,5.07,31.19,13.77,17.41,22.66,2.6,3.57,1.47,2.1,3.95,6.38,2.16,4.22,
27037,2005-05-01,0.24,98.14,2.85,3.06,-4.1,-4.02,7.96,-0.58,8.54,3.68,6.42,8.84,3.4,5.44,8.78,11.34,6.55,4.78,
26021,2010-01-10,0.0,100.27,1.79,-8.64,-9.74,-9.7,-6.65,-11.5,4.85,-5.13,7.82,10.22,4.02,6.2,9.52,12.4,5.17,7.23,
31045,2000-11-22,0.07,88.55,2.77,-0.2,-5.74,-5.68,6.86,-3.61,10.47,-1.23,3.4,4.69,2.25,2.45,5.75,7.17,4.02,3.15,
29049,2003-09-04,0.0,98.76,8.0,19.47,10.37,10.37,26.76,11.56,15.21,19.4,2.27,3.87,0.87,2.99,3.7,8.27,1.25,7.02,
31151,2016-05-18,0.0,96.79,6.97,15.33,8.07,8.08,21.56,8.59,12.97,16.31,2.05,3.63,0.89,2.74,3.2,7.78,1.02,6.76,
1019,2001-09-14,0.0,98.26,10.35,22.16,14.24,14.24,29.37,15.83,13.54,22.08,2.31,3.17,1.39,1.78,4.76,6.66,2.13,4.53,
48021,2008-12-09,2.4,99.18,8.99,16.76,10.07,10.09,25.57,2.36,23.21,17.16,7.14,11.69,2.77,8.92,9.69,14.96,3.32,11.64,4.5305
26141,2003-10-05,0.13,99.25,4.45,6.48,2.02,2.04,8.69,4.71,3.98,8.51,7.23,8.63,4.11,4.52,8.62,10.4,4.81,5.59,
28105,2007-11-08,0.0,100.96,3.69,8.24,-0.49,-0.43,17.34,0.08,17.26,7.24,1.81,2.73,0.87,1.86,3.13,6.29,1.32,4.97,
39085,2013-02-10,0.06,99.06,2.95,-2.61,-4.2,-4.17,2.87,-9.46,12.33,-3.32,5.08,8.28,3.7,4.58,7.74,12.35,5.96,6.4,
55135,2008-06-29,0.5,97.71,9.68,16.83,13.13,13.13,21.74,11.51,10.23,17.0,5.62,8.46,2.64,5.82,8.28,10.91,5.12,5.79,
27045,2003-01-28,2.79,97.51,2.04,-7.32,-8.55,-8.48,-3.91,-13.62,9.71,-8.05,4.55,7.23,1.73,5.5,6.72,9.37,2.7,6.67,1.0
48351,2003-04-10,0.0,101.41,5.74,12.86,5.72,5.73,20.03,4.16,15.87,11.28,1.67,2.49,0.93,1.55,2.69,4.12,1.19,2.93,
20009,2007-05-25,0.08,95.31,10.03,16.74,13.09,13.09,22.97,8.92,14.04,17.42,3.33,5.46,1.33,4.13,4.83,8.16,1.79,6.36,
30017,2003-01-19,0.59,91.09,3.0,-0.42,-4.37,-4.33,2.83,-2.44,5.27,-1.61,5.33,8.18,2.0,6.18,7.89,11.82,3.11,8.71,
27009,2010-05-11,11.3,97.58,4.88,5.13,3.11,3.11,7.85,3.01,4.84,5.57,6.2,7.86,3.4,4.45,8.11,10.28,5.67,4.61,0.6412
29099,2005-09-09,0.03,99.1,12.45,27.02,17.2,17.2,35.2,19.6,15.61,27.2,1.11,1.81,0.07,1.74,2.73,5.61,0.08,5.53,
40103,2003-12-02,2.06,98.67,3.76,7.21,-0.52,-0.47,10.42,2.11,8.3,6.98,7.32,9.01,3.45,5.56,10.06,12.12,6.89,5.22,0.0
37185,2008-02-21,1.81,101.59,2.57,1.07,-5.2,-5.05,4.72,-2.66,7.37,1.51,2.86,4.3,1.47,2.83,4.38,6.17,2.09,4.07,
28065,2010-12-13,0.0,100.93,1.51,-2.06,-11.33,-10.85,3.43,-5.37,8.8,-2.05,2.76,3.78,1.31,2.47,5.65,7.39,3.94,3.46,
18075,2014-12-17,0.03,98.77,2.38,-3.34,-6.25,-6.19,-0.68,-5.54,4.86,-3.04,5.23,6.65,2.49,4.16,7.09,8.87,4.45,4.42,
31045,2016-08-30,0.01,89.0,9.87,23.44,11.85,11.85,30.99,16.99,13.99,24.65,3.22,4.97,1.48,3.49,4.83,8.99,1.83,7.16,1.0909000000000002
36001,2003-11-08,0.0,100.19,1.89,-1.59,-9.2,-8.85,2.63,-6.34,8.97,-1.65,2.89,3.96,1.23,2.73,6.03,7.31,2.58,4.73,
37147,2012-10-01,2.06,101.01,12.55,20.46,17.51,17.51,25.64,16.01,9.63,20.59,2.34,3.6,0.82,2.79,3.66,5.78,1.22,4.55,
48133,2016-02-11,0.0,96.76,5.19,13.03,3.68,3.7,22.41,6.48,15.94,12.38,4.08,7.07,1.87,5.2,6.1,11.53,2.47,9.06,
31137,2003-05-09,0.01,92.78,5.67,12.98,4.47,4.48,20.44,5.65,14.79,14.35,4.94,8.47,2.22,6.24,6.82,11.2,3.81,7.39,
40129,2016-01-11,0.06,94.11,2.7,0.65,-5.32,-5.24,8.51,-4.36,12.86,-0.45,3.67,4.6,1.79,2.82,5.43,9.04,2.54,6.5,
26095,2009-09-04,0.02,99.61,9.97,16.47,13.89,13.89,19.22,13.22,6.0,15.58,1.15,2.18,0.29,1.89,1.65,3.24,0.42,2.82,
50001,2009-02-07,0.5,98.08,2.57,-6.48,-6.9,-6.88,1.16,-16.43,17.6,-6.84,4.34,6.17,2.62,3.56,7.22,10.47,4.66,5.82,
18009,2004-11-16,2.4,99.41,5.71,7.41,5.57,5.57,11.38,4.93,6.45,7.03,2.96,3.79,1.93,1.86,5.12,7.52,3.51,4.01,0.0
6091,2012-10-26,0.0,85.74,4.37,6.62,-0.98,-0.94,16.0,-1.27,17.28,4.99,2.05,3.3,0.5,2.8,3.26,5.7,0.73,4.97,
26031,2009-10-31,3.97,96.98,4.65,5.31,2.31,2.32,9.17,3.21,5.96,5.55,7.51,9.72,3.99,5.73,10.89,13.6,6.54,7.06,
35043,2001-07-26,4.32,79.45,10.28,21.2,10.82,10.82,27.5,15.19,12.31,23.0,1.92,3.46,0.83,2.63,2.68,3.97,1.01,2.97,
29171,2015-02-09,0.0,98.9,2.74,-1.62,-4.48,-4.45,2.92,-4.34,7.26,-1.2,3.54,5.08,2.7,2.38,5.38,6.3,4.22,2.08,
36087,2001-11-08,0.02,99.44,4.56,7.12,2.02,2.05,14.62,-0.58,15.2,7.14,1.98,2.91,0.45,2.46,4.24,6.13,0.53,5.61,
13321,2013-11-24,0.0,101.51,2.49,7.3,-5.64,-5.37,12.8,2.24,10.56,7.65,6.12,8.76,3.73,5.03,8.59,10.91,7.29,3.62,
29197,2002-05-25,17.48,98.37,8.45,15.19,11.13,11.13,19.94,11.06,8.88,15.4,3.45,6.03,0.57,5.46,4.78,7.64,1.19,6.46,
19097,2004-12-12,0.12,97.39,3.1,1.25,-3.36,-3.29,5.59,-3.83,9.41,1.06,11.3,14.58,6.58,8.01,14.68,18.49,8.65,9.84,
26091,2009-10-26,0.04,98.77,5.67,10.42,5.33,5.34,17.64,3.7,13.94,10.31,3.59,5.03,2.42,2.61,6.16,7.56,3.79,3.77,
51063,2001-02-19,0.17,97.1,2.97,1.14,-3.93,-3.87,8.81,-4.19,13.0,0.92,2.66,4.88,0.25,4.63,4.92,7.66,0.42,7.24,
48447,2012-05-20,0.13,96.93,11.25,25.25,15.29,15.29,31.46,18.7,12.76,26.72,3.48,4.66,2.3,2.35,5.11,7.75,3.99,3.76,
29105,2007-04-27,3.83,97.71,7.58,12.88,9.29,9.29,19.14,5.83,13.32,13.01,2.47,3.72,1.78,1.94,4.78,6.1,3.04,3.06,
22083,2015-10-09,0.6,101.34,11.45,27.29,16.15,16.15,34.45,21.17,13.28,28.21,2.06,6.33,0.26,6.06,3.32,8.77,0.43,8.35,
1019,2006-12-21,5.49,98.9,8.07,11.11,10.51,10.51,13.45,8.44,5.01,11.1,2.55,2.95,2.21,0.74,4.73,5.89,3.61,2.28,
48037,2016-03-25,0.08,100.38,5.84,10.09,5.93,5.94,17.91,2.77,15.14,10.54,2.2,3.11,1.28,1.83,4.26,7.4,1.58,5.82,
22035,2012-08-08,2.02,100.99,16.3,30.34,21.79,21.79,37.09,23.88,13.21,31.68,2.02,3.84,0.93,2.91,3.54,6.71,1.05,5.66,
4025,2008-01-02,0.0,86.1,2.15,4.33,-9.26,-8.95,12.0,0.18,11.82,2.96,3.86,5.81,2.0,3.81,5.77,8.51,3.12,5.39,
6053,2011-03-29,0.0,97.07,6.91,10.45,7.89,7.89,16.35,4.6,11.75,10.72,3.9,5.7,2.8,2.9,5.52,7.24,4.01,3.23,0.0
27133,2014-07-04,3.25,96.55,11.15,20.24,14.96,14.97,25.9,14.47,11.43,20.25,7.58,9.79,5.2,4.59,10.59,12.73,8.56,4.17,
1023,2007-02-21,5.09,100.87,10.09,15.41,14.24,14.24,20.03,11.49,8.53,15.39,2.32,3.02,1.59,1.43,5.25,6.2,4.25,1.95,
5103,2016-09-30,0.0,100.98,8.59,20.14,11.79,11.79,28.3,12.08,16.21,19.35,1.51,2.07,0.85,1.22,3.16,5.16,1.29,3.88,
17045,2016-06-05,0.31,98.42,11.51,20.05,15.92,15.92,24.59,15.93,8.65,20.19,5.49,7.8,3.37,4.43,8.24,9.75,5.9,3.85,
22077,2011-07-01,1.59,101.16,15.21,31.9,20.64,20.64,39.04,25.23,13.81,33.07,1.79,2.95,0.83,2.13,2.8,4.98,0.94,4.04,
37135,2014-12-16,5.26,99.38,5.75,5.82,5.48,5.48,11.96,0.57,11.39,5.57,2.54,3.84,1.75,2.08,4.83,6.6,2.85,3.75,0.9935
46087,2011-04-18,5.93,95.83,3.89,1.83,-0.39,-0.38,6.45,-3.66,10.11,2.14,3.43,5.11,2.58,2.53,4.99,7.57,3.11,4.47,
21227,2015-08-25,0.05,99.2,9.38,18.48,12.88,12.88,24.3,12.9,11.4,18.61,2.92,4.26,2.09,2.16,4.91,5.87,3.21,2.66,0.0
48247,2012-11-29,0.0,100.26,10.4,18.26,14.6,14.6,24.99,12.01,12.98,18.85,3.22,4.3,2.23,2.07,5.34,7.38,3.65,3.74,
54061,2004-10-19,3.12,96.45,10.52,15.31,14.18,14.18,20.17,11.79,8.38,15.24,1.54,3.1,0.21,2.88,3.56,6.74,0.32,6.42,0.0
29149,2009-03-16,0.0,99.47,6.59,12.1,7.67,7.67,20.69,6.4,14.29,11.82,1.31,2.34,0.31,2.03,2.84,5.81,0.63,5.18,
35031,2003-08-24,1.58,80.02,9.72,21.54,10.09,10.09,28.56,13.99,14.57,23.64,1.97,2.63,1.12,1.51,3.07,5.29,1.42,3.88,
19023,2010-07-17,2.68,97.5,17.01,25.67,21.94,21.94,31.07,19.36,11.71,25.55,3.05,6.09,0.52,5.57,5.13,10.06,0.65,9.41,
1023,2007-10-29,0.0,101.95,7.04,12.92,8.97,8.97,20.54,8.2,12.33,12.9,1.93,2.69,1.43,1.26,4.81,5.91,3.63,2.28,
18039,2006-12-28,0.01,99.29,3.99,2.04,0.51,0.52,7.31,-0.25,7.56,1.43,3.64,5.04,2.42,2.62,5.69,7.16,4.15,3.02,
19023,2007-09-14,0.01,98.34,4.46,8.22,1.9,1.92,13.57,2.84,10.74,8.47,5.58,8.35,2.81,5.55,8.19,10.3,5.38,4.92,
48255,2007-01-07,0.0,101.21,5.13,10.63,4.18,4.2,19.09,4.36,14.72,10.77,4.8,6.26,3.49,2.78,7.26,10.65,4.76,5.89,
48237,2015-07-29,0.02,97.78,15.61,30.09,20.56,20.56,36.14,23.76,12.37,30.99,2.87,5.03,0.61,4.42,4.76,8.78,0.75,8.03,
46129,2007-04-06,0.01,96.55,1.34,-6.92,-13.03,-12.66,-3.39,-10.55,7.16,-5.82,6.5,9.23,3.67,5.56,8.41,10.77,6.19,4.58,
22113,2012-09-09,0.02,101.62,12.51,23.53,17.68,17.68,26.77,20.54,6.24,25.29,5.93,7.36,4.72,2.64,7.47,9.04,5.85,3.2,
28133,2013-06-15,0.0,101.08,13.33,25.76,18.6,18.6,31.5,19.23,12.27,26.06,2.29,2.82,1.48,1.34,3.54,5.0,2.55,2.45,
28105,2013-04-14,10.19,100.02,9.24,14.47,12.74,12.74,19.72,11.7,8.02,14.5,2.91,4.5,2.1,2.39,5.34,6.91,4.27,2.65,
34009,2006-05-15,14.17,100.98,8.86,14.66,12.27,12.27,18.65,11.69,6.96,14.72,5.07,9.18,0.12,9.06,6.61,11.07,0.24,10.83,
39039,2003-04-25,1.75,98.08,4.71,9.28,2.62,2.64,15.39,3.09,12.3,8.98,4.97,6.86,2.82,4.04,7.46,8.75,4.66,4.09,
21019,2003-03-08,0.03,98.24,6.04,8.74,5.64,5.65,16.52,-2.02,18.54,7.9,2.97,4.96,0.26,4.7,5.83,9.76,0.34,9.42,
31089,2003-06-11,5.68,93.49,11.06,20.09,14.29,14.29,26.82,12.08,14.74,20.82,5.39,6.91,3.03,3.88,7.42,9.22,4.75,4.48,
38023,2004-09-27,0.0,95.25,3.99,11.28,-0.09,-0.03,19.06,5.46,13.6,11.82,3.01,5.58,1.26,4.32,5.09,10.02,1.38,8.64,
28155,2016-08-03,1.48,100.17,15.7,30.97,20.95,20.95,38.51,24.35,14.16,31.39,1.7,2.37,0.59,1.78,3.04,5.16,0.9,4.26,
41033,2013-12-09,0.0,94.82,2.48,-3.01,-6.95,-6.83,3.92,-8.04,11.96,-3.72,1.94,2.39,1.24,1.15,3.34,3.86,2.29,1.57,
48371,2007-01-11,0.3,90.35,6.49,13.93,5.82,5.83,21.86,8.57,13.29,13.48,5.02,7.17,3.23,3.94,7.67,10.17,5.19,4.98,
50011,2005-10-21,0.03,98.46,3.83,3.46,-0.17,-0.14,8.77,-0.38,9.15,2.49,1.66,2.45,1.13,1.32,2.73,4.0,1.56,2.44,
47149,2002-10-16,0.17,98.04,6.15,10.18,6.44,6.45,15.51,5.76,9.75,10.54,3.5,5.0,1.77,3.23,5.49,6.34,3.53,2.81,
9001,2012-06-23,1.92,100.03,12.2,22.12,17.03,17.03,27.01,18.34,8.66,22.08,2.49,3.06,1.68,1.38,4.51,5.82,3.28,2.54,
13309,2011-01-26,0.65,100.36,5.17,6.99,4.07,4.08,11.37,0.26,11.1,6.91,5.88,9.83,1.33,8.49,8.95,12.62,2.56,10.05,
18141,2011-03-18,0.0,99.36,4.66,5.65,2.54,2.55,10.05,0.08,9.97,5.48,4.25,6.6,1.41,5.19,5.94,9.43,2.13,7.3,
32015,2002-07-02,0.0,82.05,3.82,26.38,-2.95,-2.81,34.91,18.34,16.57,27.48,2.76,4.08,0.93,3.15,3.89,7.59,1.27,6.33,1.9335
13243,2009-07-01,0.04,99.73,13.78,27.84,18.84,18.84,35.29,19.61,15.68,28.06,2.97,3.89,2.15,1.74,5.03,7.52,2.78,4.74,
48505,2005-01-11,0.0,99.6,10.34,20.53,14.35,14.35,28.52,14.02,14.5,21.01,4.36,7.4,2.31,5.1,6.73,10.98,3.65,7.32,0.0
1025,2009-08-09,9.03,101.3,17.49,27.32,23.03,23.03,32.47,22.81,9.66,27.3,1.18,1.47,0.98,0.49,2.8,3.84,1.85,1.98,
37097,2003-11-23,0.0,98.73,6.5,12.49,7.25,7.26,20.26,7.85,12.41,10.55,2.22,3.3,0.56,2.74,3.69,6.93,0.53,6.4,
31179,2003-01-28,1.06,96.12,3.22,-0.83,-3.0,-2.98,2.62,-6.29,8.9,-1.81,3.56,7.62,0.45,7.17,5.45,9.5,0.65,8.85,2.0
51045,2001-11-20,0.4,94.88,3.62,4.92,-2.31,-2.2,8.53,-1.68,10.21,4.88,2.61,3.8,1.2,2.61,5.24,6.62,3.03,3.58,2.0
26031,2004-03-19,1.57,99.11,3.44,0.54,-1.53,-1.51,4.67,-3.31,7.98,0.62,4.07,7.34,2.54,4.8,6.24,10.25,4.09,6.16,
4017,2013-11-25,0.02,83.04,3.15,-0.69,-4.94,-4.91,7.16,-4.7,11.86,-0.82,3.41,5.17,2.15,3.02,5.06,6.75,2.77,3.98,
19177,2007-07-28,0.01,98.82,14.13,24.87,19.15,19.15,29.68,21.6,8.08,25.69,3.69,4.84,2.58,2.26,5.28,5.77,4.71,1.06,
26079,2004-01-08,0.11,98.88,1.48,-9.82,-12.04,-11.91,-5.94,-14.97,9.03,-9.23,4.42,5.4,3.47,1.93,6.11,6.98,4.95,2.03,
27007,2003-07-16,0.55,96.93,10.53,21.58,14.22,14.22,28.07,15.43,12.64,21.85,3.86,4.68,2.57,2.11,6.1,8.42,3.0,5.42,
46101,2003-10-30,1.14,95.0,3.82,2.23,-0.68,-0.66,7.11,-0.3,7.41,2.55,5.95,7.39,4.79,2.6,7.67,8.94,6.17,2.77,
36005,2003-02-23,16.73,98.79,4.55,2.87,1.54,1.56,7.68,-2.96,10.64,2.09,7.74,11.49,1.95,9.54,11.27,15.22,3.67,11.56,
31123,2006-12-29,1.18,88.7,2.61,-4.16,-6.49,-6.45,-2.04,-8.47,6.43,-4.16,6.14,8.01,2.98,5.03,8.02,9.61,4.21,5.4,
26031,2013-10-08,0.09,98.98,6.38,11.14,7.06,7.06,17.68,4.6,13.08,10.99,3.22,4.19,2.08,2.11,5.26,7.13,2.88,4.25,0.0351
17081,2001-08-15,0.4,99.64,7.94,23.38,10.29,10.3,31.0,16.33,14.66,24.11,3.12,4.76,1.16,3.6,4.78,8.75,1.41,7.34,
1071,2014-12-05,13.07,98.42,9.63,14.09,13.18,13.18,17.41,12.75,4.66,14.01,2.45,3.37,1.77,1.6,4.77,6.38,3.87,2.51,
39165,2013-10-28,0.0,99.27,4.26,8.28,1.34,1.37,16.99,0.84,16.15,7.11,1.99,2.94,0.14,2.8,3.69,7.19,0.18,7.0,
27147,2002-11-17,0.01,97.76,2.46,-2.07,-6.0,-5.93,2.59,-6.24,8.84,-2.22,4.35,5.71,2.53,3.19,6.57,8.69,4.85,3.85,
37047,2002-03-15,0.14,101.6,11.34,18.57,16.17,16.17,24.43,13.53,10.9,18.5,3.76,4.81,2.64,2.18,6.23,7.78,4.3,3.48,
39145,2006-03-02,0.14,97.81,6.75,10.01,6.7,6.71,15.95,0.9,15.05,9.95,4.46,6.7,2.72,3.98,8.02,10.85,5.11,5.75,
40085,2005-02-08,0.33,98.8,5.22,5.63,4.09,4.09,9.77,1.83,7.94,6.46,2.67,5.83,0.28,5.55,3.42,7.61,0.48,7.13,0.0
45089,2011-09-10,0.0,101.1,11.12,25.05,15.65,15.65,32.95,17.74,15.21,25.94,2.06,2.97,1.24,1.73,3.72,6.24,1.55,4.69,
12011,2008-07-29,4.91,101.63,18.43,28.25,23.97,23.97,30.29,26.51,3.77,28.38,3.61,4.38,2.83,1.55,4.63,6.2,3.54,2.66,0.0
48455,2016-02-04,0.0,101.83,3.63,4.33,-0.46,-0.43,11.56,-1.78,13.34,4.23,2.56,3.54,2.03,1.52,4.81,5.62,2.59,3.03,
46089,2015-06-30,6.05,94.89,12.1,20.0,16.12,16.12,24.28,16.37,7.91,20.15,2.28,3.41,1.4,2.02,3.48,6.89,2.03,4.87,0.0
35025,2002-04-18,0.01,88.84,3.38,22.37,-3.26,-3.09,31.3,15.06,16.24,23.32,5.64,8.25,4.13,4.12,8.71,10.08,5.57,4.51,
13235,2008-07-26,3.24,100.4,15.66,29.07,21.05,21.05,35.13,24.05,11.08,29.81,1.32,2.26,0.13,2.12,2.41,4.42,0.24,4.18,
31055,2005-07-10,0.01,97.27,11.8,28.22,15.96,15.96,35.5,20.77,14.74,29.12,5.88,7.97,3.36,4.61,8.26,9.67,5.4,4.27,
17191,2003-02-28,0.22,100.31,3.3,-0.03,-1.96,-1.94,4.62,-4.48,9.1,0.1,1.66,3.25,0.12,3.13,2.24,4.5,0.09,4.4,
44005,2012-06-19,0.0,101.52,10.21,17.83,14.51,14.51,22.38,12.12,10.26,18.03,2.79,3.79,2.14,1.65,4.59,5.62,3.26,2.36,0.0
6069,2016-11-19,8.17,96.69,7.74,11.88,9.55,9.55,17.78,7.2,10.58,11.69,5.06,7.92,2.79,5.14,7.45,9.72,5.69,4.03,
1049,2002-03-12,20.99,97.93,8.49,11.46,11.03,11.03,15.07,8.35,6.71,11.24,1.86,3.01,0.74,2.27,3.83,6.18,1.39,4.79,1.0
20193,2004-06-13,0.47,89.93,5.96,25.38,4.54,4.57,34.43,15.05,19.39,26.99,3.14,5.44,0.56,4.87,4.78,7.57,0.72,6.85,
13235,2009-12-31,2.5,100.73,7.97,10.75,10.33,10.33,16.99,6.86,10.13,10.53,2.78,4.43,0.89,3.54,4.94,6.27,1.69,4.57,
28077,2002-06-27,16.31,100.36,17.04,23.47,22.48,22.48,25.35,22.1,3.25,23.48,1.73,2.01,1.39,0.63,3.8,4.59,2.52,2.07,
24023,2013-06-06,15.19,94.74,11.42,16.43,15.17,15.17,18.21,14.57,3.64,16.43,2.44,3.1,1.95,1.14,4.86,5.71,3.88,1.83,
48479,2002-06-18,0.0,98.96,13.68,32.33,18.64,18.64,40.31,25.44,14.87,34.91,6.18,9.0,4.01,4.98,7.62,11.56,5.14,6.42,3.697
40115,2012-10-05,1.8,98.68,6.14,10.21,6.37,6.38,12.84,5.32,7.52,10.81,5.46,7.08,3.86,3.22,7.29,9.0,6.33,2.66,
41057,2015-02-28,0.05,99.01,4.64,6.42,2.44,2.46,10.4,4.19,6.2,6.39,3.15,3.7,2.33,1.37,4.94,5.77,3.22,2.56,
40079,2003-06-09,0.61,98.15,10.56,22.91,14.2,14.2,30.55,14.96,15.59,22.85,2.08,2.63,1.59,1.04,4.34,5.8,2.45,3.34,
50023,2012-04-16,0.21,97.01,11.19,18.15,15.17,15.17,24.15,11.91,12.24,18.02,3.03,4.07,1.94,2.13,6.22,8.6,3.91,4.69,
27069,2005-05-13,2.32,97.79,4.86,6.19,3.02,3.03,10.57,1.79,8.78,7.19,2.17,4.11,0.07,4.04,2.85,5.49,0.11,5.38,
46085,2016-02-12,0.02,96.6,1.41,-6.15,-13.02,-12.48,-2.51,-10.26,7.76,-4.86,5.12,6.22,4.24,1.98,6.03,7.18,4.92,2.26,
48255,2009-09-04,3.83,100.38,15.75,27.34,21.18,21.18,30.82,24.63,6.19,27.9,2.43,3.57,0.84,2.74,3.71,5.28,1.64,3.63,
39085,2000-09-06,0.0,99.89,6.27,17.47,6.64,6.66,23.42,12.49,10.94,19.02,4.03,5.84,2.14,3.7,5.45,7.7,2.93,4.77,
31141,2010-08-29,0.0,94.78,9.73,25.96,12.65,12.65,31.71,21.22,10.49,25.83,9.71,12.38,8.22,4.16,13.5,16.19,11.08,5.12,
19079,2005-10-23,1.31,98.06,4.0,3.73,0.39,0.4,9.18,-0.44,9.62,3.73,6.13,8.05,3.9,4.14,8.6,9.92,7.66,2.26,
17175,2016-07-07,4.32,98.44,16.83,23.51,21.94,21.94,26.21,20.65,5.55,23.3,2.49,3.71,0.87,2.84,4.18,6.5,0.98,5.52,
13223,2000-06-03,0.28,98.35,12.16,26.7,16.57,16.57,34.49,19.24,15.25,26.91,1.97,2.71,1.36,1.34,3.95,5.18,2.09,3.09,
18121,2004-05-13,6.93,99.12,14.43,21.47,19.59,19.59,24.81,18.73,6.08,21.48,4.67,7.08,2.78,4.3,6.9,8.8,5.07,3.73,
46117,2000-08-02,0.54,94.53,8.3,26.2,10.25,10.25,33.96,18.58,15.38,27.49,4.74,7.6,2.34,5.26,6.73,8.99,4.8,4.19,
53001,2009-03-22,5.84,94.89,4.14,5.05,0.4,0.42,10.53,1.28,9.24,4.46,3.58,5.89,0.53,5.36,5.04,8.47,0.73,7.74,
47045,2004-05-10,11.2,100.62,13.6,21.69,18.84,18.84,25.68,17.64,8.04,21.61,3.27,4.3,2.08,2.21,5.36,7.72,2.97,4.74,
45021,2004-09-09,0.2,97.56,13.93,22.57,18.74,18.74,28.09,18.33,9.77,22.68,1.87,2.86,1.19,1.68,3.59,5.34,1.91,3.43,
13051,2003-05-05,1.15,101.55,16.22,24.33,21.85,21.85,27.24,21.3,5.94,24.53,3.67,5.48,2.69,2.8,5.74,8.1,4.53,3.57,
47187,2005-04-17,0.0,99.72,8.23,16.07,10.84,10.84,22.93,8.56,14.37,15.47,2.76,3.17,1.95,1.22,4.67,6.54,3.29,3.25,
21123,2004-06-21,0.85,98.68,12.9,22.07,17.6,17.6,27.13,16.26,10.87,22.13,2.58,3.85,1.67,2.18,4.53,7.08,2.37,4.71,
13083,2005-10-01,0.01,98.23,12.46,22.47,17.09,17.09,29.87,16.73,13.13,22.57,2.09,2.62,1.6,1.02,4.29,5.29,3.32,1.97,
40091,2002-05-20,0.2,99.68,9.0,17.08,12.28,12.28,23.0,10.63,12.36,17.79,2.2,2.84,1.74,1.1,3.52,5.78,2.04,3.74,
32029,2016-11-09,0.0,83.07,5.42,12.04,2.22,2.23,19.84,6.82,13.02,9.71,1.37,2.23,0.1,2.14,1.96,3.23,0.29,2.94,
36063,2003-07-08,0.75,99.48,11.3,20.13,15.46,15.46,23.51,17.15,6.36,17.2,4.69,6.49,2.45,4.05,7.43,10.4,3.63,6.78,0.0
21089,2007-05-25,0.11,99.44,11.23,23.33,15.67,15.67,29.87,17.16,12.71,23.0,1.51,1.81,1.09,0.72,3.22,4.74,2.01,2.73,
21089,2002-12-26,0.05,99.59,2.5,-3.28,-5.53,-5.49,0.36,-5.67,6.04,-3.69,2.08,3.27,1.27,2.0,3.8,5.82,2.3,3.52,
21205,2004-12-25,0.02,98.93,1.63,-7.7,-10.93,-10.81,-0.08,-14.52,14.43,-9.12,1.43,2.06,0.44,1.63,2.7,5.26,0.89,4.36,
31165,2001-01-30,0.11,85.8,2.22,-1.96,-8.76,-8.62,-0.13,-6.87,6.74,-2.48,10.97,14.46,4.98,9.48,14.44,18.0,8.29,9.7,0.8698
29143,2015-08-13,0.0,100.67,13.7,23.83,19.0,19.0,28.88,19.01,9.87,23.87,2.31,3.03,1.5,1.53,3.53,5.31,2.38,2.93,
45067,2002-01-01,0.03,101.76,2.29,1.51,-6.47,-6.29,7.88,-2.21,10.08,1.87,3.92,6.07,2.65,3.41,6.23,7.29,5.24,2.05,3.9075
27041,2008-02-12,0.03,97.2,0.99,-13.95,-16.31,-16.06,-8.58,-18.22,9.65,-13.99,3.69,4.9,2.11,2.79,5.17,8.02,3.13,4.88,1.3018
13017,2008-01-05,0.0,101.98,5.34,6.37,4.13,4.14,15.36,-1.82,17.18,6.09,2.37,3.13,1.11,2.02,4.13,6.48,1.82,4.66,
12005,2009-02-04,0.0,102.84,2.96,2.62,-3.52,-3.41,6.7,-1.41,8.11,6.78,6.48,8.28,4.33,3.95,8.4,10.73,6.42,4.31,
39107,2008-01-18,0.02,98.63,1.74,-5.5,-10.02,-9.83,-1.34,-10.15,8.81,-5.25,7.09,10.23,4.05,6.19,9.26,12.74,7.43,5.32,
48267,2000-10-12,0.91,94.98,11.69,18.53,15.52,15.52,25.48,13.16,12.33,19.02,6.18,8.34,4.46,3.87,8.42,10.04,6.25,3.79,
28037,2011-11-08,8.36,100.6,12.47,19.31,17.44,17.44,25.43,14.47,10.95,19.32,2.24,3.02,1.58,1.44,4.73,5.47,3.73,1.74,2.0
35023,2007-09-08,0.0,85.26,10.03,24.73,11.57,11.57,33.29,17.45,15.84,25.93,2.48,3.63,0.97,2.66,3.87,6.64,1.21,5.43,
31139,2008-06-14,0.0,95.21,9.08,20.48,11.65,11.65,28.35,11.81,16.54,20.35,2.92,3.96,1.23,2.72,5.07,8.56,1.58,6.98,
31149,2013-05-23,0.01,94.05,6.08,14.27,5.67,5.68,21.52,7.12,14.4,15.61,5.98,8.26,3.47,4.78,7.96,9.86,4.67,5.19,
54085,2002-04-07,0.0,99.08,3.82,5.57,-0.82,-0.76,15.18,-4.52,19.7,5.56,2.13,2.78,1.41,1.37,4.84,7.47,2.51,4.96,
19083,2004-06-23,2.11,97.52,10.43,19.5,14.18,14.18,25.97,12.92,13.05,19.49,4.99,6.64,2.88,3.77,7.54,9.48,4.9,4.58,
30015,2006-01-01,0.86,88.15,3.69,1.05,-2.25,-2.23,5.39,-2.55,7.94,-0.14,6.09,9.65,3.41,6.25,9.6,12.03,6.33,5.7,
37139,2013-09-18,0.0,102.25,8.52,19.51,11.89,11.89,24.29,16.35,7.95,20.71,3.39,4.11,2.0,2.11,4.95,6.2,2.96,3.24,
48215,2015-11-30,0.2,101.02,8.77,14.44,12.14,12.14,18.07,11.9,6.17,15.45,2.27,3.77,1.14,2.63,2.74,4.76,1.01,3.75,
26145,2009-01-10,3.49,99.23,1.95,-6.47,-8.57,-8.5,-3.86,-9.36,5.5,-6.73,4.42,6.61,3.02,3.59,6.25,8.16,4.53,3.63,
5059,2003-04-12,0.02,100.32,6.95,17.03,8.44,8.45,28.45,6.96,21.49,15.93,1.73,2.83,0.7,2.13,3.27,6.5,1.06,5.44,
13131,2013-12-19,0.0,101.77,4.82,8.34,3.12,3.14,17.49,0.15,17.34,7.26,2.09,2.7,1.19,1.51,3.88,5.98,2.17,3.81,
42055,2006-03-09,0.11,97.77,6.09,8.05,5.93,5.93,15.53,0.77,14.76,7.92,3.24,4.67,1.68,2.99,5.97,7.82,3.75,4.07,
48227,2000-09-09,0.0,92.52,9.5,29.02,11.87,11.87,36.43,21.51,14.92,31.4,3.9,6.67,1.25,5.41,5.65,9.1,1.23,7.87,
20193,2014-01-11,0.0,89.71,2.88,3.39,-5.11,-5.02,11.37,-0.22,11.59,2.41,5.44,7.87,2.38,5.49,8.98,12.32,3.94,8.38,
39001,2009-05-24,0.45,98.47,13.77,20.78,18.73,18.73,23.79,17.95,5.84,20.72,1.21,1.79,0.26,1.53,2.74,4.14,0.42,3.72,
53027,2012-01-19,11.3,97.07,3.51,-1.36,-1.58,-1.58,0.18,-3.55,3.73,-0.84,2.2,3.19,1.4,1.79,3.64,5.08,2.57,2.5,
29049,2001-04-14,10.95,98.03,7.13,14.11,8.17,8.18,21.04,5.71,15.33,14.41,4.79,7.49,1.99,5.5,7.0,11.15,3.19,7.96,
4025,2006-02-11,0.0,86.31,1.08,4.9,-16.54,-15.11,14.99,-1.47,16.46,5.37,6.65,9.22,3.48,5.74,9.07,10.69,6.3,4.39,
37005,2009-10-14,13.9,94.98,6.71,8.32,7.21,7.21,10.9,5.44,5.46,8.35,2.12,2.95,1.39,1.56,3.72,4.97,2.75,2.22,
28095,2008-04-09,0.0,100.35,11.35,18.88,15.99,16.0,24.47,14.04,10.43,18.88,2.46,3.22,1.47,1.75,4.97,6.67,2.65,4.03,
55003,2016-03-24,0.92,98.38,2.8,-0.76,-4.3,-4.26,2.32,-2.81,5.12,-1.04,4.46,5.75,1.46,4.3,6.22,7.81,1.82,5.99,
18025,2013-04-28,4.92,98.82,9.11,14.37,12.39,12.39,17.27,11.4,5.88,14.49,3.31,4.87,1.63,3.24,5.74,8.24,3.87,4.38,
21199,2010-09-22,0.58,98.31,12.45,25.52,17.04,17.04,32.91,19.73,13.18,25.38,2.62,3.95,1.75,2.21,4.94,6.0,3.17,2.83,
5105,2008-07-09,10.39,99.81,16.63,26.16,21.97,21.97,29.68,22.62,7.06,26.07,1.41,2.12,0.23,1.89,2.46,3.55,0.48,3.06,
47163,2015-10-22,0.0,94.75,6.56,14.35,6.78,6.79,22.88,6.07,16.81,12.37,1.62,2.35,0.78,1.58,2.54,3.78,1.29,2.49,
40107,2006-12-24,7.22,99.02,4.3,2.88,1.42,1.43,6.96,-0.68,7.64,2.44,2.36,4.97,0.92,4.05,3.73,6.65,1.06,5.59,
17091,2006-11-22,0.01,100.17,3.4,2.59,-1.54,-1.52,10.79,-2.37,13.16,2.14,4.17,5.71,3.57,2.15,7.0,8.06,4.56,3.5,
5013,2001-09-01,15.59,100.3,17.21,23.26,22.63,22.63,24.77,21.44,3.34,23.28,1.45,1.94,0.87,1.07,3.26,3.98,2.42,1.55,
31135,2001-05-03,4.79,90.25,5.33,8.41,3.18,3.19,13.54,4.13,9.41,9.92,5.32,7.28,2.66,4.61,6.72,8.78,4.69,4.09,
53059,2000-02-08,15.36,90.76,4.41,0.68,0.61,0.61,1.42,-0.54,1.97,0.61,1.91,2.55,1.42,1.13,4.61,6.1,3.27,2.83,0.0
48065,2004-08-25,0.02,90.29,7.95,26.84,8.91,8.92,34.94,20.11,14.83,27.73,5.42,7.54,3.33,4.2,8.06,10.27,5.64,4.63,
54087,2007-12-15,2.22,97.99,3.84,2.07,-0.23,-0.22,7.17,-1.45,8.62,2.1,2.64,4.03,1.35,2.68,5.02,7.63,2.76,4.86,
8101,2014-08-30,0.16,84.04,8.42,23.73,8.58,8.59,32.73,14.56,18.17,24.9,1.94,4.08,0.48,3.6,2.93,7.3,1.17,6.13,
17005,2010-01-04,0.01,100.93,1.11,-12.4,-14.55,-14.37,-7.99,-15.63,7.65,-11.71,5.84,7.5,4.16,3.34,7.17,8.88,5.29,3.59,
13271,2003-09-10,0.1,101.1,13.84,22.29,19.24,19.24,26.76,18.48,8.28,22.52,3.17,4.36,2.26,2.1,5.22,5.94,4.61,1.32,
30101,2007-04-26,0.02,89.31,3.96,9.63,-1.11,-1.05,16.23,4.21,12.02,10.68,7.1,9.35,5.16,4.19,9.61,11.31,8.79,2.52,
36105,2006-12-03,0.0,97.57,2.89,-1.43,-4.01,-3.98,4.56,-4.68,9.24,-1.46,1.72,2.67,0.74,1.93,3.85,5.61,1.13,4.49,
8103,2002-10-06,0.0,79.48,4.37,8.9,-1.28,-1.25,17.52,0.86,16.66,8.21,1.83,2.96,0.66,2.3,2.43,3.5,0.88,2.62,
22057,2004-10-03,0.71,101.98,17.49,27.45,23.18,23.18,29.07,25.95,3.12,27.62,2.48,3.27,0.89,2.38,2.83,3.81,0.96,2.85,
27019,2002-09-18,5.26,96.76,12.9,20.35,17.37,17.37,25.7,16.06,9.63,20.41,5.49,7.46,3.49,3.97,7.92,9.51,6.0,3.51,
5111,2004-02-17,0.04,102.09,3.69,4.36,-0.29,-0.26,11.57,-0.81,12.38,4.05,2.35,3.4,0.13,3.27,3.63,6.35,0.15,6.2,0.0
29143,2011-12-02,0.0,101.61,4.61,5.35,2.78,2.78,11.21,0.54,10.66,4.69,2.44,3.38,1.08,2.3,4.19,7.48,1.49,5.99,
48239,2013-03-12,0.0,101.79,5.17,15.04,4.18,4.21,24.47,7.74,16.73,15.76,2.92,4.62,1.93,2.69,4.41,8.08,2.13,5.95,1.151
47055,2012-05-23,0.0,98.37,9.22,19.7,12.47,12.46,26.33,11.82,14.52,19.1,1.74,2.49,1.24,1.25,2.77,4.82,1.8,3.02,
22019,2013-06-17,1.28,101.25,17.91,28.2,23.43,23.43,32.57,24.48,8.09,28.8,3.45,4.67,2.46,2.21,5.25,6.24,3.91,2.33,
40121,2015-08-07,0.0,98.2,17.98,28.76,22.91,22.91,34.67,23.05,11.62,28.42,3.21,4.51,1.9,2.6,5.54,6.65,3.79,2.85,
5019,2008-01-23,0.0,100.44,3.0,-0.42,-3.24,-3.21,5.01,-4.52,9.53,-0.34,1.23,1.68,0.62,1.06,2.73,4.4,0.89,3.51,
22125,2016-08-17,9.37,101.45,18.66,27.6,24.1,24.1,32.51,23.26,9.25,27.41,1.57,2.59,0.68,1.91,2.91,4.56,1.13,3.43,
27135,2008-08-09,0.0,97.58,8.27,21.47,10.48,10.49,27.35,15.61,11.74,21.89,3.42,4.91,1.48,3.43,5.0,7.6,2.28,5.32,
36019,2012-04-24,2.26,96.32,4.46,4.09,1.62,1.63,6.83,2.03,4.8,4.41,3.59,4.94,2.42,2.52,6.61,8.67,4.9,3.76,0.2797
5103,2012-08-08,3.83,100.45,16.87,30.04,22.29,22.29,37.09,24.41,12.67,29.99,0.94,1.39,0.37,1.02,2.17,3.83,0.58,3.25,
47099,2013-03-14,0.38,99.84,3.21,3.43,-2.57,-2.51,11.62,-4.74,16.36,3.46,1.57,2.7,0.51,2.19,2.87,6.24,0.78,5.46,
21203,2005-02-13,14.92,97.52,5.84,5.93,5.59,5.59,7.97,1.99,5.98,5.79,3.66,6.0,2.12,3.88,6.38,9.91,3.66,6.24,
19167,2006-12-29,5.93,97.49,3.88,0.63,-0.09,-0.09,1.6,0.11,1.48,0.39,3.72,5.59,1.22,4.37,5.38,7.31,1.49,5.82,
31091,2004-09-26,0.0,90.21,7.95,18.48,8.98,8.99,25.53,11.75,13.78,18.61,6.53,9.82,4.13,5.69,9.64,12.48,6.14,6.34,
24035,2008-02-14,1.94,101.29,2.62,-1.17,-4.78,-4.73,2.91,-4.4,7.3,-1.28,5.89,9.48,1.68,7.8,7.97,12.44,2.48,9.96,
22123,2005-03-30,0.26,100.43,12.7,19.9,17.64,17.64,25.33,14.45,10.89,19.91,5.31,7.54,2.9,4.64,8.26,9.54,6.57,2.97,
26157,2005-05-01,0.51,98.5,4.03,5.41,0.53,0.55,8.72,1.26,7.46,5.69,5.66,7.3,3.93,3.37,7.86,9.05,6.03,3.02,
39073,2006-11-09,0.02,97.83,8.05,11.7,10.3,10.3,18.86,7.61,11.24,11.64,1.82,2.7,1.34,1.35,4.08,5.43,2.55,2.88,
26079,2002-12-13,0.21,97.83,4.03,1.16,0.47,0.47,3.58,-0.76,4.34,1.13,2.52,4.49,0.64,3.85,4.09,6.72,0.69,6.03,
47189,2006-06-18,14.97,99.09,14.35,23.92,19.35,19.35,29.08,19.07,10.01,23.94,3.95,5.71,2.43,3.28,6.39,7.67,4.37,3.29,
21203,2007-07-18,3.45,97.7,14.89,26.12,19.86,19.86,30.86,21.04,9.82,26.29,2.12,2.67,1.48,1.19,4.12,5.01,2.81,2.2,
18165,2005-01-29,5.22,99.73,3.13,-1.73,-2.73,-2.72,1.68,-4.76,6.44,-1.89,2.81,4.0,0.37,3.63,4.46,6.7,0.41,6.28,
1109,2016-11-17,0.0,100.54,4.28,17.5,1.58,1.64,28.45,8.26,20.2,15.6,1.57,2.37,0.71,1.65,2.59,4.18,1.03,3.15,
20181,2009-03-08,0.0,88.37,2.56,7.03,-6.86,-6.62,16.35,-2.48,18.83,7.57,5.16,9.04,2.04,7.0,7.82,13.54,2.56,10.98,
48383,2008-03-27,0.0,91.81,3.82,19.75,-2.16,-1.95,30.41,10.11,20.29,19.26,4.58,7.55,2.9,4.64,6.71,9.09,5.02,4.07,
38089,2001-03-03,0.05,92.21,3.22,1.07,-3.35,-3.32,9.34,-3.95,13.29,1.1,4.31,6.67,2.37,4.31,6.27,7.9,2.99,4.91,
32033,2015-12-28,0.38,78.41,1.63,-9.97,-13.56,-13.36,-5.07,-15.24,10.17,-11.44,2.25,2.97,1.77,1.2,2.89,4.04,2.41,1.63,
12087,2000-12-26,0.06,102.21,9.46,19.71,13.43,13.44,22.56,17.66,4.9,20.24,7.42,9.09,5.4,3.68,9.59,10.95,8.2,2.75,0.6759999999999999
49017,2005-03-24,0.36,80.92,3.8,3.2,-2.97,-2.93,8.77,-1.48,10.26,4.55,2.16,3.28,0.62,2.67,3.13,5.28,1.03,4.24,
31135,2002-10-04,0.05,89.64,4.6,10.77,1.0,1.03,17.39,5.6,11.8,11.49,6.17,9.5,2.39,7.11,8.75,12.56,3.66,8.9,
37047,2009-02-20,0.0,101.77,2.5,2.4,-5.46,-5.3,7.95,-3.34,11.29,2.96,3.86,5.16,1.35,3.81,5.61,7.91,1.77,6.14,
18119,2016-08-31,3.67,99.11,16.13,24.25,21.31,21.31,28.8,19.07,9.73,24.23,2.5,3.8,0.34,3.46,3.88,6.06,0.56,5.5,
38091,2010-04-23,0.1,96.14,5.9,13.86,5.42,5.43,22.36,3.94,18.42,14.3,4.86,6.57,2.75,3.81,7.44,9.22,5.39,3.83,
28153,2003-09-30,0.0,101.28,7.2,14.76,9.08,9.08,22.57,8.65,13.91,14.77,1.88,2.44,1.32,1.13,4.38,5.88,2.87,3.01,0.0
47137,2015-10-29,0.4,97.55,6.83,11.92,7.56,7.57,16.87,4.56,12.3,11.71,2.67,4.19,1.62,2.57,5.11,6.54,3.42,3.13,
55065,2005-03-27,0.0,98.02,3.42,5.7,-1.83,-1.78,13.0,0.2,12.8,4.56,1.27,3.31,0.13,3.18,1.74,5.59,0.17,5.42,
36045,2012-04-08,0.02,99.51,4.27,5.08,1.46,1.47,9.21,0.04,9.17,4.88,4.0,8.5,1.7,6.79,5.99,11.91,2.09,9.82,
17177,2011-09-21,0.01,98.42,7.04,15.14,8.47,8.48,20.11,10.67,9.44,15.39,5.9,8.94,3.31,5.63,8.78,11.19,6.83,4.36,
48253,2002-09-26,0.0,94.92,8.12,23.23,10.0,10.0,31.39,14.74,16.65,22.89,2.54,4.43,0.71,3.73,3.4,5.11,1.0,4.11,
35035,2007-07-04,3.03,83.26,11.43,23.51,13.13,13.13,29.13,18.84,10.29,25.2,4.66,6.27,2.95,3.32,6.21,7.64,4.79,2.85,
29109,2008-07-27,1.11,97.27,17.96,26.81,22.8,22.8,31.25,22.02,9.22,26.63,2.6,3.25,1.69,1.56,4.06,7.17,2.79,4.38,
38027,2009-12-20,0.25,96.17,1.86,-8.36,-9.55,-9.52,-3.42,-11.97,8.55,-8.56,4.04,5.28,2.47,2.82,5.63,7.51,3.57,3.94,
8115,2003-05-25,0.01,88.84,8.55,17.52,9.84,9.84,22.92,11.86,11.07,19.05,6.02,7.67,4.45,3.22,7.58,10.29,5.54,4.75,
29001,2009-09-26,4.67,98.17,9.46,15.84,12.85,12.85,19.31,11.95,7.35,15.62,2.36,3.85,1.22,2.63,3.53,4.74,2.18,2.56,
21015,2013-07-08,0.3,99.14,15.58,23.7,20.74,20.74,28.25,18.17,10.08,23.65,1.74,2.11,1.29,0.81,3.93,5.24,2.0,3.24,
56033,2002-04-16,1.38,84.24,3.49,2.94,-3.52,-3.47,7.05,-1.31,8.35,3.84,4.69,7.16,0.63,6.54,5.96,8.49,0.85,7.64,3.9311
42027,2014-06-21,1.79,96.89,10.17,17.54,13.65,13.65,21.92,13.08,8.84,17.18,0.78,1.23,0.14,1.09,1.58,3.43,0.29,3.14,
38079,2001-01-08,0.07,95.78,1.4,-12.76,-13.19,-13.17,-8.35,-18.06,9.71,-12.99,3.39,4.99,0.26,4.73,4.79,7.62,0.39,7.22,
48269,2007-06-14,1.57,94.55,11.84,24.1,15.69,15.69,29.64,18.05,11.58,25.25,3.63,6.31,1.66,4.65,5.02,7.85,2.44,5.4,
27121,2011-09-18,5.89,96.91,8.32,12.94,10.68,10.68,18.3,9.68,8.63,12.46,3.41,6.22,0.16,6.06,4.75,9.1,0.3,8.8,
39043,2012-10-21,0.12,99.59,6.2,10.73,6.79,6.8,15.02,7.27,7.76,11.27,3.96,5.68,2.33,3.35,5.27,7.82,3.6,4.22,
46103,2010-02-23,0.01,91.72,1.7,-6.1,-11.03,-10.85,-0.24,-10.51,10.28,-4.88,3.2,7.0,1.52,5.49,4.53,9.45,1.49,7.96,0.0
40113,2003-03-15,0.0,97.73,7.65,15.11,9.52,9.52,24.75,6.85,17.9,15.3,5.52,6.57,4.49,2.08,8.42,10.23,6.79,3.43,
18181,2003-09-12,0.31,98.97,11.93,20.5,16.29,16.29,27.12,13.2,13.92,20.63,4.46,5.43,2.88,2.55,6.83,8.04,5.06,2.98,
39109,2014-02-18,0.89,97.87,3.51,0.26,-1.51,-1.5,3.42,-4.5,7.92,-0.56,6.86,12.21,3.93,8.28,10.32,16.27,5.31,10.97,0.0
17087,2007-12-23,0.29,100.15,2.95,1.24,-3.71,-3.63,8.91,-2.74,11.65,1.09,7.19,11.55,4.18,7.37,10.4,15.7,7.74,7.97,
47087,2007-07-11,5.52,98.02,14.07,24.23,18.66,18.66,30.31,17.63,12.68,24.49,2.88,4.66,1.68,2.98,5.37,7.2,3.65,3.55,
36113,2008-12-03,0.0,97.06,2.49,-4.97,-6.05,-6.04,-0.49,-9.45,8.96,-5.4,2.08,2.41,1.7,0.71,4.12,5.07,3.16,1.91,
20129,2016-04-16,30.67,89.1,8.01,11.89,8.47,8.48,17.88,3.52,14.36,12.38,4.64,8.82,0.54,8.27,6.17,11.48,1.32,10.16,
36017,2013-11-22,5.34,96.68,5.2,3.92,3.72,3.72,7.42,1.16,6.26,3.91,2.17,4.3,1.39,2.91,4.71,7.93,3.21,4.71,
30043,2007-10-29,0.29,82.84,4.5,4.86,-0.38,-0.37,14.43,-1.23,15.67,4.18,2.86,4.03,2.21,1.83,5.23,6.48,3.49,3.0,
48083,2015-09-02,0.0,95.85,12.67,27.78,16.96,16.96,34.82,21.33,13.49,29.73,3.76,4.89,2.44,2.45,5.57,8.37,3.02,5.35,
29109,2007-01-12,24.85,98.13,4.27,1.65,-0.14,-0.12,12.14,-5.76,17.89,2.03,4.99,6.49,1.85,4.64,6.06,8.24,2.22,6.02,
17159,2000-11-29,0.27,100.2,3.38,1.59,-1.63,-1.61,7.01,-2.51,9.51,1.28,6.67,10.44,3.44,7.0,9.67,13.16,7.07,6.09,
48231,2007-09-25,0.97,99.55,15.16,24.68,20.45,20.45,30.29,19.64,10.65,25.01,2.99,4.25,1.92,2.33,4.87,7.73,2.11,5.61,0.0
8021,2003-03-09,0.0,73.28,2.64,-3.67,-9.23,-9.14,4.92,-10.48,15.4,-3.91,3.81,5.13,2.89,2.24,6.57,7.3,4.42,2.88,
51595,2014-05-01,4.3,100.11,12.99,21.16,18.01,18.01,25.68,15.74,9.94,21.09,3.4,4.74,2.11,2.63,6.66,8.49,4.57,3.92,
28071,2006-01-16,16.42,99.38,8.44,11.94,10.96,10.96,16.0,6.29,9.71,11.71,4.06,4.68,3.47,1.2,6.94,7.99,5.86,2.13,
31133,2012-09-19,0.01,96.78,6.28,19.71,6.52,6.53,32.88,10.83,22.05,19.82,5.56,7.49,3.52,3.96,8.51,10.5,6.59,3.91,
48341,2000-10-07,1.7,91.44,2.72,5.5,-5.53,-5.4,11.16,0.76,10.39,7.36,4.17,5.85,2.42,3.43,5.21,7.08,3.87,3.2,
55001,2008-09-20,0.04,98.59,11.1,19.52,15.38,15.38,25.6,13.44,12.16,19.19,2.98,4.42,0.87,3.55,4.7,7.78,1.32,6.47,
20053,2015-08-25,0.0,96.17,8.89,22.9,11.59,11.59,31.79,14.38,17.4,23.72,3.0,4.07,1.4,2.68,4.99,7.42,1.63,5.78,0.0
51173,2012-11-14,0.01,93.69,2.83,0.37,-4.84,-4.77,8.34,-5.58,13.92,0.31,1.49,1.9,0.88,1.02,3.22,4.39,1.33,3.07,
1091,2008-09-18,0.21,101.1,13.35,22.04,18.65,18.65,27.89,16.72,11.17,22.11,1.59,2.02,1.22,0.8,3.69,4.63,2.68,1.95,
48247,2007-01-18,1.15,100.86,4.32,4.5,1.79,1.8,6.08,2.57,3.51,5.34,2.69,3.72,1.97,1.75,3.14,4.68,2.15,2.54,
29149,2006-08-31,0.0,98.87,11.88,21.7,16.48,16.48,28.1,16.09,12.02,21.76,1.59,2.15,1.21,0.94,3.72,4.72,2.74,1.98,
51111,2012-08-08,9.21,100.1,16.08,26.26,21.41,21.41,32.13,21.86,10.27,26.35,1.14,1.6,0.2,1.4,2.68,4.85,0.29,4.56,
46091,2003-02-17,1.41,95.29,2.64,-2.73,-5.83,-5.76,4.02,-6.66,10.68,-3.08,8.45,11.89,4.78,7.1,11.05,15.24,7.04,8.2,
16053,2013-07-05,1.6,86.06,8.02,25.79,8.33,8.34,32.7,19.29,13.41,27.72,3.67,5.93,1.09,4.84,5.06,6.94,1.89,5.05,
55137,2016-03-04,3.25,98.32,2.73,-2.08,-4.7,-4.66,1.82,-7.52,9.34,-2.11,4.04,6.06,1.71,4.35,5.44,8.24,2.75,5.49,
48337,2007-04-03,0.13,98.04,10.56,19.86,14.01,14.01,26.11,10.96,15.16,19.89,6.49,7.67,4.55,3.12,9.11,10.94,5.27,5.67,0.0
20039,2002-09-25,0.05,92.46,5.96,18.5,5.13,5.14,26.36,10.33,16.03,19.79,5.04,8.35,0.84,7.51,6.72,11.89,0.94,10.95,
19115,2008-06-18,0.17,98.95,10.29,19.95,14.18,14.18,26.19,13.0,13.19,19.56,3.64,4.69,2.29,2.4,5.75,7.75,4.02,3.73,
8083,2013-03-17,0.17,80.18,3.45,7.04,-4.72,-4.59,14.32,0.68,13.64,6.91,5.15,9.29,0.56,8.73,7.44,11.73,0.71,11.02,
17127,2008-12-04,0.21,101.32,2.04,-2.57,-7.83,-7.68,1.71,-5.61,7.32,-2.3,4.68,7.53,2.71,4.82,6.86,10.17,5.33,4.84,
17159,2008-03-07,0.94,100.02,2.62,-1.72,-4.93,-4.88,1.11,-4.79,5.9,-1.75,8.78,11.07,5.1,5.98,11.41,13.73,7.21,6.52,
46023,2003-05-23,1.25,95.99,6.61,15.65,7.04,7.05,21.58,9.12,12.46,16.29,4.6,6.33,2.97,3.36,6.49,7.99,4.98,3.01,
19185,2002-03-21,0.18,99.99,1.14,-5.67,-14.88,-13.99,-1.9,-8.43,6.53,-4.42,10.16,12.2,5.66,6.54,12.57,15.26,7.35,7.9,
42029,2006-12-20,0.0,102.11,3.23,0.78,-1.96,-1.94,6.88,-3.38,10.26,0.7,2.45,3.26,1.54,1.72,4.6,6.75,1.84,4.91,
24005,2001-09-04,2.49,100.2,13.12,23.92,18.21,18.21,30.31,17.77,12.54,24.56,3.0,3.6,1.5,2.1,4.76,6.61,2.76,3.85,0.3914999999999999
21051,2003-04-23,0.0,97.48,5.1,9.15,3.62,3.63,17.11,2.24,14.87,9.08,1.76,2.31,1.01,1.3,3.52,5.73,1.66,4.08,
42033,2006-01-24,1.95,94.57,3.27,-1.68,-2.95,-2.94,1.91,-6.01,7.92,-2.1,3.35,4.66,2.01,2.66,5.95,8.62,3.36,5.26,0.0
30063,2016-07-20,0.04,85.07,8.13,17.22,8.41,8.41,23.45,11.2,12.24,15.84,1.72,2.94,0.25,2.69,2.78,4.78,0.5,4.27,
26051,2006-07-20,3.46,98.84,14.23,23.12,19.25,19.25,27.63,18.64,9.0,23.08,3.63,4.5,2.17,2.34,5.79,6.89,4.84,2.05,
29031,2000-05-31,0.31,100.09,13.01,23.35,18.06,18.06,29.8,17.05,12.75,23.33,3.17,4.43,2.41,2.02,5.28,6.58,3.51,3.08,
12121,2005-12-17,63.24,102.0,5.96,8.28,6.35,6.36,10.23,5.72,4.51,8.36,2.81,3.46,1.83,1.62,4.62,5.73,3.77,1.96,
16037,2012-04-14,0.05,76.04,3.05,-0.26,-6.41,-6.35,5.14,-4.91,10.05,0.01,2.85,3.83,1.46,2.37,4.26,6.25,2.25,4.0,
28065,2006-06-18,3.05,100.4,15.73,27.43,21.12,21.12,33.03,22.02,11.01,27.38,1.31,2.43,0.51,1.92,2.93,4.3,1.4,2.9,
6079,2015-08-13,0.0,96.91,8.0,22.43,9.67,9.68,31.42,15.45,15.98,24.07,3.36,6.17,2.04,4.13,4.42,6.9,2.21,4.69,
19081,2000-11-08,0.22,96.98,2.36,-2.65,-6.57,-6.5,0.22,-4.5,4.72,-2.15,4.27,6.74,1.56,5.18,5.79,9.14,3.11,6.04,
41031,2013-05-30,0.38,91.36,5.09,9.11,2.69,2.7,15.77,2.88,12.89,10.77,2.62,4.15,1.68,2.47,3.7,4.92,2.47,2.45,
18065,2000-09-23,11.92,97.67,14.96,21.86,19.85,19.85,26.74,15.87,10.87,21.92,4.92,6.15,2.82,3.33,7.1,9.73,4.96,4.77,
48249,2013-12-15,0.0,101.67,3.68,8.18,-0.31,-0.25,16.25,1.94,14.31,8.13,2.64,3.79,1.66,2.13,4.19,7.12,2.56,4.56,
6109,2003-01-21,0.6,80.39,4.09,0.58,-2.41,-2.39,5.28,-2.53,7.81,-0.27,2.21,3.89,0.66,3.24,3.53,5.6,1.02,4.58,0.0132
28149,2009-08-25,0.0,100.93,12.14,23.68,17.11,17.11,30.87,16.25,14.63,23.95,1.9,2.27,1.58,0.69,3.27,4.54,2.16,2.38,0.0
21189,2001-06-20,3.63,97.9,12.59,24.22,17.17,17.17,30.43,19.2,11.23,23.95,1.57,2.34,0.71,1.63,3.0,4.03,1.11,2.92,
6103,2004-10-12,0.0,95.62,3.5,21.8,-1.8,-1.66,33.2,13.1,20.1,21.86,2.51,3.2,1.67,1.53,4.34,6.62,2.34,4.28,1.1661
48147,2003-05-07,0.98,98.61,14.45,25.54,19.38,19.38,33.0,17.72,15.28,26.84,3.29,5.71,0.86,4.84,4.77,8.85,0.95,7.89,
18153,2012-10-12,0.04,100.4,5.61,10.44,5.43,5.44,17.31,6.09,11.22,10.67,3.78,6.61,2.14,4.48,6.26,8.49,2.88,5.61,
1091,2014-01-16,0.0,101.19,3.26,2.21,-2.39,-2.33,9.99,-5.0,14.98,1.91,1.86,2.81,0.21,2.59,3.75,6.51,0.3,6.21,
41061,2016-03-16,2.67,86.7,3.57,-1.36,-2.89,-2.88,3.55,-4.96,8.51,-1.86,2.55,4.24,1.76,2.48,4.32,6.28,3.14,3.14,
51061,2016-06-26,0.0,100.34,10.55,22.68,14.81,14.81,29.16,15.68,13.48,22.67,1.98,2.51,1.05,1.46,3.76,6.04,1.67,4.36,
41067,2004-09-16,6.54,98.5,9.03,13.32,12.2,12.2,16.27,10.53,5.73,13.32,2.28,3.23,1.25,1.98,4.44,5.54,3.15,2.39,
31065,2009-04-26,1.17,92.5,6.02,12.8,5.17,5.18,21.36,5.51,15.84,14.13,4.12,8.0,1.16,6.84,5.57,11.25,1.45,9.8,
12086,2004-01-04,0.01,102.01,13.76,23.05,19.28,19.28,24.28,22.28,2.0,22.95,5.53,5.97,5.07,0.9,6.65,7.52,6.01,1.52,
28121,2014-04-12,0.04,100.48,11.45,19.03,16.1,16.1,25.41,12.42,12.99,19.04,2.39,3.01,1.71,1.3,5.08,6.44,3.08,3.36,
27073,2001-06-20,0.36,97.36,8.09,18.77,10.32,10.32,25.4,11.27,14.13,19.03,3.96,5.0,2.66,2.34,6.38,8.44,4.6,3.83,
12039,2000-06-03,0.02,101.01,10.05,30.91,14.06,14.07,39.42,20.74,18.68,31.93,1.83,2.65,1.16,1.49,3.27,4.96,1.41,3.56,
42129,2008-03-22,2.09,95.64,3.31,-0.14,-2.51,-2.49,3.81,-4.1,7.9,-0.15,2.46,3.35,1.76,1.59,4.25,5.34,3.0,2.34,
35009,2009-03-17,0.0,87.18,3.13,14.41,-4.51,-4.34,25.64,4.09,21.55,14.59,4.55,6.12,3.0,3.12,7.33,9.62,4.3,5.31,1.0001
27037,2008-07-01,0.02,97.69,11.07,22.65,14.92,14.93,29.01,13.93,15.08,22.53,4.99,7.02,3.08,3.93,7.8,10.94,3.97,6.98,0.0
13277,2009-06-08,0.03,100.44,15.44,25.86,20.88,20.88,29.82,21.16,8.65,25.36,1.54,2.8,0.44,2.36,2.0,3.32,0.6,2.71,
35003,2015-11-13,0.0,77.65,2.68,3.55,-7.97,-7.81,13.83,-2.93,16.76,3.01,3.16,3.89,2.56,1.33,4.75,5.69,4.01,1.68,
13247,2016-09-08,0.0,98.49,11.21,27.55,15.43,15.43,35.72,19.06,16.66,27.89,1.57,2.32,0.96,1.36,2.86,5.23,1.28,3.95,
48247,2004-03-22,0.01,100.39,10.19,19.7,14.3,14.3,26.34,15.2,11.14,20.56,4.87,7.1,2.08,5.02,6.74,9.07,3.94,5.13,
55091,2001-06-09,5.99,97.8,11.72,19.63,15.95,15.95,25.8,13.51,12.29,19.61,2.23,3.39,1.07,2.32,3.91,7.49,1.77,5.73,
18061,2000-02-07,0.0,100.05,3.47,1.0,-1.31,-1.3,8.63,-3.09,11.72,0.82,2.83,3.28,2.08,1.19,5.42,7.32,3.2,4.12,
21133,2006-09-07,0.21,96.11,9.17,19.37,12.04,12.05,26.93,12.09,14.84,19.02,0.95,1.76,0.19,1.57,2.12,4.52,0.13,4.39,
28087,2013-07-09,2.64,100.91,17.97,27.74,23.41,23.41,33.67,22.97,10.7,27.82,1.18,1.52,0.59,0.93,2.61,4.57,1.01,3.56,0.0
29197,2001-12-20,0.0,99.04,2.64,0.19,-5.1,-5.02,8.96,-3.65,12.6,-0.41,4.35,5.32,2.76,2.56,6.89,8.88,5.35,3.52,
31063,2006-01-04,0.01,92.61,3.62,3.68,-1.75,-1.71,10.42,-1.76,12.18,3.26,5.06,8.63,2.98,5.65,7.81,12.26,4.46,7.8,
22091,2003-07-02,7.58,100.6,17.51,27.33,22.92,22.92,33.4,22.02,11.38,27.45,1.15,1.57,0.43,1.14,2.56,4.06,0.61,3.45,
47145,2013-10-02,0.23,97.29,12.03,21.07,16.39,16.39,27.33,14.91,12.43,20.25,1.04,1.79,0.28,1.51,1.88,3.89,0.53,3.36,
12017,2002-01-31,0.03,101.99,12.77,21.37,18.1,18.1,25.75,18.35,7.39,20.51,3.47,4.43,2.03,2.41,5.66,6.75,3.62,3.14,
28113,2012-12-01,0.0,101.12,9.44,14.4,13.05,13.05,22.52,7.32,15.19,14.3,1.66,2.01,1.24,0.77,4.06,6.04,2.28,3.76,
39167,2015-11-28,8.75,98.98,7.51,10.73,9.48,9.48,13.21,9.07,4.13,10.49,0.97,1.47,0.29,1.18,2.34,4.37,0.62,3.75,
37093,2013-08-17,18.35,100.73,14.18,21.09,19.39,19.39,26.16,16.67,9.49,21.26,2.8,3.95,0.81,3.14,4.36,5.68,1.82,3.86,
51710,2005-09-21,1.52,101.88,12.8,24.25,17.88,17.88,28.37,20.97,7.4,25.0,3.44,5.53,2.36,3.17,4.64,6.47,3.23,3.24,
26095,2016-12-05,2.61,98.56,3.9,1.81,0.08,0.09,3.7,0.69,3.01,3.16,5.25,6.97,4.19,2.78,6.61,8.44,5.47,2.96,
26141,2016-12-10,1.03,100.35,2.46,-3.3,-5.71,-5.66,-2.91,-3.9,0.99,2.98,6.4,7.15,3.7,3.44,7.14,8.07,4.13,3.94,
39059,2006-06-18,0.19,97.85,12.34,24.94,16.91,16.91,31.28,18.49,12.8,24.96,2.34,3.66,1.54,2.12,5.45,7.39,2.98,4.41,
1043,2002-10-29,11.46,98.1,14.55,20.1,19.43,19.43,24.1,15.7,8.4,19.99,2.67,4.33,1.02,3.32,5.26,7.65,2.6,5.05,0.0
56037,2003-05-23,0.0,79.08,5.52,18.71,1.74,1.77,26.75,10.65,16.1,19.98,3.6,5.79,0.75,5.04,4.9,9.52,1.02,8.5,
23009,2014-03-20,19.76,99.67,3.89,0.49,0.17,0.17,2.53,-1.5,4.03,0.45,3.77,5.26,2.03,3.23,6.12,8.54,4.0,4.54,
19025,2010-01-16,0.0,97.34,2.59,-5.21,-5.73,-5.72,-0.0,-9.4,9.4,-5.34,4.89,6.53,3.66,2.87,6.61,8.15,5.47,2.69,
32007,2013-05-20,0.16,81.02,4.35,10.62,-1.08,-1.05,19.0,-0.04,19.04,13.0,2.47,4.9,0.17,4.73,3.45,6.61,0.25,6.37,
38009,2000-05-27,7.44,95.27,7.84,15.28,9.56,9.57,21.89,10.31,11.58,16.08,4.62,8.23,1.27,6.96,6.37,11.36,1.76,9.6,
42015,2015-11-19,8.88,96.31,8.65,11.83,11.15,11.16,15.03,7.36,7.67,11.8,3.46,4.76,1.82,2.95,7.07,9.07,4.97,4.1,
4012,2003-08-17,0.07,96.86,11.08,35.42,15.04,15.04,41.95,28.37,13.58,38.26,1.36,2.56,0.17,2.39,1.96,4.68,0.23,4.45,
8081,2007-07-19,1.94,79.82,7.89,26.77,6.99,6.99,34.34,19.1,15.24,29.15,3.19,5.73,1.86,3.86,4.42,8.5,3.1,5.4,
22125,2001-06-09,27.05,100.8,17.4,24.95,22.79,22.8,29.34,21.68,7.66,24.84,1.38,2.27,0.75,1.52,2.83,5.08,0.95,4.13,
36025,2001-11-09,0.35,96.07,3.31,2.19,-2.69,-2.64,7.53,-2.7,10.23,2.06,3.4,4.79,1.29,3.49,6.63,8.96,3.22,5.74,
20003,2003-02-26,1.07,98.2,1.99,-4.81,-8.6,-8.49,0.2,-8.76,8.96,-3.45,1.48,2.07,0.07,2.0,1.95,3.76,0.09,3.66,
26071,2007-08-12,0.17,96.64,9.06,20.26,11.04,11.05,25.6,12.16,13.44,20.16,2.37,3.46,1.17,2.29,4.68,6.02,3.21,2.82,
51735,2001-04-03,0.43,101.8,5.92,8.47,6.31,6.31,11.11,5.94,5.17,8.06,2.19,3.57,0.63,2.94,2.97,5.14,0.77,4.36,0.0
48439,2010-03-10,2.16,97.49,5.96,12.44,5.6,5.61,21.23,6.46,14.76,11.63,5.62,8.79,3.99,4.8,9.21,11.8,7.04,4.77,
46003,2006-01-23,0.0,95.7,2.61,-0.51,-5.59,-5.52,5.82,-6.57,12.39,-1.29,6.03,8.02,4.16,3.87,9.36,12.72,6.66,6.06,
26025,2000-12-07,3.37,97.69,2.16,-5.71,-7.72,-7.66,-3.57,-8.19,4.63,-5.81,3.22,5.45,1.46,3.99,4.21,6.78,1.83,4.95,
19021,2008-09-24,0.16,97.75,7.17,18.21,8.18,8.2,26.26,11.05,15.21,18.53,2.75,4.44,0.33,4.11,4.96,8.75,0.38,8.37,
5103,2006-01-07,0.0,100.77,3.51,6.18,-1.31,-1.26,17.68,-2.21,19.9,6.21,2.11,2.8,1.59,1.21,4.99,7.38,2.7,4.68,
41071,2002-11-19,6.58,100.43,7.75,10.49,10.2,10.2,12.66,9.15,3.51,10.18,2.59,4.02,1.15,2.87,4.63,6.74,2.33,4.41,1.0
48167,2008-06-03,0.0,101.14,17.97,28.01,23.45,23.45,29.9,26.58,3.32,29.0,7.22,8.45,6.55,1.9,8.6,10.42,7.86,2.56,2.2409
27071,2013-03-02,0.04,97.96,1.22,-14.42,-14.92,-14.89,-7.03,-22.73,15.7,-14.5,1.77,2.62,1.04,1.58,3.52,5.98,1.33,4.65,
19191,2004-09-22,0.0,98.2,9.19,18.89,12.4,12.4,26.08,12.78,13.3,18.58,3.74,4.83,2.65,2.17,6.51,8.73,4.36,4.38,
9005,2010-12-05,0.04,97.78,2.29,-2.86,-6.82,-6.74,-0.73,-4.36,3.63,-2.74,2.97,3.67,2.53,1.15,5.61,6.5,5.13,1.37,
48435,2005-08-15,9.81,93.72,16.04,25.33,20.38,20.38,30.11,21.39,8.71,26.13,4.65,6.2,2.43,3.78,6.69,7.79,5.41,2.38,
8033,2008-05-18,0.04,79.42,4.67,17.97,-0.49,-0.44,27.14,8.49,18.66,17.42,3.0,5.64,0.5,5.14,4.38,7.11,1.04,6.07,
34029,2007-08-15,0.0,101.19,13.38,24.01,18.62,18.62,27.62,19.69,7.92,23.7,5.63,6.89,4.28,2.61,7.83,9.18,6.23,2.95,
18083,2000-06-04,0.43,99.74,8.6,19.79,11.6,11.6,26.75,11.3,15.45,20.38,1.73,2.85,0.58,2.26,3.0,6.34,0.65,5.69,
16011,2003-05-04,2.88,82.92,4.66,5.22,0.12,0.14,10.14,1.04,9.09,5.96,5.77,9.45,2.44,7.0,7.82,11.16,3.99,7.17,
19141,2000-06-04,10.11,96.75,8.32,14.56,10.53,10.53,18.69,7.87,10.82,15.21,6.65,10.63,3.92,6.72,8.6,13.0,5.36,7.64,
8105,2004-09-15,0.01,73.25,2.92,11.23,-7.63,-7.41,21.95,2.01,19.93,11.18,2.9,5.08,0.71,4.37,5.03,7.25,1.17,6.07,
24015,2003-05-19,0.0,101.79,6.56,13.44,7.83,7.83,21.49,4.57,16.92,12.94,2.51,3.14,1.03,2.11,3.99,5.37,1.44,3.93,
38085,2006-03-02,0.0,95.08,1.55,-5.28,-11.6,-11.32,-1.22,-8.03,6.81,-3.69,5.6,9.03,1.86,7.17,6.79,11.34,2.68,8.66,
17083,2012-09-08,0.03,99.37,7.78,17.55,10.03,10.03,23.27,12.36,10.91,17.9,5.12,6.72,2.93,3.79,7.66,10.09,6.01,4.08,
13297,2011-02-03,1.99,99.8,3.28,1.57,-2.23,-2.18,5.79,-1.44,7.23,1.8,1.8,2.34,1.15,1.19,2.97,4.17,1.73,2.44,
29005,2013-11-27,0.0,98.76,1.59,-6.03,-11.0,-10.79,-0.49,-12.17,11.69,-5.62,3.83,6.03,0.53,5.5,5.76,9.06,0.58,8.47,
48325,2016-08-26,0.33,98.16,17.28,26.41,22.33,22.33,31.21,22.65,8.57,26.78,2.5,3.88,1.37,2.51,4.15,6.77,1.54,5.24,
48487,2005-11-27,0.04,94.85,4.43,11.83,0.78,0.86,18.43,7.02,11.41,11.75,8.86,12.68,5.12,7.56,12.19,16.13,8.21,7.92,
12019,2006-12-07,0.08,101.9,7.5,15.49,9.62,9.63,20.98,11.29,9.69,15.78,2.97,4.51,0.35,4.15,4.59,6.7,0.53,6.17,
51175,2011-10-20,0.03,100.1,6.33,12.36,7.15,7.15,16.35,8.92,7.43,12.38,4.7,6.64,2.47,4.17,7.98,10.13,5.43,4.7,
53015,2011-07-01,0.02,97.73,7.69,13.59,9.51,9.51,20.72,6.1,14.63,13.39,1.24,1.62,0.72,0.9,2.48,4.65,1.17,3.47,
28075,2015-12-24,17.21,100.1,16.2,22.11,21.58,21.58,25.36,19.43,5.94,22.04,1.73,2.67,0.45,2.22,4.09,5.91,0.97,4.95,
40039,2001-01-09,0.08,96.25,3.6,2.02,-1.33,-1.31,10.44,-3.52,13.96,1.47,3.37,4.6,2.14,2.47,5.64,9.48,2.96,6.52,0.0
13175,2001-12-29,0.0,100.46,5.73,11.0,5.73,5.74,19.1,5.61,13.5,11.01,3.94,6.61,2.32,4.29,6.5,8.59,3.64,4.95,
6083,2008-07-07,0.03,96.96,7.94,23.26,9.89,9.9,29.02,17.61,11.41,24.91,2.29,3.86,0.46,3.4,2.74,4.77,0.48,4.29,
27035,2006-03-27,0.02,97.29,3.87,2.6,-0.28,-0.27,8.65,-2.21,10.86,2.66,5.02,6.62,2.75,3.87,6.86,9.61,4.62,4.99,
17145,2004-09-28,0.02,100.0,7.46,17.52,9.54,9.54,25.47,11.63,13.84,17.92,5.05,7.82,3.34,4.48,7.84,9.76,5.12,4.64,0.494
32033,2016-12-10,3.67,79.06,4.5,0.13,-0.95,-0.95,4.11,-2.11,6.22,0.04,4.92,7.82,2.74,5.08,6.62,9.0,4.59,4.41,
26097,2007-09-22,4.14,98.95,7.17,14.23,8.73,8.74,17.38,11.88,5.5,13.95,4.37,6.12,2.3,3.82,6.76,8.94,3.79,5.15,
39041,2007-02-12,0.58,98.62,2.59,-2.72,-5.33,-5.29,1.99,-6.94,8.92,-2.41,2.83,6.19,1.43,4.76,4.22,8.0,1.84,6.17,
6013,2014-04-20,0.0,99.84,6.85,16.36,8.23,8.24,27.64,7.78,19.85,17.24,3.43,5.52,1.83,3.69,4.89,6.95,2.48,4.47,
20035,2008-08-08,0.07,97.42,13.74,24.02,18.54,18.54,29.15,18.53,10.62,24.46,4.06,5.53,2.94,2.59,6.13,7.17,4.29,2.89,
28073,2016-09-19,0.09,100.45,16.01,26.45,21.45,21.45,33.57,21.61,11.97,26.39,1.41,1.7,1.11,0.58,3.47,4.92,2.19,2.73,
48433,2000-11-17,0.17,95.64,2.72,2.09,-5.02,-4.92,8.32,-2.48,10.8,2.87,2.91,3.74,2.22,1.52,4.81,6.68,2.41,4.27,
37159,2010-05-02,0.98,98.18,16.55,24.08,21.6,21.6,28.85,19.06,9.8,23.96,6.27,8.55,3.67,4.88,9.42,11.34,6.46,4.88,
30043,2006-03-15,0.84,81.92,2.46,-4.5,-8.1,-8.04,-0.07,-7.82,7.75,-4.79,2.56,3.74,1.73,2.01,4.02,4.92,3.08,1.85,
17089,2009-05-26,25.23,98.36,11.62,17.49,15.66,15.66,23.11,11.56,11.55,17.8,3.83,5.64,2.84,2.8,5.36,8.75,4.06,4.69,0.0
13127,2006-10-03,0.04,102.16,13.39,25.48,18.87,18.87,27.59,24.05,3.54,25.91,4.49,5.1,3.93,1.16,5.68,6.56,4.55,2.01,1.0
28095,2003-02-21,51.92,99.4,9.16,13.04,12.47,12.47,16.1,10.17,5.94,13.03,2.82,5.37,1.17,4.2,5.2,9.81,2.61,7.2,
27037,2016-04-26,0.26,97.79,5.62,8.11,5.12,5.12,11.67,5.65,6.02,8.84,4.7,6.31,3.17,3.14,6.23,8.16,4.33,3.83,0.0
19151,2004-03-05,12.72,96.0,3.68,0.64,-1.06,-1.05,3.23,-3.81,7.04,0.38,7.61,12.81,3.2,9.61,10.32,15.8,5.98,9.81,
5043,2004-01-14,0.27,101.29,8.3,12.99,11.28,11.28,19.51,8.92,10.59,12.45,2.51,4.97,0.62,4.35,4.54,7.27,0.88,6.38,
45073,2000-08-04,5.59,95.97,13.41,23.89,17.85,17.85,31.24,17.88,13.37,23.7,1.17,1.48,0.9,0.58,2.45,4.02,1.55,2.47,
31045,2014-06-09,0.04,88.45,5.39,14.65,2.79,2.83,22.81,6.66,16.15,17.05,3.46,7.2,0.86,6.33,4.96,10.13,0.68,9.45,
54041,2007-10-11,0.92,93.32,5.19,8.05,3.28,3.29,11.56,5.41,6.15,8.05,2.39,3.34,1.66,1.67,4.55,6.09,3.4,2.69,
42033,2004-01-14,8.12,95.12,1.22,-13.01,-14.55,-14.4,-9.74,-17.26,7.52,-13.14,2.39,3.74,0.32,3.41,3.84,6.46,0.42,6.04,
18067,2014-03-24,0.0,99.43,2.19,-2.01,-7.25,-7.12,2.95,-6.7,9.64,-0.84,2.08,4.33,0.46,3.87,2.78,5.03,0.68,4.35,
39005,2004-12-07,7.42,96.65,7.53,10.85,9.1,9.1,17.27,7.63,9.64,10.43,7.83,12.98,3.08,9.89,11.52,18.19,5.82,12.37,0.0
31159,2005-11-11,0.0,95.55,5.22,11.64,3.51,3.53,20.32,4.69,15.63,11.43,5.34,6.68,4.17,2.51,8.39,11.15,5.49,5.66,
53005,2011-07-21,0.03,97.08,7.52,19.05,9.21,9.22,25.04,13.36,11.68,20.31,5.4,7.48,3.15,4.33,7.34,8.92,5.91,3.01,
6089,2002-10-15,0.0,91.83,1.72,18.29,-10.77,-10.04,30.11,9.87,20.24,16.87,1.44,2.39,0.23,2.16,2.7,4.62,0.32,4.3,2.0
40047,2000-07-31,0.0,97.64,12.06,25.73,16.52,16.52,31.76,19.27,12.49,26.65,3.21,4.58,0.95,3.63,4.64,5.58,1.39,4.19,
18159,2002-11-12,0.09,99.27,4.2,3.73,1.23,1.23,8.89,-0.44,9.33,4.07,2.69,3.49,1.83,1.66,4.58,7.31,2.03,5.29,0.0
30005,2009-09-15,0.0,91.56,7.58,20.62,8.46,8.46,28.95,14.7,14.25,20.99,3.77,4.71,2.14,2.56,5.8,8.94,3.85,5.09,0.0
18063,2005-08-02,0.18,99.14,11.82,27.21,16.41,16.41,33.85,18.95,14.9,26.6,1.94,2.68,0.53,2.15,2.98,5.42,0.79,4.63,0.0
51730,2000-01-10,10.81,100.21,7.14,9.89,8.46,8.46,17.48,5.02,12.46,9.66,3.44,6.58,0.25,6.33,6.55,11.59,0.54,11.05,
20171,2013-01-07,0.0,91.36,2.78,1.41,-5.29,-5.21,9.02,-1.72,10.74,0.47,4.79,8.39,1.97,6.42,7.15,11.57,3.59,7.98,
8067,2016-06-12,0.45,76.13,7.12,18.42,4.77,4.78,24.71,11.79,12.92,18.06,2.33,3.88,0.62,3.25,3.23,4.92,0.74,4.18,
47079,2004-09-13,2.26,100.09,13.39,23.7,18.56,18.56,29.77,19.03,10.74,24.16,2.27,2.95,1.75,1.2,4.2,5.98,2.75,3.23,
13117,2011-03-23,2.83,96.37,11.25,17.98,15.22,15.22,22.17,13.89,8.28,17.95,3.96,5.21,2.22,2.99,7.39,8.96,4.84,4.12,
46105,2010-07-20,2.35,92.81,9.33,22.39,11.67,11.67,29.03,13.91,15.12,24.05,2.16,4.32,0.12,4.2,3.4,6.98,0.14,6.84,0.0
9011,2000-03-27,0.21,100.05,4.69,6.91,2.64,2.66,10.16,2.73,7.42,6.07,3.43,5.82,0.7,5.11,5.59,9.79,0.91,8.88,
51570,2015-01-15,0.03,101.54,3.26,-0.11,-1.92,-1.91,4.86,-3.52,8.38,-0.19,1.63,2.14,0.7,1.44,3.23,5.02,1.05,3.96,
48357,2002-02-11,0.0,92.27,1.77,5.02,-10.76,-10.23,18.23,-4.13,22.36,4.48,6.15,10.67,2.79,7.88,9.43,12.97,4.8,8.17,
16021,2001-08-12,0.01,88.53,6.0,24.31,4.48,4.5,33.78,12.55,21.23,22.44,1.53,2.35,0.41,1.94,2.38,3.4,0.64,2.76,
1017,2006-03-23,0.03,99.6,5.26,8.82,4.33,4.34,16.12,3.22,12.9,8.93,1.63,2.29,0.68,1.61,3.32,5.26,1.04,4.23,
47015,2013-10-04,0.01,98.69,13.33,22.85,18.22,18.22,29.25,17.65,11.6,23.07,2.37,2.65,2.02,0.63,4.43,6.2,2.88,3.32,
26043,2003-11-13,0.34,97.55,2.16,-3.26,-7.61,-7.5,-1.91,-5.21,3.3,-2.64,5.16,7.04,2.84,4.21,8.46,11.4,4.74,6.66,
39061,2005-12-27,0.01,98.01,4.7,3.09,2.21,2.21,9.64,-2.3,11.94,2.85,3.81,5.21,2.59,2.61,6.51,8.54,4.55,4.0,0.0
1089,2006-12-22,15.7,98.4,9.04,12.63,12.06,12.06,15.83,7.05,8.77,12.36,2.69,3.93,1.76,2.16,5.06,6.69,3.6,3.1,
26025,2012-03-27,0.01,98.63,4.38,6.26,0.82,0.86,12.46,-2.19,14.66,6.47,8.2,9.63,5.42,4.21,10.74,13.39,7.15,6.25,0.0
5009,2006-07-29,1.02,97.02,15.33,28.58,20.14,20.14,35.92,22.37,13.55,28.75,1.83,2.51,1.41,1.1,3.91,5.67,2.41,3.27,
18097,2004-10-22,0.03,98.79,7.81,12.94,10.0,10.0,20.11,7.53,12.58,13.17,4.27,5.27,3.17,2.1,6.4,8.39,4.79,3.6,
40063,2014-04-14,0.03,98.86,3.15,6.38,-2.86,-2.76,11.7,1.01,10.69,7.3,8.47,10.57,2.7,7.87,11.18,12.73,4.93,7.8,
29221,2005-08-28,0.01,97.96,12.16,24.94,16.4,16.4,31.89,19.81,12.07,24.4,1.31,2.08,0.63,1.45,2.67,4.27,1.05,3.21,
39163,2011-04-24,6.56,98.57,11.84,17.43,16.25,16.25,21.04,13.25,7.78,17.38,1.82,3.31,0.21,3.11,3.72,6.5,0.55,5.95,
46081,2016-09-04,6.55,85.31,9.68,16.47,11.05,11.05,25.13,10.69,14.44,16.92,2.02,3.22,0.98,2.24,3.07,4.67,1.81,2.87,
1091,2015-05-06,0.0,101.17,12.01,21.11,16.95,16.95,27.56,14.63,12.93,21.05,1.59,1.99,1.18,0.8,3.52,4.67,2.36,2.31,
49055,2015-03-13,0.0,83.36,4.24,8.52,-1.04,-1.01,15.22,1.41,13.8,8.27,3.65,6.46,1.01,5.45,5.26,8.48,1.37,7.11,
26091,2002-01-30,18.07,99.08,3.1,-1.6,-2.92,-2.9,0.28,-3.27,3.56,-1.59,4.46,6.67,2.84,3.84,5.93,8.36,4.49,3.87,
16001,2004-05-30,0.04,89.15,4.62,12.64,1.01,1.05,20.41,4.01,16.4,14.22,3.39,4.93,1.94,2.99,4.65,6.84,2.97,3.87,
55115,2004-12-21,0.75,96.95,1.69,-9.26,-10.68,-10.6,-5.86,-13.57,7.71,-9.52,5.79,9.04,3.16,5.88,8.16,11.17,4.93,6.24,0.0
1105,2002-12-07,0.09,101.58,2.87,2.94,-3.58,-3.51,10.88,-5.44,16.31,1.34,1.01,1.7,0.16,1.54,2.03,4.75,0.3,4.46,
18005,2015-08-18,0.14,98.36,15.23,23.11,20.31,20.31,28.2,17.9,10.3,23.26,2.34,2.92,1.72,1.2,3.94,5.78,2.39,3.38,0.0
37013,2001-11-24,30.16,102.12,11.7,18.79,16.76,16.76,21.47,17.37,4.1,18.59,5.02,6.18,3.79,2.38,7.68,8.64,6.4,2.24,
1005,2002-07-25,7.04,100.53,16.71,26.05,22.19,22.19,31.71,21.72,9.99,26.32,2.05,3.2,1.41,1.79,3.93,4.92,2.53,2.38,
35053,2014-11-07,0.0,84.25,3.44,10.76,-3.73,-3.62,21.95,2.64,19.31,9.66,2.75,4.26,1.58,2.68,4.32,8.46,2.79,5.67,
48067,2003-05-17,0.84,99.9,12.34,20.55,17.2,17.2,24.64,17.52,7.11,20.92,2.98,4.51,1.65,2.87,5.09,6.39,3.73,2.66,
40105,2012-06-28,0.0,98.51,11.49,30.42,15.86,15.86,40.3,19.9,20.4,30.9,4.76,6.53,3.4,3.13,7.69,9.9,4.2,5.69,
45081,2011-08-20,3.46,99.59,15.41,28.61,20.63,20.63,35.77,22.62,13.15,28.88,1.03,1.87,0.16,1.71,2.13,5.08,0.36,4.72,
42121,2009-10-07,2.49,95.99,6.51,10.5,6.69,6.7,15.0,8.06,6.94,10.47,3.74,4.97,1.83,3.14,7.64,9.59,4.41,5.18,
23021,2013-07-30,2.37,97.84,10.18,16.95,13.92,13.92,21.17,13.51,7.66,17.37,1.77,2.57,1.05,1.52,3.82,4.83,2.51,2.32,0.0
54093,2010-05-11,13.77,95.04,7.15,10.16,7.63,7.64,14.62,5.54,9.09,10.21,3.29,4.7,2.0,2.7,6.46,8.63,4.59,4.04,0.8034
1083,2007-08-10,0.47,98.33,14.04,30.92,18.88,18.88,38.67,23.99,14.68,31.66,2.48,3.35,1.6,1.75,4.7,6.86,2.29,4.57,
38083,2016-11-30,0.85,94.67,2.68,-4.26,-5.32,-5.31,-2.29,-7.56,5.27,-4.74,5.63,6.83,3.65,3.18,8.09,9.41,6.72,2.68,
37121,2015-09-15,0.0,94.43,5.6,17.41,4.48,4.5,26.93,10.77,16.15,16.02,1.57,2.29,0.61,1.68,2.8,5.06,0.84,4.22,1.402
20125,2014-02-19,0.79,97.71,5.78,7.83,4.84,4.85,13.91,1.08,12.83,7.12,5.48,8.75,3.04,5.71,8.56,12.87,4.88,7.99,
30023,2001-05-22,0.29,81.3,4.63,11.7,-0.36,-0.32,21.11,-0.79,21.91,10.23,2.21,3.58,1.16,2.42,3.74,5.63,1.52,4.11,3.0
1069,2014-02-11,25.72,101.01,6.59,8.79,7.72,7.72,13.21,4.54,8.68,9.05,4.03,5.91,2.41,3.5,5.41,7.94,3.42,4.53,0.0
8035,2015-05-26,4.27,79.23,6.74,11.78,4.55,4.56,18.63,3.31,15.32,13.57,2.02,3.59,0.2,3.38,3.31,6.41,0.56,5.84,0.0
48209,2016-03-20,0.0,98.76,3.69,9.19,-0.67,-0.6,16.77,3.29,13.48,9.94,4.42,6.09,2.77,3.31,6.85,7.75,5.37,2.37,
13067,2000-03-20,3.43,97.99,6.67,10.93,7.58,7.59,17.41,5.67,11.74,11.04,2.14,2.68,1.68,1.0,4.25,5.79,3.13,2.66,
31003,2008-12-27,0.36,94.28,1.61,-7.44,-11.32,-11.15,-3.57,-10.12,6.55,-8.09,6.31,8.99,3.84,5.15,9.17,11.01,7.28,3.73,
1009,2013-03-10,0.14,99.26,8.14,14.1,10.54,10.54,20.34,7.64,12.71,14.09,3.76,5.06,2.47,2.59,7.4,9.8,5.04,4.76,
26095,2011-07-01,0.87,98.66,10.02,14.01,13.49,13.49,16.38,11.12,5.26,11.03,5.67,6.79,4.02,2.77,9.15,10.94,6.25,4.68,
31103,2004-02-14,0.06,93.64,1.69,-6.93,-11.23,-10.98,-3.74,-11.4,7.66,-5.66,4.17,5.29,2.79,2.5,5.07,7.69,2.93,4.76,
22127,2010-12-27,0.0,102.12,2.29,-0.27,-6.3,-6.18,7.61,-5.73,13.34,-0.67,1.55,2.39,0.76,1.63,3.05,5.29,1.07,4.22,
13151,2000-12-17,2.13,99.11,2.5,-0.71,-6.66,-6.46,8.23,-6.3,14.54,-0.71,4.53,7.21,2.05,5.16,7.59,11.5,4.26,7.24,
19187,2011-01-09,1.78,98.21,1.3,-11.22,-13.44,-13.28,-8.11,-15.35,7.24,-10.99,4.5,5.56,2.62,2.94,5.61,6.68,4.22,2.46,
13099,2002-10-17,0.0,100.87,7.01,14.53,8.79,8.8,22.18,7.87,14.31,14.71,3.0,4.19,2.35,1.84,5.3,6.68,2.65,4.03,
48481,2003-05-12,0.25,101.32,15.71,25.71,21.25,21.25,30.41,22.25,8.16,26.4,4.45,6.11,2.84,3.27,6.1,7.67,5.27,2.4,
12001,2012-01-26,1.12,101.36,11.57,20.39,16.44,16.44,26.53,15.9,10.64,20.37,3.07,4.48,2.13,2.35,5.68,6.55,4.13,2.42,
22107,2000-02-11,0.07,100.86,11.35,18.93,16.09,16.09,25.34,13.39,11.94,18.92,3.85,5.71,2.68,3.03,6.64,7.8,5.34,2.45,
49053,2007-12-29,0.22,82.56,2.57,-3.75,-7.53,-7.48,0.05,-6.68,6.73,-4.4,1.87,4.1,0.66,3.44,2.75,4.99,1.35,3.65,
31183,2001-07-02,8.82,94.18,12.75,24.65,16.57,16.57,33.3,14.53,18.77,24.92,5.3,7.24,3.4,3.83,7.82,9.46,5.81,3.65,
42101,2014-07-06,0.0,100.47,10.58,20.55,14.87,14.87,26.8,13.47,13.33,20.5,2.34,3.55,1.23,2.32,4.96,6.33,1.79,4.54,
39047,2002-05-28,8.33,98.38,12.82,19.86,17.57,17.58,23.71,16.42,7.28,19.72,2.3,3.43,1.41,2.02,3.74,4.92,1.59,3.34,0.0
29221,2014-04-30,0.08,97.87,5.21,9.2,4.04,4.05,14.12,5.65,8.47,9.22,2.28,2.99,1.61,1.38,4.74,5.49,4.04,1.45,
38101,2015-04-28,0.04,95.32,4.38,10.54,1.21,1.24,18.85,0.92,17.92,11.52,3.16,4.46,1.85,2.6,4.84,7.69,1.96,5.73,0.3542
36059,2009-04-12,0.0,101.45,3.09,3.63,-2.7,-2.63,7.28,0.46,6.82,4.46,7.02,8.36,5.09,3.27,9.52,10.98,7.47,3.51,
31071,2005-06-06,1.58,93.27,12.26,23.11,15.85,15.85,29.77,14.6,15.17,23.05,8.34,10.22,5.59,4.63,11.61,14.29,8.53,5.76,
30063,2009-03-19,0.7,84.66,3.65,-1.76,-3.04,-3.03,2.31,-6.58,8.89,-3.41,1.66,2.07,1.06,1.01,2.73,3.48,1.9,1.57,
48137,2005-12-13,0.01,95.33,7.92,12.17,9.28,9.28,17.98,6.92,11.06,11.33,3.61,7.16,1.25,5.91,5.47,8.67,2.04,6.63,0.139
17163,2002-07-22,3.84,99.64,17.96,28.31,23.17,23.17,33.13,24.11,9.02,28.27,3.12,3.87,2.05,1.82,5.15,6.02,3.86,2.16,
12127,2011-08-28,0.88,100.48,19.3,29.06,24.53,24.53,33.6,25.51,8.09,29.2,4.25,5.45,2.58,2.87,6.53,7.76,4.95,2.81,
48045,2000-07-01,1.77,90.97,15.07,23.73,18.91,18.91,28.15,20.24,7.91,24.31,5.17,7.65,3.06,4.59,7.05,9.55,4.89,4.66,
48385,2013-05-15,2.85,95.28,13.78,24.54,18.19,18.19,31.89,19.09,12.81,25.56,6.41,7.62,5.18,2.44,8.46,10.07,7.3,2.78,
33019,2005-08-05,1.16,97.54,14.58,23.13,19.46,19.46,28.73,17.9,10.82,23.19,2.16,3.08,1.55,1.54,4.74,6.12,2.71,3.4,
29027,2008-06-24,11.55,99.27,14.57,22.62,19.54,19.54,28.09,15.69,12.4,22.66,2.23,2.75,1.68,1.07,4.42,6.48,2.93,3.55,0.0
55123,2014-10-17,0.14,97.04,6.44,9.38,6.96,6.97,12.53,5.52,7.01,9.07,6.58,8.67,4.2,4.47,9.55,11.13,7.58,3.55,
46067,2001-11-29,0.07,96.23,1.9,-8.77,-9.7,-9.67,-3.23,-15.75,12.51,-9.25,4.66,6.04,2.6,3.45,6.87,8.68,3.95,4.73,
55017,2000-01-29,0.03,99.09,1.19,-13.73,-14.37,-14.33,-6.39,-19.1,12.7,-14.75,2.16,3.44,0.93,2.51,3.26,5.95,1.27,4.69,
54105,2002-11-09,0.19,98.02,7.17,11.88,8.59,8.59,16.7,8.27,8.43,11.89,2.72,3.25,2.11,1.13,6.12,7.1,5.45,1.65,
38081,2000-12-09,1.15,97.05,1.42,-12.4,-13.57,-13.43,-6.28,-21.23,14.95,-12.61,6.54,9.1,1.9,7.2,8.6,11.23,3.07,8.16,
28101,2004-12-01,0.01,101.03,4.31,5.71,1.78,1.79,11.84,1.64,10.2,5.65,1.84,3.18,1.2,1.98,3.93,6.07,2.23,3.84,
55049,2006-01-26,0.0,99.04,2.56,-1.01,-5.42,-5.35,5.78,-7.51,13.29,-2.3,6.14,9.17,1.42,7.75,8.34,12.42,1.99,10.43,
35005,2004-12-01,0.0,88.49,1.92,2.27,-10.3,-9.92,12.17,-3.92,16.09,0.91,2.84,4.54,1.1,3.44,4.42,7.84,1.34,6.5,
48081,2002-09-22,0.0,94.0,8.6,21.8,10.69,10.69,29.18,16.21,12.97,22.89,4.79,7.12,1.38,5.75,6.9,8.27,2.27,6.01,
20075,2007-11-30,0.04,90.19,2.28,-1.75,-7.99,-7.85,1.27,-5.4,6.67,-0.89,5.73,7.19,4.5,2.69,7.24,9.14,5.04,4.09,
22071,2010-10-14,0.0,101.67,10.35,19.72,14.56,14.57,25.68,13.71,11.98,20.47,3.57,4.57,2.61,1.96,5.69,7.19,4.52,2.67,
42077,2006-03-08,0.0,98.66,2.74,-0.88,-4.78,-4.72,6.56,-7.63,14.18,-0.87,1.69,2.45,0.25,2.2,3.54,5.4,0.34,5.06,
54001,2016-02-21,6.98,94.25,7.03,7.87,7.54,7.54,11.76,-0.76,12.52,7.66,2.17,4.25,0.4,3.84,4.64,8.23,0.75,7.48,
51091,2013-03-29,0.4,93.55,3.35,1.15,-2.66,-2.63,8.01,-4.16,12.18,0.87,2.21,3.12,1.71,1.41,4.6,5.53,2.77,2.75,
27049,2012-06-20,38.06,96.96,14.74,23.41,19.32,19.32,28.71,14.75,13.96,23.27,7.39,9.66,0.71,8.95,10.09,12.92,0.77,12.15,
8107,2011-07-20,1.03,74.49,9.43,16.56,8.59,8.59,23.44,8.6,14.84,15.76,1.69,2.34,1.12,1.23,3.13,4.14,1.98,2.16,
31159,2004-05-27,0.08,95.13,8.98,20.7,11.48,11.48,27.82,13.39,14.44,21.21,3.33,5.48,1.82,3.66,4.76,8.81,3.38,5.43,
37161,2015-10-19,0.0,99.15,4.17,7.53,1.0,1.03,15.3,0.49,14.81,7.12,1.82,2.46,1.01,1.45,3.22,5.55,1.16,4.39,
37173,2004-05-25,0.4,93.6,13.51,22.36,17.62,17.62,28.36,17.07,11.3,22.47,2.21,3.27,1.55,1.72,4.8,5.8,3.24,2.56,0.0024
27063,2010-10-01,0.02,97.09,6.86,12.76,7.81,7.81,21.07,7.03,14.05,12.45,4.64,7.08,3.07,4.01,6.93,9.1,3.72,5.38,
8039,2001-07-02,1.68,82.23,9.35,26.85,9.66,9.67,35.38,17.99,17.4,28.78,3.08,5.46,0.6,4.86,4.27,7.12,0.92,6.21,
30013,2014-12-27,1.13,86.26,2.09,-7.31,-9.53,-9.48,-3.83,-12.48,8.65,-7.76,4.97,6.35,3.95,2.4,7.64,8.49,6.82,1.67,
51053,2004-06-25,31.3,100.69,15.0,24.93,20.41,20.41,29.04,20.32,8.72,24.75,0.99,1.42,0.21,1.21,2.02,3.44,0.32,3.13,
31129,2004-05-14,0.0,95.99,3.99,9.01,-0.01,0.03,16.89,0.9,15.99,10.59,4.3,6.35,1.98,4.37,6.15,8.18,2.57,5.61,
48177,2015-02-19,0.0,101.42,6.76,12.21,8.18,8.18,20.62,4.73,15.89,12.07,4.04,6.13,1.18,4.95,5.98,9.82,1.74,8.08,
28001,2011-06-07,5.93,100.56,14.79,29.2,20.16,20.16,35.76,23.29,12.47,29.56,1.34,1.86,0.75,1.11,2.75,4.55,1.0,3.55,2.7965
23031,2012-11-05,0.03,100.72,3.17,2.07,-2.59,-2.53,5.16,-0.29,5.45,4.43,3.42,3.81,2.84,0.96,4.98,5.76,4.21,1.55,
6073,2010-02-12,0.0,94.18,6.11,10.53,5.7,5.71,17.84,5.62,12.22,10.4,1.45,2.2,0.26,1.94,2.01,3.2,0.34,2.85,
50009,2006-09-12,0.01,97.03,5.16,11.09,3.72,3.74,17.65,3.82,13.83,9.2,1.36,1.94,0.8,1.14,2.16,3.0,1.37,1.63,0.0
56033,2010-06-02,0.24,84.9,7.37,14.54,6.93,6.93,21.07,7.49,13.57,15.58,2.5,3.93,1.24,2.69,3.77,5.17,1.35,3.83,
53015,2006-07-18,0.04,97.91,7.82,14.52,9.9,9.9,21.45,7.86,13.59,14.51,1.59,2.58,0.9,1.68,3.01,4.41,1.62,2.79,0.0
26027,2015-09-15,0.0,99.35,8.3,20.12,11.06,11.06,27.6,15.21,12.39,20.24,4.7,6.31,3.49,2.81,7.53,9.15,4.93,4.22,0.0
36037,2014-05-29,0.7,100.17,7.48,11.7,9.59,9.59,14.51,8.76,5.75,10.33,2.17,2.82,0.4,2.42,3.31,4.54,0.5,4.04,
56033,2010-12-23,0.29,85.19,3.36,-2.38,-3.83,-3.82,3.08,-5.27,8.35,-3.31,3.32,5.36,0.76,4.6,5.57,8.09,1.27,6.82,
21163,2000-08-15,0.0,99.72,12.8,27.17,17.7,17.7,35.02,19.28,15.74,27.36,1.76,2.08,1.32,0.76,3.56,5.35,1.92,3.42,0.0
13175,2012-09-27,0.08,101.09,13.96,25.21,19.36,19.36,31.59,19.65,11.94,26.16,2.01,2.62,1.32,1.29,3.46,5.88,1.49,4.39,
22059,2004-05-24,0.01,100.96,15.78,24.77,21.31,21.31,30.12,19.66,10.46,24.8,2.99,4.2,1.89,2.31,5.6,6.47,3.98,2.49,
55009,2000-06-14,8.67,97.68,11.01,17.31,15.07,15.07,20.65,13.51,7.14,16.61,7.18,9.58,5.05,4.52,9.97,12.99,7.55,5.44,
35017,2003-03-26,0.0,82.24,3.12,12.47,-5.34,-5.16,22.39,2.67,19.72,12.29,3.67,6.81,1.29,5.52,5.66,9.33,1.16,8.17,
41049,2001-07-28,0.72,92.7,7.28,16.7,8.01,8.01,22.67,12.26,10.41,18.3,5.56,7.65,2.23,5.42,7.18,8.87,3.52,5.35,
19095,2002-04-04,0.04,100.02,2.19,-0.73,-7.11,-6.98,5.5,-6.07,11.58,0.03,2.78,4.12,1.73,2.39,3.82,5.08,2.46,2.62,
26113,2006-06-19,0.4,97.23,10.9,19.87,14.83,14.82,24.77,12.9,11.88,20.16,4.34,6.07,3.08,2.99,6.45,8.12,4.4,3.72,
38033,2014-05-01,0.01,92.22,4.36,8.29,0.56,0.59,16.55,-1.79,18.33,9.02,5.0,6.99,3.22,3.78,7.46,9.29,6.26,3.03,
12117,2013-04-06,0.02,101.65,8.87,19.15,12.39,12.39,26.0,12.94,13.05,20.49,4.92,6.16,2.79,3.37,6.72,7.68,5.82,1.86,
36083,2010-03-14,17.93,97.89,4.27,2.62,1.27,1.28,4.84,0.56,4.29,2.57,5.16,6.69,4.31,2.38,9.57,11.78,8.05,3.73,
55021,2009-03-31,9.12,96.93,4.71,3.73,2.21,2.22,9.39,-1.57,10.96,3.34,7.92,10.94,5.45,5.49,10.8,13.95,8.93,5.02,0.0
51045,2015-10-11,0.31,94.8,7.4,13.54,8.63,8.64,20.82,8.13,12.68,12.76,1.06,2.17,0.27,1.9,1.85,3.68,0.59,3.08,
8067,2002-11-19,0.02,76.22,2.33,-1.26,-10.0,-9.81,7.5,-6.97,14.47,-2.14,2.84,4.33,1.79,2.54,4.66,5.95,2.7,3.25,3.9975
46041,2013-02-03,0.01,94.37,2.76,-2.46,-5.22,-5.2,6.77,-8.46,15.24,-3.25,3.38,5.37,2.35,3.02,5.26,9.18,2.65,6.52,
6025,2009-05-23,0.0,98.33,5.78,27.78,5.4,5.43,36.4,18.65,17.75,30.46,3.83,5.78,1.83,3.95,4.99,7.05,2.06,4.99,
10003,2015-03-11,1.17,100.88,5.78,7.58,5.87,5.88,13.87,2.46,11.41,7.05,3.24,4.15,1.42,2.73,5.86,8.37,2.4,5.97,
18107,2015-11-28,2.92,99.75,4.19,3.36,1.26,1.27,4.51,1.92,2.59,3.46,5.73,6.86,4.43,2.43,7.24,8.46,5.99,2.48,
12043,2012-03-10,5.56,101.92,13.2,23.44,18.61,18.61,28.72,18.93,9.79,24.25,2.16,3.32,0.87,2.45,3.57,6.19,1.04,5.16,
18159,2004-08-24,7.66,98.58,15.36,22.62,20.39,20.4,26.01,17.83,8.18,22.4,4.77,6.84,2.82,4.02,7.23,8.88,4.11,4.76,0.0
31019,2008-05-18,0.0,92.8,6.97,19.85,7.29,7.3,29.03,9.29,19.74,20.08,3.73,5.03,2.45,2.58,6.21,10.71,3.24,7.47,
37179,2014-07-21,21.03,99.99,17.52,24.62,22.85,22.85,27.97,22.48,5.48,24.59,1.31,2.33,0.53,1.79,2.61,5.0,0.95,4.05,
56037,2005-10-16,0.0,78.94,4.74,9.56,-0.41,-0.39,17.5,2.68,14.82,9.62,4.99,7.7,3.29,4.41,7.59,8.9,5.67,3.24,
30035,2007-10-01,0.84,86.43,4.73,6.3,0.92,0.94,9.89,3.13,6.76,5.99,7.11,9.2,3.58,5.62,10.31,13.03,6.6,6.43,
21147,2002-05-12,6.08,97.24,14.17,21.42,18.97,18.97,26.74,17.52,9.22,21.43,2.76,4.06,2.05,2.01,5.75,7.9,4.64,3.25,
5029,2000-06-15,18.54,98.5,13.77,23.66,18.57,18.57,29.76,16.17,13.59,23.9,1.85,2.94,0.82,2.12,3.36,5.96,1.29,4.67,
8093,2013-04-09,3.15,70.4,1.66,-10.65,-14.58,-14.39,-5.1,-13.34,8.24,-8.99,4.25,6.97,0.75,6.21,4.73,7.64,0.98,6.66,3.0961
54061,2009-12-24,0.01,97.56,2.6,-4.99,-5.99,-5.97,1.54,-11.38,12.92,-5.45,2.66,3.36,2.31,1.05,4.94,6.3,3.59,2.72,
21137,2013-10-20,0.0,98.12,4.43,9.23,1.78,1.81,17.3,1.45,15.85,7.99,1.38,2.61,0.47,2.14,2.25,6.04,0.61,5.42,
20157,2008-03-08,0.0,96.04,2.18,-0.77,-8.52,-8.27,9.85,-10.61,20.46,-1.53,3.39,7.11,0.7,6.41,4.39,8.31,1.0,7.3,
31015,2010-08-14,0.06,94.95,10.41,21.2,13.7,13.7,25.95,16.32,9.63,21.41,3.68,5.33,0.3,5.03,5.54,7.35,0.48,6.86,
51131,2004-01-07,0.0,102.82,2.59,0.39,-4.72,-4.63,1.75,-1.39,3.14,5.91,8.58,10.2,6.64,3.56,9.81,11.74,7.7,4.04,
27101,2012-10-08,0.14,95.71,3.9,10.13,-1.06,-0.96,18.52,4.17,14.35,10.01,6.41,10.01,3.73,6.28,9.27,12.71,6.65,6.06,
55047,2005-12-11,0.07,97.49,1.86,-6.55,-9.39,-9.29,-3.97,-11.37,7.4,-7.19,4.06,6.52,2.13,4.39,6.0,9.39,3.72,5.68,
13063,2005-10-11,0.03,98.1,13.03,21.72,17.82,17.82,27.96,17.34,10.61,22.04,1.56,1.74,1.34,0.4,2.84,4.1,2.0,2.09,0.0
27161,2012-07-14,0.02,97.85,12.4,27.3,16.96,16.96,34.16,19.72,14.44,28.36,2.74,3.89,1.47,2.42,3.93,5.18,1.66,3.52,
13111,2000-05-06,0.08,96.07,9.72,19.69,12.89,12.89,26.72,12.52,14.21,18.76,1.35,1.93,0.72,1.2,2.56,4.2,1.04,3.17,
34023,2011-10-01,14.37,100.06,9.66,16.09,13.42,13.42,20.26,11.66,8.6,16.95,3.88,4.68,2.33,2.35,5.19,6.25,3.48,2.77,
36081,2013-05-21,0.24,100.79,12.75,19.96,17.79,17.79,24.28,15.5,8.79,19.27,3.93,4.78,2.89,1.88,6.3,7.73,4.69,3.04,0.0
51710,2012-07-25,0.0,101.11,13.5,26.14,18.69,18.68,29.02,22.73,6.3,26.86,4.6,7.02,1.43,5.59,6.11,9.33,1.1,8.23,
8085,2014-04-04,0.0,76.49,2.62,0.48,-8.26,-8.14,7.15,-5.56,12.71,-0.13,2.69,4.94,1.25,3.69,3.87,6.43,1.99,4.44,
17081,2001-06-13,0.0,99.4,12.93,26.84,17.86,17.86,33.53,20.21,13.33,27.05,4.22,6.09,2.82,3.27,6.88,8.12,3.99,4.13,
48393,2009-08-30,3.99,92.24,9.42,19.66,11.84,11.84,24.08,16.3,7.78,20.89,3.42,5.19,2.6,2.59,4.44,6.91,2.87,4.05,
48065,2016-02-05,0.0,91.19,2.34,0.67,-7.4,-7.26,6.6,-3.86,10.46,1.09,6.25,10.6,4.13,6.47,8.94,12.92,6.68,6.24,
28081,2002-03-27,0.0,100.94,4.64,7.38,2.7,2.71,15.06,0.61,14.44,7.96,2.59,3.65,1.45,2.2,3.99,6.27,2.1,4.17,
20127,2005-03-13,0.0,96.91,3.07,3.25,-3.49,-3.41,9.46,-2.05,11.52,4.31,4.96,7.18,2.13,5.05,6.58,9.25,3.78,5.47,
37165,2003-08-09,12.6,100.55,18.1,25.13,23.48,23.48,28.44,22.42,6.02,25.01,2.91,4.08,1.62,2.47,4.74,7.07,2.48,4.59,
30089,2016-10-27,7.07,86.61,6.56,6.68,5.56,5.56,10.53,4.56,5.97,6.38,1.73,2.16,1.17,1.0,3.79,4.95,2.43,2.52,
42059,2003-05-22,1.47,97.37,7.93,13.07,9.9,9.9,19.17,7.12,12.06,13.08,1.23,1.79,0.53,1.27,2.83,4.49,0.78,3.7,
20089,2012-07-02,0.0,95.29,11.68,31.56,15.61,15.61,38.46,24.12,14.34,32.65,5.8,6.89,4.14,2.74,8.21,10.36,6.55,3.82,
8121,2009-01-20,0.0,86.07,2.14,3.88,-9.19,-8.92,15.52,-1.68,17.2,2.65,5.42,7.07,3.38,3.68,9.04,10.66,6.55,4.11,0.5879
4013,2013-02-03,0.05,96.62,4.79,14.6,2.54,2.57,21.36,10.74,10.62,13.5,1.94,3.63,0.1,3.54,3.2,6.19,0.27,5.92,
37001,2013-03-04,0.0,99.62,2.54,0.77,-5.47,-5.36,8.65,-4.56,13.21,0.62,3.02,4.75,2.05,2.71,5.33,6.87,3.77,3.1,
19085,2006-04-26,0.0,97.57,3.28,9.37,-2.5,-2.39,18.05,-0.17,18.22,11.18,2.56,3.8,1.3,2.5,3.93,6.2,1.39,4.81,
19147,2012-05-27,11.0,96.04,15.01,24.57,19.65,19.66,30.68,16.81,13.86,24.34,7.57,10.37,4.53,5.85,10.6,13.26,7.0,6.26,
54059,2016-07-25,1.82,96.98,16.5,28.61,21.38,21.38,34.62,23.24,11.38,28.49,1.45,2.22,0.95,1.26,3.1,4.09,2.0,2.09,
4015,2012-01-30,0.0,87.32,2.15,7.21,-9.09,-8.74,15.84,0.68,15.16,5.57,3.04,4.46,1.07,3.39,4.04,5.26,1.53,3.73,
34025,2001-07-21,0.0,101.33,9.83,21.96,13.77,13.77,27.76,15.36,12.4,22.47,2.55,3.42,1.34,2.08,3.82,5.79,1.75,4.04,
29017,2010-02-27,0.0,99.31,2.89,0.19,-3.8,-3.75,6.91,-3.48,10.39,0.24,3.05,4.04,2.12,1.92,5.57,7.28,4.35,2.94,
46029,2007-07-18,3.42,95.16,12.99,24.85,17.25,17.25,30.49,20.53,9.96,25.44,4.26,5.67,2.99,2.67,5.98,7.12,4.02,3.11,
27095,2013-05-16,0.07,97.38,6.69,17.14,7.58,7.59,24.26,9.6,14.65,17.51,5.3,6.69,2.83,3.86,7.65,9.81,4.95,4.86,
37087,2002-02-20,5.09,92.8,7.02,8.82,7.47,7.47,13.03,4.47,8.57,8.76,4.1,5.72,2.47,3.24,7.53,9.95,5.48,4.47,
47051,2010-02-23,0.06,97.62,3.94,1.92,0.12,0.13,5.02,-1.67,6.69,2.29,3.02,4.22,1.9,2.33,4.5,5.45,3.82,1.63,0.0
27037,2006-04-27,0.01,98.05,4.63,13.34,2.23,2.27,21.73,3.13,18.6,14.14,3.22,4.16,2.09,2.07,5.53,8.66,2.4,6.26,
51077,2001-10-17,0.09,92.99,3.56,4.58,-1.99,-1.93,10.27,-0.47,10.74,4.56,3.07,3.87,1.42,2.44,6.08,7.12,4.15,2.97,
5031,2006-05-20,0.47,100.05,13.5,24.59,18.64,18.64,32.09,17.91,14.18,24.96,3.17,4.69,1.1,3.58,4.9,8.6,1.37,7.24,
13233,2013-04-04,14.23,98.23,5.97,6.76,6.05,6.05,7.87,4.75,3.12,6.81,2.59,3.69,1.18,2.51,4.69,6.78,2.11,4.68,
5009,2008-12-04,0.0,98.26,1.97,-2.64,-8.51,-8.34,3.18,-6.65,9.83,-2.43,2.68,4.09,1.8,2.28,4.79,7.18,3.36,3.82,
48387,2012-08-08,13.25,99.56,16.3,31.31,21.57,21.57,37.35,26.28,11.07,31.87,1.71,2.69,0.43,2.26,2.94,5.08,0.83,4.25,
20145,2001-02-03,0.0,94.29,3.52,1.82,-2.03,-2.0,7.11,-0.47,7.57,0.69,4.2,7.46,3.0,4.46,7.27,10.2,5.75,4.45,
41015,2016-07-23,0.0,98.35,8.0,16.74,10.19,10.19,22.0,12.26,9.74,15.74,4.47,5.94,3.55,2.38,6.94,8.96,5.51,3.46,
45071,2013-05-21,4.31,99.74,15.58,23.05,20.92,20.92,27.54,19.1,8.44,23.07,1.74,2.05,1.48,0.57,3.75,4.86,2.54,2.31,0.0
20091,2003-05-26,0.0,98.57,7.17,18.76,8.73,8.74,25.15,9.92,15.23,18.59,1.94,3.04,0.74,2.29,2.78,5.21,1.06,4.15,
41037,2010-11-07,10.38,83.85,5.23,4.49,1.77,1.78,7.47,-0.78,8.25,4.62,5.32,8.0,3.56,4.44,7.2,11.28,5.5,5.78,
47063,2013-08-07,7.4,95.65,16.58,22.24,21.22,21.22,24.72,20.0,4.71,22.27,1.61,1.93,1.15,0.78,3.42,4.25,2.8,1.45,
21179,2004-07-13,12.7,98.38,18.42,26.07,23.41,23.41,30.16,22.26,7.89,26.02,2.53,3.22,2.04,1.18,4.71,6.44,2.92,3.52,0.0
6101,2013-03-28,0.71,99.8,7.78,12.87,10.14,10.14,18.22,8.83,9.38,13.04,2.04,3.26,0.47,2.79,3.29,5.16,0.62,4.54,
18061,2015-06-19,15.17,99.06,16.94,23.68,22.15,22.15,26.71,20.86,5.84,23.65,2.18,3.73,1.46,2.27,4.18,6.84,2.5,4.33,
22039,2005-07-05,2.52,101.21,17.04,27.97,22.58,22.58,32.64,23.92,8.71,28.45,2.8,4.32,1.43,2.9,4.46,5.91,3.03,2.88,1.0
56007,2006-03-24,0.34,78.22,2.89,-0.17,-6.95,-6.89,7.39,-6.18,13.57,-0.49,4.65,6.23,2.73,3.5,7.09,8.8,4.9,3.9,
20115,2015-05-09,11.07,96.14,12.36,19.08,16.62,16.62,22.32,15.36,6.96,19.16,5.92,8.29,3.66,4.63,8.06,10.85,5.22,5.63,
50001,2015-01-09,0.94,97.39,1.45,-9.26,-12.12,-11.96,-5.94,-11.99,6.04,-9.5,4.22,5.3,2.49,2.81,7.36,8.96,4.68,4.29,
8035,2001-04-20,0.85,78.26,3.67,11.01,-4.46,-4.29,18.2,2.08,16.12,11.46,7.65,13.02,2.79,10.23,10.9,16.02,5.23,10.79,
31079,2010-01-07,0.01,96.41,0.74,-17.44,-19.09,-18.82,-15.33,-21.76,6.43,-17.44,10.73,12.73,7.38,5.36,13.67,16.27,10.21,6.07,
51690,2015-12-21,0.04,98.66,5.22,5.41,3.83,3.83,11.01,0.83,10.18,5.32,2.04,2.57,1.7,0.87,4.37,5.41,2.89,2.52,
19153,2004-02-28,0.0,98.47,4.34,5.3,1.44,1.45,14.01,-1.58,15.59,5.32,6.18,8.59,4.71,3.88,8.9,10.26,7.03,3.23,
26085,2011-04-03,25.03,97.2,4.4,2.16,1.4,1.4,6.14,-1.25,7.38,1.85,6.87,11.42,2.41,9.02,9.46,14.61,4.22,10.39,
51183,2012-12-19,0.0,101.11,4.7,7.62,3.01,3.03,15.22,2.32,12.91,7.1,2.72,4.17,2.01,2.16,5.27,6.42,3.26,3.16,
30057,2002-10-30,1.72,78.6,1.36,-11.29,-15.14,-14.92,-8.41,-13.53,5.12,-10.98,2.67,3.22,2.04,1.18,3.28,4.22,2.08,2.14,
31061,2010-11-23,0.0,94.73,2.07,-3.29,-8.48,-8.34,2.09,-7.13,9.22,-2.53,4.68,7.07,2.87,4.2,6.14,9.13,3.44,5.68,1.0
42131,2006-09-29,5.81,96.17,5.72,8.48,5.09,5.09,13.4,4.51,8.89,8.22,1.97,3.08,0.84,2.24,3.78,5.83,1.7,4.13,
47013,2012-11-24,0.0,97.18,2.36,-0.47,-6.57,-6.44,5.43,-4.81,10.24,-0.87,1.87,2.45,0.47,1.98,3.56,4.77,0.65,4.12,
28049,2000-12-25,1.1,101.88,3.43,2.07,-1.28,-1.24,5.24,0.17,5.07,2.06,2.62,3.64,1.83,1.82,4.5,5.67,3.69,1.98,
5039,2014-04-23,0.0,100.46,9.29,18.02,12.86,12.86,25.87,10.83,15.04,17.93,1.96,2.25,1.5,0.75,4.47,6.6,2.78,3.82,
49051,2009-04-01,3.44,75.93,2.4,-7.03,-9.35,-9.31,-2.89,-11.43,8.53,-7.85,4.6,7.13,1.51,5.61,6.82,10.86,2.21,8.65,
47125,2016-05-19,0.0,99.83,8.4,15.83,11.29,11.29,21.86,8.81,13.05,16.02,2.92,4.23,2.16,2.07,5.19,6.73,3.7,3.03,
31145,2011-12-05,0.01,93.92,1.28,-9.31,-13.88,-13.57,-6.87,-12.48,5.61,-10.04,5.54,8.1,0.5,7.6,7.31,11.13,0.64,10.49,
55023,2013-06-09,10.68,97.44,10.77,15.97,14.4,14.4,19.53,11.02,8.52,15.83,6.06,7.8,3.4,4.4,8.53,9.86,6.45,3.4,
48053,2012-02-08,0.0,98.53,4.55,6.13,2.19,2.2,12.19,1.72,10.47,7.16,3.84,6.13,1.8,4.33,5.45,8.38,2.33,6.06,
17177,2016-10-20,0.0,99.19,5.19,8.22,4.08,4.09,12.51,3.31,9.21,8.41,5.55,7.24,3.8,3.44,7.89,8.94,7.27,1.67,
51193,2010-12-04,0.04,101.18,3.08,0.92,-2.76,-2.71,4.85,-2.25,7.1,2.25,2.88,3.86,1.72,2.14,4.56,6.05,2.96,3.09,
46089,2014-07-30,0.93,95.51,8.52,21.94,10.86,10.86,28.7,14.98,13.72,23.01,2.04,2.84,0.48,2.35,3.13,6.13,0.82,5.32,
19021,2001-02-16,0.39,98.26,1.07,-14.3,-15.39,-15.29,-10.74,-20.06,9.32,-14.44,7.11,9.1,3.94,5.16,9.55,10.62,7.75,2.87,
20141,2009-02-16,0.0,95.52,2.89,1.7,-4.39,-4.32,10.02,-4.18,14.2,1.47,6.75,10.14,3.26,6.88,9.73,12.28,6.2,6.08,
40051,2010-07-25,2.06,97.33,14.68,29.53,19.53,19.53,35.96,23.43,12.52,30.54,1.59,2.99,0.96,2.03,2.8,6.69,1.11,5.59,
37153,2007-04-26,1.17,99.86,12.11,21.0,16.89,16.89,27.12,14.88,12.24,20.96,3.0,4.04,1.96,2.07,5.69,7.95,2.64,5.31,
5089,2013-07-04,1.86,97.83,9.65,23.87,12.97,12.97,30.49,16.6,13.89,23.78,1.27,1.86,0.36,1.5,2.71,4.94,0.46,4.48,
26113,2005-03-25,0.0,98.01,2.32,-0.75,-6.72,-6.58,5.16,-4.76,9.92,-0.09,3.67,5.85,2.1,3.75,5.36,7.63,3.64,3.99,
13095,2004-04-11,0.04,99.82,9.72,19.56,13.5,13.5,25.09,14.75,10.34,19.79,2.32,3.73,0.25,3.48,3.9,6.47,0.35,6.11,
55129,2010-11-15,0.21,96.41,2.93,-3.08,-4.04,-4.03,1.12,-5.8,6.91,-5.11,1.68,2.93,0.57,2.36,2.43,4.76,0.75,4.01,
56023,2004-07-21,0.38,77.66,8.01,18.37,6.81,6.81,25.93,10.17,15.76,18.16,2.72,4.14,1.52,2.61,4.08,5.69,2.32,3.37,
5135,2003-09-25,0.1,99.84,9.16,19.1,12.3,12.31,25.47,13.45,12.02,19.22,1.83,3.26,1.24,2.02,3.66,5.14,1.57,3.57,
23013,2013-06-10,0.39,101.44,8.13,14.5,11.04,11.04,18.71,11.16,7.55,14.41,1.62,2.67,0.56,2.11,2.95,5.2,0.8,4.4,
45077,2001-06-01,30.1,96.35,13.9,19.17,18.5,18.5,21.21,16.92,4.29,19.25,2.02,3.91,1.19,2.73,3.9,6.39,2.75,3.63,
54023,2010-08-31,0.0,95.03,8.86,25.95,11.36,11.36,33.69,18.97,14.72,23.71,1.0,1.45,0.28,1.17,1.71,2.62,0.44,2.18,2.0099
41065,2006-02-04,7.81,92.33,4.2,2.37,0.11,0.12,4.37,-1.75,6.13,2.02,6.16,9.24,3.54,5.7,10.14,13.8,6.56,7.24,
40015,2016-11-28,0.01,94.78,4.51,10.86,0.71,0.78,17.37,6.65,10.72,10.43,5.3,7.42,2.52,4.89,8.08,10.29,4.91,5.38,
13005,2008-11-29,22.93,100.35,11.1,16.46,15.55,15.55,20.92,12.77,8.15,16.32,3.95,5.7,3.14,2.56,6.6,8.05,5.96,2.09,
35028,2002-05-12,0.0,78.88,2.5,12.17,-8.51,-8.21,20.2,3.83,16.37,13.44,3.51,5.25,0.89,4.37,5.31,8.34,1.22,7.12,
48205,2006-08-21,14.37,88.5,15.37,21.41,18.79,18.78,24.25,19.32,4.92,21.8,2.18,3.29,1.14,2.15,3.25,4.83,1.8,3.04,
55015,2014-07-24,0.01,99.05,8.5,18.79,11.27,11.27,23.91,13.02,10.89,19.55,2.09,5.36,0.28,5.08,3.08,8.14,0.37,7.77,
34015,2001-04-08,3.88,101.25,7.25,10.45,9.03,9.04,16.31,5.04,11.28,10.96,2.43,4.63,0.79,3.84,3.52,6.56,0.72,5.84,
19153,2005-08-01,0.62,98.1,11.39,27.0,15.68,15.68,35.11,20.05,15.06,27.19,4.3,5.83,2.72,3.11,6.88,8.87,4.3,4.57,
29031,2001-10-06,0.0,100.51,4.0,9.62,0.63,0.69,18.29,2.69,15.6,9.93,2.86,3.67,2.23,1.44,4.97,5.93,3.27,2.65,
47115,2001-04-23,0.4,97.68,10.95,18.32,15.03,15.03,23.35,13.55,9.8,18.3,2.94,4.28,2.0,2.28,5.83,7.11,4.04,3.07,
27021,2004-01-13,1.0,97.64,0.94,-13.19,-16.64,-16.26,-10.13,-18.19,8.06,-13.01,4.05,7.94,1.13,6.81,5.26,9.63,1.37,8.25,2.565
29065,2014-07-19,0.0,97.99,9.04,21.81,11.97,11.98,30.43,13.74,16.69,21.51,1.12,1.81,0.52,1.3,2.46,5.07,0.93,4.13,
8021,2006-05-19,0.24,73.45,5.39,14.63,0.19,0.23,24.06,5.35,18.72,15.25,2.56,3.35,1.88,1.47,4.09,5.66,2.99,2.67,
29031,2014-12-27,12.93,100.29,5.8,6.77,5.71,5.71,10.28,1.28,9.01,6.61,3.45,5.3,1.52,3.78,5.3,7.32,2.06,5.26,
39115,2011-09-28,0.97,97.77,8.69,15.78,11.52,11.52,21.7,11.49,10.21,15.48,1.48,2.46,0.93,1.53,3.24,4.65,1.65,3.0,
28013,2008-03-24,0.0,101.55,3.52,5.24,-0.93,-0.88,11.26,-0.69,11.95,4.85,2.76,4.28,1.61,2.67,4.46,5.93,2.36,3.58,
47051,2000-04-10,1.08,98.61,6.17,10.8,6.29,6.3,18.57,2.51,16.06,10.68,2.86,4.11,2.03,2.09,5.32,6.72,2.75,3.97,
1027,2001-06-14,3.75,98.74,16.83,25.39,22.01,22.01,30.77,20.71,10.06,25.44,1.51,2.01,1.01,1.0,3.49,4.51,2.53,1.97,
17089,2016-08-02,0.08,99.2,14.81,24.55,20.0,20.0,29.3,18.68,10.62,24.48,2.04,2.66,1.48,1.18,2.97,5.02,2.08,2.94,0.0
8077,2003-05-12,0.03,78.91,3.17,11.76,-5.62,-5.48,21.11,-0.25,21.36,11.53,3.65,5.99,1.02,4.97,4.89,7.2,1.73,5.47,
38039,2005-08-20,0.0,96.63,6.72,16.15,7.51,7.52,22.21,9.94,12.26,16.48,5.16,7.31,2.9,4.4,7.91,9.1,6.4,2.7,
42011,2014-02-11,0.0,101.07,1.3,-12.67,-13.47,-13.42,-6.75,-20.07,13.32,-13.05,2.79,3.39,2.3,1.08,5.6,6.97,3.32,3.65,0.0
45071,2004-02-24,0.94,99.51,6.25,8.82,6.81,6.81,14.23,5.18,9.05,8.84,1.91,2.71,1.27,1.44,3.68,6.15,2.3,3.85,0.0
29029,2001-07-06,0.04,98.48,14.6,25.66,19.26,19.26,33.49,15.92,17.57,25.72,2.49,3.19,2.02,1.17,4.94,6.5,3.37,3.13,
18025,2011-03-03,0.01,100.03,4.76,6.06,2.39,2.4,12.2,-2.01,14.21,5.98,3.7,5.15,2.27,2.88,6.74,9.47,4.7,4.77,
27097,2016-02-03,0.2,96.89,1.24,-10.93,-13.82,-13.61,-8.05,-13.63,5.58,-11.73,6.94,9.88,2.7,7.18,8.9,12.15,4.27,7.88,
37065,2007-03-30,0.0,102.22,4.78,10.68,3.29,3.31,18.28,2.56,15.72,10.2,2.01,3.22,0.37,2.85,3.15,7.24,0.53,6.71,
51570,2007-05-21,0.02,101.4,9.85,19.39,13.94,13.94,25.95,13.69,12.26,19.54,2.17,2.79,1.84,0.95,4.13,5.84,2.76,3.08,
48371,2007-12-03,0.0,91.8,3.02,7.42,-4.31,-4.17,17.19,-0.02,17.21,7.61,1.73,3.91,0.32,3.59,2.87,7.53,0.37,7.17,
46095,2008-12-24,0.02,93.44,1.28,-9.6,-14.14,-13.86,-0.47,-16.11,15.64,-10.39,4.43,6.26,3.16,3.1,6.69,10.71,5.01,5.71,
45047,2002-01-03,3.51,99.49,2.67,-2.1,-4.8,-4.76,0.51,-4.79,5.3,-2.01,2.29,2.75,1.51,1.24,4.29,5.18,2.71,2.47,
1099,2009-02-21,0.36,101.31,4.37,6.73,1.34,1.38,14.8,-2.51,17.31,6.33,1.93,2.77,1.0,1.76,4.14,5.61,2.11,3.5,
37145,2006-09-27,0.0,99.95,8.43,17.69,11.31,11.31,24.8,10.18,14.62,16.95,1.44,2.39,0.21,2.17,2.67,6.18,0.32,5.86,
29059,2009-11-03,0.0,98.87,5.27,8.27,4.28,4.29,14.6,2.61,11.99,8.22,2.54,3.58,1.93,1.65,4.98,6.71,3.07,3.64,0.0
47171,2010-01-25,12.66,91.84,4.46,2.7,0.8,0.81,5.97,-2.18,8.15,2.63,3.84,5.5,1.9,3.61,6.65,8.78,3.24,5.55,
50005,2009-09-24,1.55,96.6,8.2,13.41,10.26,10.26,17.32,8.22,9.1,13.37,1.9,2.47,1.35,1.12,4.24,4.97,3.5,1.47,
40099,2008-07-23,0.05,98.08,13.61,32.15,18.49,18.49,38.58,25.47,13.11,33.93,4.19,6.02,2.86,3.17,6.05,7.82,3.63,4.19,
31013,2007-04-23,10.55,87.15,5.48,9.92,3.08,3.09,15.22,5.91,9.31,10.82,7.99,10.61,4.51,6.1,10.21,12.64,6.87,5.78,
16085,2007-04-26,0.15,81.02,4.2,4.19,-1.6,-1.58,11.56,-3.15,14.72,3.19,1.59,3.01,0.81,2.2,2.46,4.47,1.15,3.32,
30003,2014-01-06,0.23,85.97,1.69,-9.56,-13.46,-13.16,-0.74,-21.49,20.75,-11.46,4.23,5.74,3.0,2.74,7.26,10.14,5.3,4.84,
42025,2008-10-21,0.15,98.29,4.09,6.92,0.65,0.68,13.58,1.75,11.83,6.93,3.13,4.94,1.5,3.44,6.45,8.98,2.58,6.4,0.0
6049,2011-12-07,0.0,84.89,2.29,1.44,-8.54,-8.36,9.07,-2.44,11.51,-0.91,1.83,2.84,0.39,2.46,2.81,5.2,0.47,4.74,
29021,2007-05-15,6.1,98.27,9.54,15.87,12.47,12.47,20.81,9.8,11.01,15.89,6.11,9.36,2.9,6.46,8.84,11.68,4.84,6.84,0.0
48337,2010-06-30,0.65,98.32,14.68,27.21,19.72,19.72,33.59,20.88,12.72,28.19,3.92,5.41,1.95,3.46,5.7,6.48,3.99,2.49,
54101,2008-03-13,0.0,92.42,5.97,7.69,4.5,4.51,16.73,-0.27,17.0,7.14,2.7,4.09,1.57,2.53,5.65,7.55,3.15,4.4,
17169,2008-11-15,0.4,99.37,3.36,1.71,-1.96,-1.92,4.55,-2.73,7.29,1.81,7.53,9.41,4.98,4.43,9.94,11.58,7.82,3.76,
47171,2005-08-11,0.09,93.69,11.24,25.41,14.71,14.71,32.53,18.16,14.38,24.18,0.88,1.71,0.39,1.32,1.5,2.73,0.7,2.03,
12097,2005-02-12,0.0,101.96,3.94,9.81,0.67,0.72,18.8,1.83,16.97,10.19,3.29,4.84,2.19,2.65,5.56,7.78,2.64,5.14,
8063,2002-08-12,0.55,86.3,7.86,20.35,8.05,8.06,26.09,13.72,12.36,22.06,6.45,9.69,2.18,7.52,8.06,11.78,4.06,7.72,
55039,2014-06-28,3.8,98.29,14.92,21.98,19.93,19.93,25.36,18.41,6.95,21.94,6.13,7.55,4.18,3.37,8.47,9.86,6.44,3.42,
55063,2011-03-28,0.0,98.95,2.0,-4.72,-8.4,-8.31,1.1,-11.4,12.5,-6.25,2.44,3.37,1.79,1.57,3.36,4.71,2.01,2.7,
20113,2007-02-06,0.0,96.42,4.28,3.31,0.81,0.82,14.45,-2.94,17.39,2.87,4.7,5.9,3.02,2.88,7.27,9.6,5.26,4.34,2.0
54053,2010-07-21,9.31,98.79,18.61,25.57,23.66,23.66,29.3,23.24,6.06,25.57,1.69,2.41,1.17,1.24,3.99,4.8,2.88,1.93,
51079,2001-03-29,39.94,99.34,4.43,2.7,1.86,1.86,6.12,-0.77,6.88,2.74,2.05,3.89,1.03,2.87,3.76,6.31,1.52,4.79,
31007,2009-05-25,1.72,85.81,8.98,14.22,10.0,10.0,17.68,11.0,6.68,14.56,5.39,7.27,2.8,4.46,7.38,9.07,5.42,3.65,
13293,2014-09-17,0.5,99.08,13.26,24.65,18.14,18.14,32.31,17.57,14.74,24.77,1.58,1.98,1.29,0.69,3.56,4.88,2.04,2.84,
26093,2008-08-22,1.53,98.97,13.65,24.81,18.66,18.66,30.61,20.08,10.54,24.76,4.01,5.3,2.38,2.92,6.54,7.79,5.2,2.59,
48345,2007-05-04,0.01,92.35,9.78,23.69,11.98,11.98,32.77,13.27,19.5,24.15,7.5,9.55,5.44,4.11,10.29,12.8,7.14,5.66,
18041,2008-09-17,0.0,98.77,8.06,18.03,10.47,10.48,25.74,11.73,14.02,18.08,1.97,3.11,0.43,2.68,3.27,6.67,0.48,6.19,
38017,2005-01-02,0.0,98.92,0.73,-16.82,-19.19,-18.8,-11.79,-20.7,8.92,-17.88,4.73,6.32,3.48,2.84,6.36,8.76,4.58,4.18,
41013,2012-12-26,4.24,86.11,2.98,-4.64,-5.31,-5.31,-0.63,-6.84,6.21,-5.51,2.8,4.01,1.89,2.12,4.6,6.36,3.3,3.06,
18033,2004-07-15,0.0,97.99,10.09,20.08,13.81,13.81,26.27,14.16,12.11,19.92,4.98,7.02,2.82,4.2,7.55,8.77,5.59,3.18,
29186,2014-09-04,1.34,99.05,15.2,27.24,20.36,20.36,33.89,21.33,12.56,27.34,2.63,3.36,1.87,1.49,4.84,5.72,3.73,2.0,
39149,2013-12-10,0.56,98.67,1.51,-7.3,-11.53,-11.31,-3.33,-11.02,7.69,-7.37,6.43,11.9,4.0,7.9,8.65,14.94,5.34,9.59,0.0
25019,2013-11-17,2.96,102.21,7.7,11.72,10.21,10.21,14.04,9.65,4.4,10.94,6.54,11.19,1.71,9.48,8.45,14.98,1.86,13.11,
20203,2000-12-18,0.01,91.2,2.11,0.26,-8.69,-8.48,3.44,-4.62,8.06,-0.31,9.39,11.55,3.67,7.88,13.06,16.11,6.75,9.36,
21091,2007-04-13,12.21,100.35,4.35,6.01,1.67,1.69,13.82,-1.43,15.25,6.49,1.8,2.34,1.23,1.11,3.03,4.79,1.49,3.31,
12057,2012-02-29,0.39,101.88,12.42,22.9,17.61,17.61,29.28,17.77,11.51,23.77,3.07,4.16,1.22,2.94,4.59,6.16,2.28,3.88,
19091,2008-10-05,0.66,97.33,10.14,16.6,13.59,13.59,23.43,11.16,12.27,16.56,6.83,8.27,4.96,3.31,9.33,10.45,7.76,2.69,
37071,2000-11-28,0.05,99.08,3.83,6.1,-0.14,-0.1,15.69,-0.59,16.28,5.22,2.28,2.93,1.32,1.61,3.81,5.42,1.5,3.93,3.0
47131,2005-09-26,0.65,100.1,15.37,23.97,20.67,20.67,29.07,18.71,10.36,24.43,4.05,6.13,3.21,2.93,5.8,8.43,3.79,4.64,
19069,2000-10-31,0.24,97.66,9.37,15.33,12.56,12.56,22.84,8.24,14.6,14.94,4.69,6.7,2.8,3.9,7.05,9.3,4.72,4.58,1.6045
48507,2003-09-14,5.65,99.23,16.28,26.64,21.49,21.49,32.99,20.5,12.49,27.46,4.47,6.14,2.82,3.32,6.15,8.22,4.03,4.19,
12001,2014-11-13,0.0,101.36,10.04,18.77,14.14,14.14,25.73,14.04,11.69,18.65,1.74,2.95,0.37,2.58,2.94,5.11,0.38,4.72,
41003,2009-06-19,3.15,98.3,8.93,13.7,11.99,11.99,16.16,9.39,6.77,13.78,2.74,3.94,1.79,2.15,4.54,5.73,3.62,2.11,
17187,2001-08-30,5.09,98.7,13.46,24.72,18.29,18.29,32.16,17.99,14.17,25.03,3.35,4.99,2.27,2.71,5.59,7.81,3.46,4.35,
38057,2006-07-29,0.05,93.7,11.16,24.55,14.52,14.52,33.24,15.05,18.19,26.09,6.79,8.84,4.19,4.65,8.57,11.21,6.45,4.75,
38091,2012-01-15,0.01,96.23,2.38,-2.85,-6.72,-6.64,3.41,-7.4,10.81,-3.38,6.39,9.01,3.25,5.77,9.23,11.74,6.04,5.7,
31061,2006-02-16,0.68,94.97,1.58,-5.67,-11.49,-11.21,-4.16,-7.15,2.99,-4.77,8.69,10.71,6.65,4.06,10.54,12.7,8.3,4.4,
39089,2005-09-11,0.0,98.72,8.75,21.71,11.71,11.72,30.24,12.77,17.47,20.75,1.68,2.08,1.12,0.95,3.14,5.68,1.55,4.13,
40119,2015-01-03,3.57,97.89,3.9,1.15,0.01,0.01,4.34,-2.11,6.45,0.9,2.88,8.84,0.82,8.02,4.75,11.63,1.02,10.6,
25015,2005-12-19,0.13,98.78,2.14,-6.44,-7.57,-7.54,-3.63,-8.84,5.21,-6.76,2.39,3.45,1.57,1.88,4.87,6.26,3.2,3.06,
42001,2009-11-15,0.02,98.98,8.05,12.2,10.54,10.54,19.4,7.37,12.03,11.8,2.63,3.14,2.14,1.0,4.97,6.3,3.04,3.26,
48159,2007-05-16,0.05,100.49,9.09,18.4,12.56,12.56,23.67,14.1,9.57,18.78,4.37,6.39,2.27,4.11,6.2,7.98,4.28,3.7,
1107,2004-10-12,2.06,99.86,13.24,21.82,18.3,18.3,27.48,16.67,10.81,21.87,1.93,2.78,1.12,1.66,4.0,5.54,1.92,3.63,0.0
48357,2004-04-30,0.68,91.87,5.26,8.21,3.31,3.32,12.11,5.18,6.93,9.34,6.02,7.07,5.28,1.8,7.31,8.9,6.46,2.44,
37059,2008-11-04,0.95,98.95,8.21,13.54,10.86,10.86,17.78,11.15,6.63,13.46,5.41,7.08,4.13,2.95,7.99,9.24,6.72,2.51,1.8804
41057,2016-09-02,3.05,98.89,8.83,13.74,11.91,11.91,17.25,10.23,7.01,13.61,2.39,3.11,1.58,1.54,4.32,5.03,3.34,1.68,
21203,2006-11-24,0.0,98.3,4.97,7.57,3.37,3.38,18.42,-0.34,18.76,6.22,2.01,3.03,1.16,1.87,3.84,6.53,1.72,4.82,
42123,2006-10-13,0.09,95.01,3.09,3.12,-3.49,-3.43,8.29,-2.56,10.85,3.36,3.38,4.75,2.21,2.53,6.62,8.99,4.33,4.66,
29157,2009-12-10,0.0,100.26,1.5,-5.97,-11.53,-11.22,-1.52,-9.25,7.73,-5.68,4.25,5.78,2.31,3.47,6.42,7.91,4.96,2.95,
48455,2013-08-12,0.27,100.48,15.93,30.47,21.34,21.34,37.47,23.8,13.67,31.26,2.25,2.87,1.09,1.77,3.92,5.75,2.73,3.02,
6071,2000-11-24,0.0,93.76,2.24,11.34,-7.59,-7.24,20.13,5.27,14.86,9.16,2.09,2.73,1.4,1.33,2.91,4.11,1.42,2.69,
1073,2016-12-20,0.05,100.63,3.82,1.91,-0.15,-0.14,8.81,-4.6,13.41,0.24,0.99,1.51,0.04,1.46,1.79,3.49,0.12,3.37,5.0
37155,2000-11-19,20.38,101.4,3.95,1.79,0.69,0.7,3.18,0.04,3.14,2.06,3.12,4.78,1.76,3.02,4.43,5.87,3.26,2.61,
39001,2006-06-13,0.0,98.67,8.88,18.44,11.96,11.96,25.89,10.19,15.7,18.56,1.66,2.1,1.29,0.81,3.63,5.63,1.85,3.78,0.0
46031,2000-08-10,0.02,93.93,10.79,29.05,14.14,14.14,38.17,20.51,17.66,29.42,6.28,7.62,4.31,3.32,8.99,10.26,7.61,2.65,
50007,2008-12-08,0.03,98.88,0.68,-16.35,-19.72,-19.08,-11.94,-20.04,8.1,-17.72,2.57,4.45,0.65,3.8,4.41,7.69,0.87,6.82,
26027,2003-04-22,0.12,98.49,3.72,4.02,-0.6,-0.57,10.02,-1.5,11.52,4.74,6.52,8.76,3.94,4.82,8.83,10.23,7.22,3.01,2.0
47089,2005-01-16,0.09,96.68,2.98,-0.57,-4.01,-3.96,6.67,-7.18,13.85,-0.56,2.98,5.59,0.26,5.32,4.59,8.15,0.38,7.76,
46031,2010-03-26,0.02,92.72,3.99,6.14,-0.45,-0.43,15.55,-1.91,17.47,6.92,6.11,8.01,4.29,3.72,8.39,10.72,4.82,5.91,
28127,2012-02-13,14.99,100.79,4.05,3.67,-0.09,-0.04,9.32,-4.0,13.32,3.75,1.94,2.71,1.19,1.52,4.09,5.45,1.88,3.57,
27133,2002-01-06,0.02,96.6,1.71,-7.17,-11.05,-10.81,-2.24,-12.76,10.52,-7.35,6.83,10.9,1.59,9.3,9.01,12.95,2.57,10.38,
48011,2013-12-15,0.0,91.62,2.45,3.8,-6.79,-6.63,13.9,-2.34,16.24,2.69,3.95,5.39,2.42,2.97,6.4,9.44,4.17,5.27,
28057,2015-11-25,0.0,101.01,6.52,10.15,7.37,7.37,18.23,2.8,15.43,10.1,2.64,3.4,2.02,1.38,5.53,6.72,3.81,2.91,
8075,2008-09-18,0.0,86.9,7.01,19.47,6.56,6.57,28.47,11.56,16.92,19.85,3.79,5.88,2.23,3.65,5.84,8.46,3.69,4.77,
22025,2001-09-16,0.0,101.18,12.05,23.65,17.02,17.02,29.81,17.17,12.63,23.51,1.86,2.51,0.77,1.74,3.14,4.84,0.72,4.12,
31063,2011-06-05,0.0,92.16,11.87,24.57,15.29,15.29,34.25,15.52,18.73,25.22,3.47,4.26,2.27,1.99,5.7,9.23,2.79,6.44,
22105,2000-10-09,0.01,102.35,3.63,9.41,-0.41,-0.34,13.62,6.55,7.06,9.7,2.67,3.5,1.68,1.82,5.39,6.91,4.2,2.71,
38043,2001-11-04,0.0,95.52,4.72,8.07,2.31,2.32,17.16,1.66,15.5,7.05,4.56,5.99,2.86,3.13,7.91,10.27,4.7,5.57,
47073,2004-01-14,0.68,94.3,4.03,2.52,-0.23,-0.22,8.7,-2.64,11.34,2.47,2.62,4.83,0.58,4.25,4.88,8.78,0.9,7.88,
30021,2004-03-26,3.66,91.94,4.87,9.62,1.65,1.67,21.61,1.91,19.69,9.52,9.74,15.73,4.67,11.06,12.6,19.17,7.1,12.06,
29001,2000-06-02,0.25,99.08,6.99,19.52,8.08,8.09,24.95,13.75,11.2,20.29,4.22,6.04,2.45,3.59,6.08,8.46,4.75,3.71,
38085,2007-11-20,0.47,94.83,2.45,-1.36,-6.46,-6.37,1.43,-5.15,6.59,-1.33,4.72,6.94,3.38,3.56,6.78,8.26,5.3,2.96,1.7318000000000002
5081,2010-11-19,0.0,100.74,5.49,7.62,5.21,5.21,15.4,2.85,12.55,7.72,2.14,2.55,1.68,0.88,4.04,6.41,2.37,4.04,
46019,2003-03-06,0.79,87.67,1.99,-5.35,-10.6,-10.33,0.76,-10.33,11.08,-5.07,4.96,9.29,1.37,7.92,6.9,11.03,1.51,9.51,
40001,2012-09-03,0.01,98.11,14.61,31.16,19.55,19.55,40.6,23.18,17.42,31.28,2.15,3.09,1.43,1.66,3.73,6.3,2.59,3.71,
30085,2007-07-27,0.07,93.8,7.95,24.02,9.51,9.51,32.05,15.39,16.66,24.86,4.54,6.15,3.08,3.07,6.85,9.82,4.95,4.87,
18137,2004-06-16,13.64,98.68,17.81,24.44,22.89,22.89,28.05,21.04,7.01,24.38,3.11,3.95,2.06,1.89,5.24,6.72,4.01,2.72,
54109,2016-01-02,0.0,96.21,2.83,-1.01,-4.45,-4.4,5.37,-4.48,9.84,-1.03,2.27,3.35,1.64,1.71,4.84,6.68,3.21,3.47,
20159,2001-04-25,0.0,96.27,6.25,16.32,6.38,6.39,24.58,8.09,16.49,16.37,2.48,4.1,1.1,3.0,4.05,8.95,0.96,7.99,
30039,2016-08-27,0.0,80.57,5.81,14.18,2.77,2.78,21.06,6.98,14.08,14.17,2.5,3.68,1.74,1.95,5.3,6.16,3.09,3.07,
13267,2005-02-27,32.82,100.56,6.65,9.02,7.9,7.9,11.53,6.03,5.5,8.93,6.73,9.34,3.83,5.5,9.1,12.33,6.27,6.06,
40117,2016-02-14,0.0,98.03,5.12,8.03,3.67,3.68,13.63,3.88,9.74,7.23,3.19,7.28,0.76,6.52,4.46,10.48,1.08,9.4,
17161,2002-04-02,1.41,98.75,3.85,2.87,-0.21,-0.19,6.22,-1.01,7.23,3.25,7.3,10.58,2.82,7.75,9.25,13.14,3.59,9.54,0.0
31037,2010-09-12,0.0,96.12,7.93,21.27,9.77,9.77,31.07,12.8,18.27,21.18,4.66,8.06,1.77,6.29,7.29,10.23,3.83,6.4,
16055,2012-02-03,0.13,92.14,2.54,-6.02,-6.77,-6.76,1.0,-11.07,12.07,-6.2,2.31,2.64,1.93,0.71,3.92,4.78,3.38,1.4,
55141,2009-07-15,1.25,97.35,10.7,22.06,14.2,14.2,26.53,15.61,10.92,22.48,6.62,9.84,3.92,5.92,9.33,13.44,5.71,7.73,
12061,2004-07-12,2.09,101.53,17.1,28.01,22.72,22.72,31.67,24.46,7.21,28.67,1.45,2.56,0.54,2.02,1.99,4.36,0.79,3.57,
47069,2013-05-23,0.0,99.95,11.52,19.93,16.16,16.16,25.24,14.73,10.51,19.93,2.79,4.55,1.65,2.9,5.31,7.07,2.47,4.61,
51133,2012-05-17,0.07,101.62,11.07,19.16,15.7,15.7,21.23,15.88,5.35,19.42,5.04,7.44,1.33,6.11,6.62,9.19,2.23,6.97,
5033,2011-03-08,2.78,97.15,7.05,9.35,7.88,7.89,15.12,4.29,10.83,9.4,3.64,5.24,0.95,4.28,5.7,7.54,2.34,5.2,2.0391
51139,2003-05-29,2.73,97.18,9.41,15.03,12.51,12.51,19.91,11.03,8.88,14.9,0.95,1.98,0.1,1.89,2.25,5.16,0.14,5.02,
48307,2010-07-07,3.19,95.63,15.99,27.4,20.66,20.66,33.02,22.08,10.94,28.41,2.71,5.05,0.92,4.13,4.12,6.4,1.11,5.29,
21197,2015-08-31,0.0,98.25,12.19,24.93,16.77,16.77,32.44,17.67,14.77,25.19,1.27,1.68,0.83,0.86,2.6,4.42,1.28,3.15,
39053,2015-06-05,0.09,98.67,12.0,22.6,16.59,16.59,29.16,15.89,13.28,22.56,1.18,1.63,0.54,1.09,2.88,4.15,0.89,3.26,
38089,2001-05-14,0.03,91.71,7.61,22.64,8.38,8.39,29.83,15.21,14.62,22.97,4.91,7.19,0.77,6.42,6.83,11.66,1.13,10.53,
48267,2006-05-29,0.75,94.19,14.83,25.59,19.13,19.13,32.26,20.5,11.76,26.83,5.6,6.61,4.8,1.8,7.11,8.09,6.12,1.97,
55013,2008-07-23,0.0,98.06,9.24,18.86,12.36,12.37,25.28,10.28,15.0,19.2,2.76,3.51,1.99,1.52,4.63,6.86,2.27,4.58,
51011,2000-09-27,0.0,99.85,5.88,13.72,6.05,6.06,21.21,6.36,14.85,12.66,1.25,1.94,0.39,1.55,2.36,4.04,0.5,3.54,
6077,2001-07-15,0.0,98.9,6.92,19.8,8.21,8.23,31.59,11.27,20.33,22.61,4.41,7.45,2.23,5.22,5.21,8.69,3.02,5.67,
20081,2006-07-22,0.0,92.1,9.82,26.38,12.47,12.47,33.55,18.55,15.01,29.07,2.63,5.78,0.15,5.64,3.62,8.19,0.23,7.96,
37159,2006-02-19,0.08,99.52,2.11,-1.9,-7.76,-7.59,3.71,-6.6,10.31,-0.86,2.46,4.61,0.54,4.06,3.84,6.08,0.22,5.86,
39057,2003-03-05,4.0,97.17,4.27,2.0,0.5,0.52,6.92,-3.7,10.62,1.87,5.81,8.26,4.05,4.22,7.89,12.32,5.39,6.93,
19195,2003-06-20,0.0,97.74,6.67,17.43,7.55,7.55,24.34,9.43,14.91,17.79,4.34,5.91,3.07,2.84,6.89,9.63,4.65,4.98,
5021,2010-05-24,10.41,100.5,17.0,25.72,22.44,22.44,29.79,21.57,8.22,25.31,1.59,2.36,0.21,2.15,2.44,4.53,0.27,4.25,
16065,2014-02-19,3.55,81.75,2.61,-3.75,-7.84,-7.75,-0.67,-12.36,11.69,-4.29,5.94,9.23,3.42,5.81,8.68,12.93,5.75,7.18,
41047,2002-12-10,13.0,96.62,5.74,5.61,5.2,5.21,7.18,4.3,2.88,5.4,3.76,6.44,2.36,4.08,6.95,10.87,4.72,6.15,1.0
12105,2003-12-06,0.0,101.37,5.53,11.02,4.89,4.91,14.07,6.22,7.85,11.47,5.33,7.53,3.17,4.36,7.6,9.85,5.5,4.35,
34015,2005-02-22,0.61,101.24,3.74,2.25,-0.1,-0.09,6.62,-0.74,7.37,1.83,2.7,3.88,0.79,3.09,4.13,5.19,1.07,4.11,0.0
6035,2016-05-20,11.86,82.38,4.7,3.17,0.2,0.2,6.54,0.86,5.67,4.16,3.3,5.55,1.06,4.49,4.32,7.0,1.5,5.5,
48007,2003-03-25,12.71,101.16,13.09,19.68,18.38,18.38,21.83,18.35,3.47,19.24,5.38,6.7,2.79,3.91,7.95,9.36,5.2,4.15,0.0
28069,2012-11-06,0.03,100.25,6.05,9.36,6.56,6.56,15.78,5.3,10.48,9.39,1.65,2.52,1.07,1.45,3.59,5.12,1.87,3.25,0.0
48355,2009-04-10,0.0,100.64,13.18,23.82,18.15,18.15,29.54,20.02,9.52,24.59,4.56,6.03,2.9,3.12,6.31,7.58,5.23,2.35,
45049,2008-03-04,8.15,100.66,12.26,19.07,17.2,17.2,23.85,14.29,9.55,18.92,5.35,7.36,3.52,3.84,9.41,12.3,7.37,4.93,0.9591
47131,2015-03-04,30.02,100.57,3.79,0.79,-0.81,-0.79,7.84,-6.01,13.85,1.0,7.95,10.93,2.5,8.43,9.99,13.14,4.06,9.08,
28099,2007-06-24,2.0,100.05,14.38,27.37,19.65,19.65,33.48,21.35,12.12,27.31,1.23,1.62,0.74,0.88,2.84,4.5,1.38,3.13,
5013,2006-10-01,0.0,100.85,14.01,26.04,19.37,19.37,35.24,18.98,16.26,25.87,1.33,2.01,0.96,1.05,3.15,4.67,1.7,2.97,
13077,2004-01-07,0.0,100.15,1.73,-2.79,-10.02,-9.7,4.63,-7.67,12.31,-2.98,2.09,2.48,1.41,1.07,3.78,4.92,2.87,2.05,
9001,2013-08-05,0.0,100.51,8.08,19.2,10.71,10.71,23.7,14.03,9.67,19.08,2.45,3.62,0.95,2.67,3.86,5.49,1.32,4.17,
21081,2011-02-27,10.33,98.18,7.45,9.81,8.65,8.65,15.79,1.61,14.18,9.72,2.99,5.54,1.62,3.92,5.6,9.56,2.37,7.19,
47183,2003-08-07,1.24,99.78,14.46,23.92,19.74,19.74,28.8,19.01,9.8,24.08,3.17,4.31,2.26,2.05,5.06,5.84,3.48,2.36,
51685,2015-11-20,0.0,101.24,3.96,7.43,0.14,0.2,11.8,2.15,9.64,7.14,3.92,5.49,2.5,3.0,6.88,9.05,5.2,3.85,
54025,2007-05-21,0.14,94.19,9.79,17.07,12.63,12.63,24.12,10.04,14.09,16.92,1.82,2.16,1.01,1.15,3.81,4.96,2.78,2.19,
48287,2003-01-14,0.02,101.43,5.39,6.11,5.0,5.0,12.6,2.18,10.42,6.26,1.83,2.42,0.77,1.64,2.75,3.98,0.97,3.01,0.0
21043,2015-12-19,0.0,99.55,2.23,-1.54,-6.92,-6.79,3.51,-4.5,8.01,-1.86,2.77,3.92,1.48,2.45,5.44,7.55,2.14,5.41,
28029,2013-07-06,2.64,100.31,16.25,24.65,21.69,21.69,28.96,20.85,8.11,24.7,1.45,1.98,1.06,0.92,3.18,3.81,2.25,1.56,
54041,2001-11-02,1.96,94.75,8.12,14.65,10.02,10.02,19.48,11.9,7.58,14.65,2.19,2.91,1.32,1.59,5.17,5.87,4.08,1.79,
35001,2013-05-28,0.0,80.98,2.13,19.84,-9.91,-9.44,28.76,8.96,19.8,21.67,4.04,5.88,1.69,4.19,6.03,8.2,2.09,6.11,5.0
17015,2004-01-08,0.12,99.32,1.87,-7.22,-9.05,-9.0,-3.01,-11.81,8.81,-7.64,3.54,5.1,0.72,4.38,4.87,6.96,1.01,5.95,
17151,2001-02-09,10.96,99.73,7.34,10.3,7.53,7.56,18.73,-3.12,21.85,9.89,9.68,14.62,5.77,8.85,13.41,19.75,8.3,11.45,
18167,2013-07-20,18.05,99.05,18.21,25.48,23.31,23.32,28.39,22.27,6.11,25.36,2.86,4.81,0.31,4.5,4.28,7.49,0.42,7.06,
29159,2010-03-22,0.0,98.4,3.81,4.37,-0.33,-0.31,12.56,-3.4,15.96,3.88,2.98,4.37,1.37,3.0,4.37,7.27,2.12,5.15,
13039,2008-05-08,0.15,101.06,13.1,25.63,18.22,18.22,32.1,19.96,12.14,25.71,3.17,4.21,2.02,2.19,5.65,7.11,3.57,3.54,
20057,2015-11-12,0.0,93.9,3.23,6.97,-3.06,-2.98,15.33,0.6,14.73,6.47,3.37,6.21,0.69,5.52,5.05,9.8,1.01,8.78,
13283,2004-10-05,0.02,101.22,11.29,20.85,15.98,15.98,27.11,14.28,12.82,20.19,2.25,3.1,1.68,1.41,3.47,4.75,2.22,2.53,0.0
17149,2014-12-03,0.0,100.34,2.83,-0.46,-3.91,-3.86,5.05,-3.18,8.23,-0.79,3.31,5.06,1.64,3.42,5.31,7.09,2.85,4.24,
18159,2001-03-04,1.2,98.07,3.21,0.55,-2.63,-2.61,6.12,-4.08,10.2,0.65,6.72,9.27,3.75,5.51,8.87,11.13,5.97,5.16,
38009,2012-01-11,0.33,96.19,0.94,-12.92,-17.31,-16.72,-3.01,-17.9,14.89,-12.44,10.07,11.05,7.27,3.78,12.33,13.76,9.09,4.67,
20153,2005-09-22,0.13,90.76,6.56,17.45,6.26,6.26,21.33,15.04,6.3,18.1,6.04,10.1,2.49,7.61,8.04,13.44,4.97,8.47,
12103,2012-12-07,0.16,101.38,12.37,20.22,17.5,17.5,23.68,17.36,6.33,20.8,2.67,4.07,0.31,3.76,3.41,5.03,0.45,4.58,
27095,2010-07-05,12.81,97.02,14.22,23.1,18.84,18.84,28.09,17.84,10.25,22.9,2.82,4.23,1.22,3.01,4.02,5.89,1.74,4.15,
12113,2002-09-07,6.04,101.18,16.47,26.24,21.98,21.98,29.27,23.89,5.38,26.3,3.6,5.43,2.13,3.29,5.84,7.78,4.02,3.75,
17139,2011-03-17,0.0,99.01,9.08,14.88,11.72,11.72,23.09,5.66,17.43,14.62,8.17,11.7,5.29,6.41,11.28,14.8,8.13,6.67,
51678,2013-04-04,13.57,97.22,2.95,0.6,-3.99,-3.91,4.71,-2.8,7.51,0.55,1.35,2.02,0.49,1.53,2.62,4.53,0.92,3.62,
49025,2007-05-26,0.0,82.15,3.76,18.02,-3.04,-2.92,25.43,10.01,15.43,17.45,3.16,5.55,1.2,4.34,4.11,6.29,1.71,4.57,
8039,2011-05-14,2.26,82.13,4.26,7.5,-1.23,-1.2,14.87,1.59,13.27,9.9,2.68,4.47,0.43,4.03,2.92,4.71,0.72,3.99,
54109,2011-10-30,0.0,96.35,3.72,5.71,-0.88,-0.84,12.57,1.52,11.05,3.79,1.05,2.32,0.36,1.96,2.04,5.93,0.47,5.46,
18051,2008-04-25,9.44,99.63,12.7,20.33,17.58,17.58,25.31,14.7,10.61,20.1,7.15,9.55,3.78,5.77,10.17,12.47,7.28,5.19,
55117,2007-03-20,0.0,100.53,2.59,-1.38,-5.1,-5.03,0.9,-4.6,5.5,0.4,6.86,9.84,5.52,4.31,8.34,12.54,5.99,6.54,0.0
21029,2015-06-12,2.25,98.94,17.13,25.66,22.33,22.33,29.86,21.59,8.27,25.63,3.88,5.4,2.73,2.67,6.54,7.63,5.38,2.24,
13275,2004-01-19,0.59,100.46,6.32,9.66,6.35,6.36,13.52,1.25,12.27,9.59,2.9,4.52,1.67,2.85,4.97,7.03,3.42,3.61,
51081,2004-05-30,3.73,100.59,12.24,19.51,17.03,17.03,23.03,15.53,7.5,19.62,1.93,2.79,1.33,1.46,3.9,4.71,2.79,1.92,
28065,2006-07-29,4.75,100.59,16.81,29.21,22.2,22.2,35.73,23.34,12.4,29.13,0.89,1.33,0.42,0.91,2.21,3.88,0.78,3.09,
48263,2007-08-04,0.0,93.86,16.01,27.02,20.38,20.38,32.52,21.14,11.38,28.14,4.19,5.39,2.51,2.88,6.13,7.74,4.52,3.22,
48309,2013-06-13,0.0,99.14,14.71,29.96,19.8,19.8,37.42,23.13,14.29,31.58,3.28,4.57,2.48,2.08,5.12,7.0,2.92,4.08,
37183,2016-07-13,0.53,100.5,16.33,28.25,21.78,21.78,34.28,22.09,12.19,28.05,1.73,2.41,1.03,1.39,3.08,4.16,1.37,2.79,
56029,2016-02-28,0.79,74.25,2.99,-5.13,-7.07,-7.05,-1.85,-9.67,7.82,-5.15,5.08,6.4,3.02,3.39,7.49,9.67,5.12,4.54,
1027,2004-03-24,0.0,100.01,5.25,11.23,4.12,4.14,19.54,2.72,16.83,11.31,2.12,2.86,1.55,1.32,5.01,6.65,2.5,4.15,
13237,2005-10-18,0.0,99.62,7.42,17.92,9.19,9.19,28.86,7.92,20.95,17.31,1.8,2.31,0.93,1.38,3.72,5.15,1.34,3.8,0.0
39119,2003-04-19,0.24,98.85,8.65,15.3,11.3,11.3,23.24,7.2,16.04,15.3,1.96,2.36,1.21,1.15,3.89,6.13,2.73,3.4,
21181,2013-11-21,0.18,99.28,5.88,8.06,5.52,5.53,13.28,2.8,10.47,7.68,2.35,2.91,1.79,1.12,4.85,6.6,3.44,3.15,
45041,2011-09-06,11.25,100.24,18.5,26.91,23.7,23.7,30.78,21.77,9.01,26.83,5.6,8.66,2.43,6.23,8.31,11.39,5.39,6.01,1.0
51133,2011-11-04,2.1,101.38,6.72,11.13,8.03,8.03,13.91,9.15,4.77,11.86,6.61,9.97,1.06,8.9,8.43,12.94,1.61,11.33,
31117,2013-08-15,0.92,90.06,11.56,19.96,14.59,14.6,25.73,15.5,10.24,20.91,1.91,3.1,0.34,2.76,2.86,6.28,0.54,5.74,
13241,2004-01-23,0.0,95.78,2.38,-0.32,-6.99,-6.82,7.28,-5.84,13.13,-0.26,2.58,3.38,1.94,1.44,5.29,6.5,4.03,2.47,
38079,2000-12-02,0.09,96.48,1.87,-9.18,-9.87,-9.84,-4.55,-16.02,11.47,-9.5,7.3,8.81,4.07,4.74,9.79,11.59,6.9,4.69,
48387,2008-07-06,0.0,99.68,13.81,28.15,18.96,18.97,34.6,22.02,12.58,28.65,3.33,4.87,2.06,2.81,5.71,7.16,3.74,3.43,
21009,2007-12-11,1.99,99.3,10.31,15.38,14.2,14.2,21.55,10.45,11.1,14.88,3.05,4.56,0.55,4.01,6.01,7.62,1.51,6.11,1.1344
20193,2004-01-14,0.02,90.75,2.88,3.8,-5.0,-4.9,12.62,-1.27,13.89,2.84,4.46,6.88,1.2,5.68,6.74,11.06,1.73,9.33,
48359,2003-02-25,0.01,87.91,2.17,-1.23,-9.08,-8.88,7.6,-8.06,15.66,-0.42,5.29,7.39,2.1,5.28,7.25,10.29,2.37,7.91,0.0
27073,2009-08-01,0.02,96.5,7.12,17.13,8.29,8.29,22.74,12.42,10.32,17.7,5.79,7.79,2.2,5.59,7.94,10.55,3.58,6.98,
18033,2004-04-01,0.06,98.3,4.2,4.56,1.02,1.03,10.03,-0.92,10.95,5.15,6.25,7.66,4.02,3.64,8.37,10.0,7.04,2.95,
47035,2002-03-05,0.0,98.09,2.95,0.65,-3.92,-3.87,10.24,-7.14,17.38,0.54,1.83,2.83,0.98,1.86,4.04,6.46,1.36,5.1,0.9746
27145,2012-08-03,7.44,96.61,11.77,25.05,15.88,15.88,31.31,18.56,12.75,25.31,4.96,7.59,2.5,5.09,7.38,9.81,4.21,5.6,
8023,2004-11-26,0.7,74.46,3.13,-1.58,-6.56,-6.51,4.24,-7.93,12.17,-1.92,5.47,7.71,2.4,5.32,8.07,10.1,4.51,5.59,
40059,2014-04-19,0.07,93.98,7.31,18.82,8.33,8.33,28.32,11.41,16.91,19.45,8.23,10.48,5.33,5.15,10.93,12.92,8.46,4.46,
19127,2007-11-26,0.01,98.28,2.95,-0.77,-3.66,-3.62,3.82,-3.02,6.84,-1.01,5.06,7.7,2.99,4.72,7.52,9.32,5.56,3.76,
12043,2015-07-29,5.47,101.39,19.35,26.72,24.73,24.73,29.17,24.47,4.7,26.63,2.76,3.7,1.92,1.78,4.44,6.17,3.18,2.99,
31143,2008-10-29,0.0,96.05,5.34,7.69,3.99,4.0,17.65,0.36,17.29,7.15,3.44,4.54,2.29,2.25,6.22,9.51,2.48,7.03,
37023,2006-11-20,0.22,95.56,3.45,1.88,-2.0,-1.97,6.05,-1.54,7.59,1.85,2.71,3.16,2.28,0.88,4.95,5.87,4.17,1.7,
18071,2011-03-03,0.01,99.97,4.13,4.5,0.49,0.51,10.37,-2.9,13.27,4.36,4.24,5.88,3.1,2.78,7.32,10.18,5.93,4.26,
31183,2011-06-02,0.05,93.32,13.86,24.9,17.93,17.93,30.93,19.29,11.65,24.79,8.85,11.4,6.03,5.36,12.18,16.07,8.7,7.37,
31181,2010-02-27,0.01,95.49,2.89,-0.78,-4.26,-4.23,6.19,-4.34,10.53,0.25,2.32,3.41,1.22,2.19,3.73,6.85,1.45,5.4,
31079,2001-06-30,2.25,95.07,12.61,27.54,16.79,16.79,34.36,19.71,14.65,29.0,2.32,3.54,0.59,2.95,3.63,5.3,0.48,4.82,
48191,2014-01-13,0.0,93.54,2.33,6.54,-7.7,-7.29,14.51,1.21,13.31,5.9,5.3,6.88,2.75,4.13,7.61,9.89,4.23,5.66,
54059,2004-04-22,3.43,96.96,10.74,17.12,14.6,14.6,22.45,13.16,9.29,17.13,2.12,2.91,1.41,1.5,4.96,6.33,2.75,3.58,
29141,2002-11-28,0.0,99.11,2.83,0.51,-4.07,-4.02,8.68,-4.03,12.71,0.47,2.7,3.77,1.79,1.98,5.24,7.72,3.55,4.17,
16073,2014-02-02,0.01,86.12,1.95,-2.22,-10.18,-9.97,3.27,-6.81,10.07,-1.89,3.06,5.32,0.76,4.56,4.67,7.71,0.98,6.73,
30009,2001-06-04,1.46,82.42,3.45,7.99,-4.05,-3.96,14.65,0.28,14.38,10.12,1.98,3.67,0.24,3.43,3.01,4.84,0.54,4.3,
50015,2000-09-14,0.23,98.01,8.72,16.28,11.55,11.55,22.11,11.31,10.8,16.39,2.23,2.92,1.81,1.11,4.46,5.37,2.74,2.63,
51093,2011-11-12,0.0,102.18,4.34,6.82,1.93,1.95,15.72,-0.27,15.99,6.81,4.06,5.93,2.74,3.2,6.96,8.49,4.33,4.16,
6079,2014-01-09,0.0,97.27,5.72,10.27,5.2,5.21,17.22,6.53,10.69,10.64,4.66,6.81,3.38,3.43,6.61,8.4,4.48,3.93,
8029,2000-01-02,4.23,75.13,2.51,-7.09,-8.93,-8.9,-2.31,-11.14,8.83,-7.43,3.02,4.47,1.9,2.57,4.84,6.58,3.73,2.85,
29005,2012-01-12,0.03,97.72,1.09,-8.0,-15.09,-14.49,-6.09,-10.38,4.29,-7.25,10.57,11.94,7.59,4.36,13.07,14.67,9.89,4.78,
45059,2012-08-16,0.01,99.43,13.09,25.53,17.99,17.99,32.99,18.61,14.38,25.47,1.12,1.82,0.17,1.65,2.43,4.53,0.51,4.01,
31075,2005-04-02,0.0,88.78,3.64,10.94,-2.32,-2.24,20.29,2.22,18.07,10.8,4.89,8.94,1.01,7.93,7.22,10.75,1.56,9.19,
13237,2011-05-09,0.0,99.52,12.34,24.94,17.15,17.16,31.99,17.12,14.87,24.28,1.3,1.99,0.57,1.42,2.55,4.8,0.87,3.93,
40077,2006-05-20,0.0,98.09,12.6,24.31,17.22,17.22,32.57,16.74,15.83,24.36,2.99,3.59,2.06,1.52,5.8,7.11,4.38,2.73,
6085,2011-06-12,0.0,98.43,7.97,14.75,10.31,10.31,22.39,10.15,12.24,15.92,3.21,4.65,2.1,2.55,4.01,5.77,2.31,3.46,
41023,2008-08-02,0.02,85.76,6.96,16.63,6.13,6.14,24.91,9.92,14.99,17.79,2.55,4.14,1.08,3.06,3.88,5.83,1.78,4.05,
35001,2015-02-10,0.0,81.56,3.3,8.94,-4.61,-4.51,18.66,2.86,15.8,7.27,3.23,4.81,2.08,2.73,4.85,7.91,2.68,5.24,1.7616
13289,2004-02-26,9.31,100.2,3.79,1.3,-0.03,-0.02,2.1,-0.56,2.65,1.35,4.56,6.79,2.68,4.11,7.21,10.68,4.84,5.84,
29035,2003-02-24,1.09,100.74,2.3,-3.07,-6.52,-6.44,0.49,-6.17,6.66,-2.86,3.09,3.76,2.37,1.39,4.95,6.15,3.91,2.24,
30015,2002-09-18,0.87,89.57,6.03,12.44,4.67,4.69,17.08,9.16,7.92,13.16,4.94,6.48,3.55,2.93,6.93,10.49,4.9,5.59,
48029,2001-10-19,0.0,98.7,11.24,19.84,15.59,15.59,28.12,12.48,15.64,20.23,3.5,5.01,2.52,2.5,5.85,8.55,3.24,5.3,
22049,2005-11-12,0.07,100.84,9.7,19.32,13.09,13.1,26.89,12.06,14.82,19.38,2.48,3.2,1.74,1.46,5.24,6.19,3.71,2.48,
13207,2001-02-13,1.58,100.51,6.19,7.47,6.73,6.73,12.15,3.75,8.4,7.57,0.99,1.52,0.46,1.06,2.06,4.08,0.6,3.48,2.902
48383,2015-11-15,2.93,92.57,9.45,13.82,11.84,11.84,18.55,9.78,8.78,14.11,6.53,8.07,4.75,3.32,8.51,9.8,6.45,3.35,
46115,2008-05-24,5.89,95.86,8.55,16.33,10.58,10.59,23.41,11.47,11.94,16.11,9.45,12.75,4.43,8.32,13.37,16.02,9.97,6.05,
39025,2003-05-11,9.37,97.48,9.53,17.09,12.04,12.04,22.07,11.68,10.39,17.11,7.81,9.59,4.73,4.86,11.79,13.93,8.61,5.32,
21161,2006-11-12,0.03,99.11,3.96,2.88,0.42,0.43,8.17,-0.01,8.18,3.02,2.31,3.04,1.42,1.62,3.85,5.33,3.08,2.26,
41037,2002-06-01,0.74,83.98,5.92,13.44,3.61,3.63,17.42,7.44,9.98,14.65,3.68,4.96,1.61,3.35,5.12,7.06,3.2,3.86,
22063,2007-09-26,0.22,101.41,16.87,25.75,22.47,22.47,30.78,22.03,8.75,25.75,2.35,2.93,1.86,1.07,4.09,5.4,2.75,2.65,
51600,2003-11-02,0.0,101.29,11.29,17.8,16.01,16.01,24.61,13.07,11.54,17.47,2.08,2.71,0.42,2.29,4.18,6.5,0.5,6.0,
19167,2000-06-11,0.01,96.65,8.66,22.9,11.29,11.29,28.67,16.02,12.65,23.3,4.6,6.2,2.99,3.21,7.13,9.35,4.97,4.38,
21009,2005-02-20,25.56,98.96,6.09,7.07,6.17,6.17,11.25,2.15,9.1,6.97,5.49,7.67,2.7,4.97,8.28,11.09,4.94,6.15,
51183,2011-11-21,2.5,101.75,10.35,15.98,14.77,14.77,20.69,12.91,7.78,15.85,2.17,3.26,1.23,2.03,4.24,6.57,1.75,4.82,
20163,2004-01-31,1.05,93.89,2.14,-5.52,-8.27,-8.2,-1.81,-8.59,6.78,-4.61,4.35,5.71,2.63,3.08,5.41,7.5,3.47,4.03,
55035,2009-05-11,0.01,98.46,4.72,10.77,2.67,2.69,17.42,2.79,14.64,10.95,2.32,3.94,1.2,2.73,3.38,8.76,1.73,7.03,
48225,2004-11-10,1.18,100.63,11.43,17.21,15.74,15.74,24.28,9.78,14.5,17.19,2.77,4.1,2.09,2.0,5.53,6.45,4.29,2.17,
17019,2000-11-14,0.21,99.06,3.02,-0.08,-3.24,-3.2,3.27,-4.17,7.44,-0.11,6.77,9.21,3.86,5.35,9.32,11.33,7.18,4.15,0.0
13035,2005-07-05,3.98,99.62,17.57,26.13,22.86,22.86,30.08,22.96,7.13,26.15,1.83,2.48,1.32,1.15,3.96,5.06,2.65,2.41,0.0
20057,2014-07-06,0.0,93.0,12.76,28.15,16.6,16.6,36.67,19.05,17.62,28.5,2.86,4.23,0.99,3.24,4.77,8.84,1.27,7.57,
32510,2007-06-16,0.25,82.38,4.7,20.17,-0.24,-0.17,29.87,11.67,18.2,21.31,4.3,7.54,2.1,5.44,5.82,8.87,3.32,5.55,
55045,2010-05-02,1.21,96.96,7.91,14.49,9.99,9.99,19.86,9.69,10.17,14.78,4.89,5.97,3.39,2.57,7.15,8.7,5.5,3.2,
29121,2001-05-23,0.21,97.77,5.76,12.04,5.47,5.48,17.5,7.85,9.65,12.33,6.61,9.74,3.09,6.65,9.42,12.41,6.15,6.26,
13143,2002-07-26,4.38,98.56,16.18,26.34,21.33,21.33,32.01,22.14,9.87,26.42,1.65,2.27,1.07,1.19,3.51,4.85,2.43,2.42,
27129,2009-04-08,0.0,97.16,3.22,2.93,-2.64,-2.59,10.54,-3.18,13.72,3.8,5.73,8.29,3.56,4.72,8.15,9.63,7.17,2.46,
48249,2008-05-22,0.01,98.71,15.02,31.06,19.8,19.8,40.35,24.95,15.41,32.55,6.55,8.66,4.02,4.64,8.59,10.75,4.64,6.11,
40049,2010-09-07,8.46,97.97,16.81,24.92,21.86,21.86,27.14,22.28,4.86,25.21,3.89,5.66,2.37,3.29,5.59,6.84,2.81,4.04,1.4187
48123,2012-03-05,0.0,101.5,7.32,15.06,9.48,9.49,24.22,7.52,16.7,15.11,4.07,6.67,1.71,4.96,6.71,9.56,2.03,7.53,
17045,2008-10-15,12.63,99.4,12.22,18.84,16.72,16.72,25.73,11.61,14.13,18.7,5.46,8.72,1.94,6.78,7.73,11.22,3.44,7.78,
28077,2012-01-14,0.0,101.37,3.79,3.99,-0.28,-0.26,13.35,-3.74,17.09,3.99,2.23,3.55,1.65,1.9,5.5,6.89,2.24,4.64,
19175,2010-06-23,4.92,97.42,16.89,24.7,21.73,21.73,28.86,18.87,9.99,24.59,5.17,7.81,2.77,5.05,7.67,10.03,6.13,3.9,
13001,2005-02-23,1.94,101.15,10.57,18.22,14.96,14.96,25.13,13.27,11.86,18.28,1.74,2.3,0.89,1.41,3.44,5.35,1.08,4.26,
31087,2011-02-19,3.67,90.6,3.87,4.89,-1.59,-1.55,14.04,-2.76,16.79,5.06,4.15,7.18,0.15,7.04,5.83,10.2,0.27,9.92,
22097,2001-01-25,0.0,102.55,5.01,7.03,4.13,4.13,14.15,2.6,11.55,6.82,2.84,3.71,1.9,1.81,4.85,6.31,2.95,3.36,
36091,2003-11-06,0.11,98.95,6.12,7.67,6.42,6.42,10.79,3.2,7.59,7.45,0.96,1.36,0.21,1.15,2.33,4.2,0.42,3.78,
48147,2008-04-15,0.0,99.77,6.09,12.37,6.35,6.36,19.9,4.52,15.38,12.57,5.94,7.98,3.66,4.32,8.87,10.28,5.94,4.34,0.0
51071,2007-03-17,1.01,93.28,2.45,-3.05,-6.59,-6.53,0.29,-5.46,5.74,-3.05,4.43,5.52,2.64,2.87,7.92,9.53,5.32,4.21,
49053,2016-04-03,0.0,83.02,3.06,12.99,-5.35,-5.2,20.91,5.59,15.32,11.55,1.88,3.4,0.34,3.05,2.28,3.63,0.46,3.18,
20175,2009-12-01,0.0,91.15,3.12,4.55,-4.05,-3.98,14.93,-2.27,17.19,4.17,5.15,10.33,0.58,9.75,7.45,13.63,0.44,13.19,0.0
27095,2004-01-20,0.08,98.28,1.1,-12.48,-15.08,-14.84,-8.42,-16.66,8.24,-12.35,4.44,8.1,2.81,5.29,6.11,10.77,3.61,7.16,2.0
29045,2007-05-15,7.22,98.97,10.93,17.68,14.66,14.66,21.49,11.07,10.42,17.59,5.72,9.21,2.12,7.08,8.24,11.76,2.79,8.97,0.0
22103,2005-04-07,1.05,100.86,10.69,18.11,15.11,15.11,20.82,15.79,5.02,18.69,4.18,5.37,3.21,2.16,6.15,7.28,5.14,2.15,
51125,2008-05-29,0.0,98.95,7.45,16.71,8.94,8.94,24.88,8.08,16.81,16.02,1.36,2.02,0.78,1.24,2.7,5.42,1.14,4.28,
38001,2009-11-01,0.0,92.41,4.37,7.03,0.69,0.72,12.61,0.9,11.71,6.65,6.09,8.46,2.89,5.56,9.11,12.85,5.92,6.93,
30019,2007-06-29,0.17,91.86,10.03,23.26,12.69,12.69,33.89,12.32,21.57,23.59,6.39,8.52,4.43,4.08,8.97,11.16,6.43,4.73,
19147,2000-07-21,0.18,97.33,6.5,17.85,7.15,7.16,24.37,10.37,14.0,18.62,3.22,4.46,1.6,2.86,4.75,6.88,2.5,4.38,
48025,2008-07-18,0.06,100.73,16.41,28.77,21.85,21.85,34.48,23.44,11.05,30.45,4.06,6.62,2.07,4.55,5.62,8.02,3.6,4.42,
29183,2014-03-10,0.0,98.79,5.22,9.8,4.13,4.14,20.79,1.41,19.38,9.13,4.22,5.5,3.08,2.43,7.47,8.28,6.78,1.51,
31009,2015-05-09,22.51,92.35,6.27,9.3,5.66,5.66,12.2,7.21,4.99,9.82,7.69,9.99,4.36,5.63,9.7,12.71,6.74,5.97,
36103,2004-10-24,0.22,101.4,6.76,10.8,8.31,8.31,11.6,10.16,1.44,13.11,6.27,6.95,5.54,1.4,7.29,8.28,6.39,1.89,
6063,2013-01-24,2.47,85.47,5.25,3.13,2.09,2.09,6.48,1.23,5.25,2.29,0.97,1.25,0.25,1.0,1.82,2.55,0.53,2.01,
29209,2015-11-28,14.94,98.01,4.59,3.34,2.26,2.27,5.52,1.94,3.58,3.63,2.86,3.58,2.04,1.54,4.03,4.95,2.91,2.04,
46035,2010-03-02,0.01,96.92,2.75,-2.62,-4.83,-4.81,4.98,-8.59,13.57,-2.68,3.18,4.14,2.24,1.91,5.02,6.64,2.45,4.19,0.0
54079,2002-10-19,6.28,98.36,7.68,11.97,9.6,9.6,14.68,8.98,5.71,11.97,2.36,3.57,0.74,2.84,4.98,6.97,2.27,4.71,
51085,2010-11-21,0.0,102.25,6.55,9.39,7.89,7.89,16.25,4.96,11.29,9.35,1.62,2.12,1.16,0.96,3.36,5.06,1.73,3.34,
19073,2005-03-19,0.11,97.54,2.57,-1.44,-5.44,-5.38,3.96,-4.65,8.61,-0.32,6.7,9.83,1.94,7.89,8.33,11.99,3.27,8.72,
47023,2011-09-28,0.0,99.47,10.16,21.27,14.12,14.12,27.39,14.8,12.59,20.07,1.86,2.91,0.19,2.72,2.86,4.21,0.3,3.92,
20205,2014-03-28,0.01,97.96,4.05,4.28,0.48,0.5,8.35,-0.07,8.42,4.35,3.54,5.19,2.47,2.72,5.34,7.24,3.36,3.88,
53025,2010-10-30,1.21,95.74,5.23,5.7,3.82,3.82,9.55,3.29,6.27,6.17,2.74,4.83,1.04,3.8,3.51,5.56,1.37,4.19,
29045,2001-10-14,1.36,98.24,4.9,10.1,3.16,3.18,15.32,5.41,9.91,9.97,5.68,9.88,2.54,7.35,8.92,12.46,5.61,6.86,
1067,2004-09-06,31.94,98.59,17.05,25.43,22.15,22.15,28.87,23.17,5.69,25.43,7.7,10.13,1.29,8.84,12.55,16.21,2.94,13.27,
19019,2002-01-30,1.91,98.98,2.65,-2.21,-4.88,-4.84,-0.47,-3.21,2.74,-1.88,4.43,6.67,2.71,3.96,5.37,8.19,3.32,4.87,
42091,2004-09-27,1.45,100.63,11.27,19.43,15.88,15.88,25.3,14.04,11.26,19.43,1.5,1.95,1.04,0.9,3.17,4.38,1.83,2.55,
40131,2008-09-15,0.0,99.75,7.47,15.23,9.52,9.52,21.46,9.58,11.87,15.46,4.02,5.21,2.63,2.58,6.07,7.95,4.8,3.16,
18115,2008-01-22,1.06,99.32,2.98,-1.93,-3.56,-3.54,2.29,-8.22,10.51,-2.09,3.86,5.57,1.78,3.78,6.52,8.84,3.72,5.12,0.0
13083,2004-11-01,0.18,97.79,12.38,20.6,16.96,16.96,26.38,15.77,10.61,20.61,2.64,3.67,1.67,2.0,5.6,6.87,3.43,3.43,
48189,2016-04-04,0.0,90.26,3.79,17.53,-1.55,-1.45,28.48,6.86,21.63,17.96,4.57,6.93,2.23,4.7,7.06,10.03,3.9,6.12,
34041,2008-08-31,0.0,99.43,7.78,21.35,10.04,10.04,29.78,14.41,15.36,21.36,1.9,2.45,1.33,1.12,4.22,5.75,3.11,2.63,
29227,2000-09-21,0.0,97.99,4.08,13.65,0.58,0.65,21.82,6.35,15.47,14.19,3.63,6.23,0.38,5.85,5.36,9.09,0.46,8.63,
13255,2001-10-30,0.0,100.13,3.19,12.77,-2.6,-2.43,23.73,5.33,18.4,10.65,1.8,2.82,0.61,2.21,2.79,4.78,0.8,3.98,2.0
6073,2000-03-03,0.72,93.54,6.05,9.59,5.43,5.43,13.52,6.26,7.26,10.33,2.42,3.15,0.75,2.4,3.1,4.05,1.14,2.91,
48027,2016-01-18,0.0,100.35,4.27,5.02,1.5,1.52,10.94,-0.76,11.71,4.96,2.15,4.18,0.15,4.03,3.39,7.9,0.32,7.58,
17057,2016-10-24,0.0,100.5,5.86,10.98,6.11,6.11,17.58,7.12,10.46,11.46,3.44,4.31,2.03,2.28,5.38,7.77,3.11,4.66,
54003,2008-12-22,0.01,98.79,1.04,-9.93,-15.43,-14.9,-6.62,-12.14,5.53,-9.95,4.76,6.27,1.85,4.42,8.11,10.53,4.28,6.25,
39071,2001-06-09,0.0,98.19,7.78,18.53,9.89,9.89,24.3,10.92,13.38,18.0,1.69,2.47,0.45,2.02,2.55,4.24,0.64,3.6,
47131,2001-09-30,0.0,101.11,6.26,16.47,7.15,7.16,24.93,9.48,15.45,16.98,3.94,5.14,3.02,2.11,6.48,7.88,4.55,3.33,
26075,2000-03-02,0.0,98.61,2.63,-0.01,-5.03,-4.95,5.24,-4.52,9.75,0.39,6.01,9.11,3.35,5.77,8.58,10.82,6.68,4.14,
48167,2005-05-07,0.04,101.62,13.61,22.26,19.0,19.0,24.01,20.37,3.64,22.41,5.85,6.51,4.73,1.78,7.28,7.73,6.21,1.52,
37165,2016-01-15,15.36,99.88,6.5,7.17,6.95,6.95,13.82,0.74,13.08,6.48,5.02,9.2,2.06,7.14,7.57,13.05,3.48,9.57,
36103,2014-12-07,8.68,102.84,3.67,3.24,-0.4,-0.36,4.8,-0.32,5.12,7.77,11.58,12.61,10.31,2.3,13.65,15.02,12.02,3.0,
34025,2009-01-09,0.01,101.32,2.57,-1.76,-5.03,-4.98,0.61,-3.61,4.21,-0.43,5.84,7.18,3.64,3.54,8.2,9.17,5.55,3.62,
56021,2006-08-16,1.31,82.01,9.2,21.74,9.66,9.66,27.45,15.64,11.8,22.53,3.3,5.74,0.85,4.89,4.71,6.81,1.21,5.6,
20119,2009-12-12,0.01,92.27,3.09,0.87,-3.87,-3.83,10.01,-4.44,14.45,-0.11,4.36,5.88,2.7,3.18,6.61,7.83,5.21,2.62,
28123,2001-04-12,1.94,100.15,15.4,23.67,20.81,20.81,28.85,20.2,8.65,23.66,2.78,3.66,2.08,1.57,5.66,6.48,4.23,2.25,
21127,2011-07-10,0.0,98.35,16.13,25.06,21.08,21.08,31.27,16.94,14.32,24.91,1.14,1.79,0.76,1.03,2.68,4.55,1.44,3.11,
1091,2015-03-14,0.36,101.02,11.14,18.42,15.82,15.82,24.24,14.77,9.47,18.39,1.66,2.33,1.14,1.19,3.74,4.73,2.57,2.16,
48355,2010-03-05,0.07,101.45,8.71,15.54,12.12,12.12,19.26,11.98,7.28,15.46,5.21,7.52,3.59,3.92,7.88,9.17,6.84,2.33,
6021,2000-07-16,0.11,97.2,6.9,23.5,7.88,7.89,31.16,18.08,13.08,25.02,2.84,3.45,2.05,1.4,3.89,6.27,2.77,3.5,
41015,2000-09-27,0.12,98.16,8.01,14.01,10.24,10.25,18.62,11.21,7.4,13.08,1.72,3.39,0.28,3.1,2.48,4.73,0.38,4.35,
54031,2000-04-21,12.4,94.87,7.69,12.85,9.03,9.03,19.28,4.5,14.77,12.81,2.11,3.55,0.97,2.58,4.06,6.29,2.53,3.76,
36047,2001-12-08,10.83,101.47,4.3,5.46,1.64,1.66,7.35,3.64,3.72,6.81,4.3,6.53,3.01,3.51,5.58,7.98,3.46,4.52,
34025,2004-09-09,4.93,100.7,16.85,24.61,22.31,22.31,27.89,20.54,7.35,24.4,7.19,10.09,4.68,5.41,10.24,14.04,6.74,7.3,
40079,2016-05-14,0.0,98.88,6.99,14.14,8.25,8.26,18.69,10.63,8.06,14.28,2.67,3.7,1.15,2.54,4.7,5.95,2.3,3.65,
12061,2015-01-14,1.29,101.72,12.04,18.9,17.09,17.09,23.04,15.88,7.16,19.3,4.75,5.96,3.49,2.47,6.4,7.24,5.53,1.71,
19097,2013-07-22,4.77,97.85,16.8,24.29,21.8,21.8,28.38,19.4,8.99,24.55,3.35,5.23,1.95,3.28,5.21,8.87,2.35,6.51,
13315,2016-06-07,0.31,99.78,14.74,25.95,20.0,20.0,31.35,21.01,10.34,26.08,3.42,4.85,1.91,2.94,5.36,7.29,2.93,4.36,0.0
28009,2002-10-02,1.28,100.24,16.87,24.97,22.27,22.27,30.19,20.65,9.53,24.97,2.05,2.73,1.65,1.08,4.17,5.66,2.71,2.94,
8039,2008-04-20,0.01,80.64,2.38,14.06,-8.76,-8.42,23.27,5.75,17.53,14.66,6.98,8.36,3.84,4.52,10.43,12.66,7.93,4.73,
6013,2013-10-12,0.0,99.38,6.16,14.09,6.35,6.37,24.45,7.45,17.01,15.26,3.51,5.72,1.85,3.86,4.85,6.85,2.27,4.58,
13069,2007-03-19,0.0,102.05,5.84,12.38,6.18,6.19,20.52,4.5,16.02,12.47,3.03,4.23,2.28,1.95,5.27,7.15,3.02,4.13,
48123,2001-11-17,1.18,101.27,12.11,18.88,17.12,17.12,22.61,16.39,6.22,18.85,3.42,4.67,1.89,2.78,5.19,6.24,3.86,2.38,
50013,2009-11-20,15.01,98.79,5.91,7.78,5.91,5.92,9.72,6.3,3.42,7.53,3.57,4.65,2.38,2.27,6.7,8.77,4.3,4.47,
16065,2010-02-22,0.21,82.53,1.37,-14.12,-15.24,-15.21,-5.67,-21.77,16.1,-16.61,1.9,2.43,0.51,1.92,2.72,3.54,0.66,2.88,
37035,2009-09-20,4.58,98.05,12.72,19.95,17.4,17.4,23.54,17.77,5.77,20.07,2.54,3.92,1.48,2.44,4.37,5.52,2.67,2.85,
40005,2000-02-01,1.26,100.1,3.82,2.75,-0.02,-0.01,10.66,-2.91,13.57,2.84,3.14,4.49,1.84,2.66,4.9,7.5,3.05,4.45,1.0
12007,2007-11-09,0.0,101.6,5.01,11.67,3.84,3.86,19.43,4.34,15.09,10.95,1.9,3.03,1.02,2.01,3.18,4.97,1.4,3.57,
18003,2003-05-11,11.02,96.79,7.94,13.59,9.22,9.23,21.08,9.52,11.56,13.81,13.2,16.43,6.01,10.42,17.27,21.0,9.42,11.58,
30047,2005-04-22,0.03,87.58,4.86,8.37,1.4,1.42,16.49,0.46,16.04,8.0,2.12,2.68,1.34,1.34,3.23,4.37,2.39,1.98,
1099,2005-05-12,0.0,100.94,13.15,23.54,18.37,18.37,30.03,18.33,11.69,23.2,1.45,2.12,0.32,1.8,3.27,6.1,0.83,5.27,
55003,2003-02-23,0.12,98.98,0.95,-14.09,-16.34,-16.07,-13.29,-15.17,1.88,-10.92,3.59,6.25,1.29,4.96,4.7,8.18,1.75,6.43,
20073,2002-03-01,5.19,97.01,3.63,0.48,-1.19,-1.17,2.76,-3.71,6.47,0.38,5.54,11.02,0.49,10.53,7.45,13.34,0.95,12.39,
1037,2008-07-02,0.0,99.97,8.62,26.2,11.47,11.48,34.2,15.51,18.69,26.51,1.42,2.54,0.55,1.99,2.65,5.28,0.86,4.42,
16057,2008-08-13,0.0,92.05,8.35,21.61,9.96,9.96,28.46,14.03,14.43,21.4,2.09,2.48,1.63,0.85,3.26,5.42,2.5,2.92,
21169,2007-12-08,4.92,99.38,7.77,10.29,9.93,9.93,13.62,7.0,6.61,10.01,1.6,3.07,0.86,2.21,3.31,6.91,0.89,6.01,
5041,2015-01-31,0.0,101.87,4.12,5.64,1.11,1.13,12.03,-0.12,12.15,5.74,3.52,5.3,2.52,2.78,5.84,8.53,3.98,4.54,
39141,2010-12-13,0.75,97.76,1.34,-9.2,-12.96,-12.72,-6.99,-11.9,4.91,-9.12,6.8,7.69,5.74,1.95,9.78,10.62,8.63,1.99,
35029,2013-03-28,0.0,85.92,3.49,17.3,-3.32,-3.19,24.83,9.41,15.41,18.26,4.22,6.04,3.14,2.9,6.51,8.01,5.15,2.86,
39123,2015-08-19,7.71,98.55,16.46,24.97,21.58,21.58,29.33,20.94,8.39,25.15,5.68,9.55,4.06,5.49,7.78,12.5,5.85,6.64,
30033,2008-09-24,0.0,92.23,4.52,13.31,1.07,1.12,22.02,5.76,16.26,14.04,2.95,4.98,1.52,3.46,4.93,9.84,2.36,7.49,
37147,2003-08-02,3.87,101.6,17.9,25.4,23.5,23.5,28.02,23.28,4.74,25.35,3.22,4.28,2.49,1.8,5.26,6.01,4.0,2.01,
8101,2000-08-10,0.34,84.34,10.01,25.88,11.03,11.04,34.3,17.44,16.85,28.65,2.56,3.37,0.93,2.44,3.43,5.56,0.93,4.63,
17057,2005-02-05,0.0,100.19,4.78,4.49,3.13,3.13,12.75,-0.17,12.93,3.88,5.05,7.51,3.34,4.17,7.87,11.12,4.5,6.62,
51045,2006-04-07,13.57,94.11,8.89,15.83,11.02,11.03,24.69,9.02,15.67,15.84,2.55,4.56,1.44,3.11,5.82,8.82,2.6,6.22,
40025,2008-11-17,0.0,87.46,4.12,7.83,-0.81,-0.77,14.65,3.2,11.45,8.0,4.09,5.44,2.37,3.08,6.86,10.45,2.23,8.22,
21161,2007-07-06,0.16,98.46,12.0,24.65,16.44,16.44,32.0,17.29,14.71,24.85,1.89,2.48,1.22,1.26,3.52,4.5,1.64,2.86,
45087,2003-03-22,0.0,98.87,8.1,13.94,10.55,10.55,20.73,7.59,13.14,13.93,2.16,3.41,0.99,2.42,4.46,5.96,1.25,4.7,
47021,2003-03-02,0.08,99.26,4.39,3.11,1.71,1.72,5.53,-3.22,8.75,3.13,3.26,4.69,1.76,2.93,5.2,6.58,3.24,3.34,
28091,2010-12-11,11.79,100.26,8.6,12.85,11.44,11.44,18.61,7.15,11.45,12.87,2.72,3.69,1.92,1.77,5.76,7.56,4.5,3.07,
36087,2006-02-02,0.09,99.02,4.38,2.69,1.53,1.53,8.17,-2.62,10.79,2.65,2.21,2.86,1.49,1.36,4.27,6.08,2.75,3.33,
29143,2009-03-31,5.69,99.45,6.83,12.8,7.61,7.62,17.7,5.42,12.29,12.47,6.78,8.88,4.22,4.67,10.14,11.47,8.42,3.05,0.0
19073,2014-10-10,0.0,98.26,4.34,6.58,1.54,1.56,10.94,1.58,9.37,5.99,2.93,4.43,1.97,2.46,4.46,6.32,3.37,2.96,
28133,2005-09-17,0.03,101.13,11.44,25.12,16.16,16.16,33.49,18.8,14.68,26.44,2.62,3.33,1.46,1.87,4.03,6.65,1.81,4.84,
40073,2012-05-13,0.0,97.91,8.99,18.99,12.06,12.06,25.35,11.7,13.65,20.03,3.34,4.63,1.98,2.66,4.84,6.3,3.5,2.81,
13265,2001-11-24,2.17,99.73,10.99,17.57,15.34,15.34,24.12,12.29,11.83,17.45,2.3,3.23,1.49,1.74,4.85,6.47,2.68,3.8,
22123,2008-11-19,0.0,102.11,4.02,6.73,0.47,0.51,15.99,-1.19,17.18,6.71,3.8,5.73,2.61,3.12,6.52,8.92,4.17,4.75,
48505,2008-04-22,0.0,99.32,13.41,29.93,18.32,18.32,38.02,23.03,14.98,32.06,6.05,8.18,3.7,4.48,7.53,10.74,5.3,5.44,5.0
53041,2014-12-08,2.71,94.13,5.91,6.83,5.17,5.17,8.85,4.67,4.18,6.74,3.36,4.55,2.67,1.89,6.37,8.61,5.18,3.44,
47121,2008-11-11,1.19,97.63,3.94,8.44,-0.29,-0.23,17.05,1.29,15.76,8.2,1.23,1.89,0.66,1.23,2.84,4.8,1.2,3.6,3.0
27105,2008-06-24,0.26,96.35,12.46,21.29,16.73,16.73,26.16,16.27,9.89,21.65,4.88,6.09,2.92,3.17,7.13,8.11,6.0,2.11,0.0
53029,2003-06-09,0.34,98.88,8.8,15.19,11.87,11.87,18.72,11.99,6.73,14.28,1.09,1.64,0.78,0.85,1.78,2.6,1.31,1.29,
21049,2006-09-07,0.07,98.28,9.31,20.59,12.64,12.64,27.78,13.37,14.41,20.89,1.56,2.04,0.79,1.25,2.72,4.97,1.04,3.93,
29083,2010-05-14,0.68,99.3,8.19,14.4,10.85,10.85,17.57,11.84,5.72,14.61,2.45,3.67,1.45,2.22,3.76,5.29,2.32,2.98,
1123,2001-05-27,3.83,99.15,13.19,22.01,18.05,18.05,28.04,16.32,11.72,22.13,1.78,2.57,1.03,1.55,3.85,5.49,2.2,3.29,
13133,2005-01-22,0.53,98.92,4.87,4.58,2.21,2.26,11.14,-4.27,15.41,4.58,3.16,6.29,1.43,4.86,5.62,11.06,2.27,8.78,
46102,2010-05-21,11.47,89.56,8.21,16.06,9.08,9.09,23.17,8.31,14.86,17.45,4.24,6.95,0.85,6.11,6.27,10.42,0.91,9.51,
21139,2005-04-13,4.75,99.41,7.84,12.32,10.2,10.2,14.93,9.48,5.45,12.7,4.09,6.57,1.56,5.0,6.01,8.88,2.74,6.14,
1081,2007-06-26,1.85,99.98,13.4,28.54,18.48,18.48,35.87,21.24,14.63,28.58,1.55,2.06,1.12,0.93,3.15,4.44,2.39,2.05,4.0
17199,2000-02-24,2.1,100.04,10.31,17.42,14.49,14.49,22.86,13.7,9.15,17.01,8.07,11.06,4.26,6.8,11.88,14.21,8.46,5.75,
18097,2006-04-04,0.0,98.81,3.92,5.95,0.18,0.21,12.78,-1.23,14.0,5.95,5.84,9.06,3.5,5.56,9.16,11.61,5.07,6.54,0.0
26095,2008-12-06,6.52,98.09,2.35,-5.37,-6.64,-6.61,-2.79,-7.93,5.14,-0.59,7.94,12.11,3.15,8.96,9.55,14.39,3.95,10.44,
26109,2002-06-13,12.43,97.53,9.56,14.86,12.83,12.83,19.08,10.64,8.44,14.64,1.18,2.3,0.22,2.09,1.97,3.39,0.08,3.31,
1055,2009-07-16,3.49,98.58,17.26,26.99,22.36,22.36,32.11,23.05,9.06,27.23,1.41,2.22,0.3,1.92,2.78,4.08,0.45,3.63,
54047,2011-07-02,0.01,94.38,11.56,23.27,15.16,15.16,29.58,16.43,13.15,22.16,1.13,2.05,0.24,1.82,2.01,3.37,0.3,3.07,
31021,2009-05-08,3.16,96.51,7.93,15.85,9.46,9.47,23.5,8.62,14.88,16.47,6.14,12.54,1.63,10.9,8.52,15.44,1.98,13.46,
21103,2011-01-20,6.91,98.97,2.85,-2.34,-4.1,-4.08,0.43,-6.79,7.22,-2.25,2.81,5.26,0.77,4.49,4.03,7.47,0.98,6.49,
42035,2002-10-03,2.22,96.06,12.23,18.85,16.46,16.46,24.21,15.58,8.62,18.85,1.24,1.65,0.68,0.97,2.89,4.54,1.27,3.26,
30059,2013-09-25,7.55,81.77,5.46,4.45,2.16,2.17,9.08,1.17,7.91,4.84,2.75,4.02,1.35,2.67,3.89,5.53,2.25,3.28,
39141,2012-06-02,0.03,97.96,7.74,14.95,9.79,9.79,20.35,8.96,11.39,15.17,3.92,5.69,2.42,3.26,6.38,7.88,5.21,2.67,
27035,2013-07-29,0.01,97.34,7.43,18.7,9.1,9.1,25.34,10.48,14.86,19.33,3.33,4.63,1.68,2.95,4.82,7.7,2.46,5.24,
42113,2004-11-20,3.56,97.3,6.56,7.48,7.25,7.25,8.96,6.05,2.91,7.49,1.62,2.14,1.15,0.99,3.49,3.92,3.11,0.82,
54019,2009-01-07,22.72,94.35,5.01,3.86,2.56,2.57,7.12,-0.84,7.97,3.79,3.52,5.32,1.03,4.29,6.64,9.16,2.34,6.82,
39143,2014-11-02,0.05,100.02,2.88,2.19,-3.73,-3.66,7.96,-2.48,10.44,2.82,3.77,4.85,2.74,2.11,5.99,8.42,2.99,5.43,
23023,2013-01-04,0.13,100.62,2.99,-2.08,-3.99,-3.96,1.52,-8.86,10.37,0.46,6.37,7.64,4.72,2.92,8.15,9.83,5.73,4.1,
20103,2007-10-06,0.11,97.73,15.7,24.72,20.72,20.72,30.37,20.08,10.29,25.01,6.03,7.57,4.88,2.69,8.56,9.56,7.42,2.14,
19123,2009-11-08,0.0,98.44,9.34,14.17,12.37,12.37,21.2,7.04,14.16,13.73,5.89,8.44,3.16,5.28,8.85,11.95,5.9,6.05,
8005,2004-12-14,0.01,84.41,3.14,2.73,-4.95,-4.88,12.12,-3.33,15.45,0.59,3.48,5.76,0.23,5.53,5.33,8.45,0.33,8.12,0.3242
51187,2011-11-03,0.02,98.35,5.7,8.32,5.36,5.37,16.58,2.41,14.17,8.3,1.7,2.51,0.94,1.58,4.04,5.57,1.41,4.16,
40133,2004-03-11,0.71,99.21,4.44,9.61,1.8,1.84,15.44,5.83,9.62,9.72,4.64,6.18,2.26,3.92,6.33,8.9,3.48,5.43,
41043,2012-03-15,40.46,94.56,6.11,6.28,5.76,5.76,8.24,3.94,4.3,6.19,4.1,5.42,2.68,2.74,7.76,10.08,5.38,4.71,
1049,2011-05-02,0.81,98.59,12.08,20.66,16.66,16.66,26.84,15.46,11.38,20.73,2.58,3.21,1.76,1.45,5.29,6.23,3.3,2.94,
13175,2009-07-04,0.0,100.63,11.12,28.1,15.6,15.6,35.42,20.45,14.97,29.27,2.16,3.87,0.47,3.39,3.58,6.81,0.51,6.3,
47125,2010-01-14,0.0,100.31,3.34,-0.0,-1.87,-1.86,7.63,-6.05,13.68,-0.63,2.9,3.53,1.96,1.57,5.5,7.01,3.24,3.77,
47175,2005-07-28,1.78,96.93,15.96,25.24,20.82,20.82,30.5,20.96,9.54,25.45,1.08,1.44,0.51,0.93,2.14,3.35,0.47,2.88,
37011,2013-07-16,1.74,93.97,14.34,23.75,18.56,18.56,29.87,17.72,12.15,22.96,1.17,1.7,0.62,1.08,2.15,4.26,0.89,3.37,0.0
51101,2014-03-06,0.38,102.36,2.78,-0.87,-3.9,-3.86,2.6,-3.76,6.36,-0.65,3.61,4.26,2.94,1.32,5.92,6.41,5.07,1.33,
20043,2013-03-16,0.14,97.91,3.42,2.89,-1.98,-1.93,5.66,-0.29,5.95,3.43,6.58,8.98,4.37,4.61,8.22,11.03,6.7,4.33,
45033,2007-01-24,0.02,101.38,4.39,5.22,2.08,2.09,10.52,1.1,9.42,5.27,2.4,3.51,1.0,2.5,3.58,5.27,1.49,3.78,
28073,2016-03-23,0.07,100.67,9.69,16.91,13.54,13.54,23.52,10.39,13.13,16.94,2.75,3.68,1.96,1.71,5.93,6.9,4.77,2.13,
13233,2015-05-16,1.85,98.87,14.07,21.75,19.1,19.1,26.88,17.46,9.42,21.78,1.78,2.3,1.14,1.16,4.15,5.29,3.31,1.97,
22061,2002-04-04,0.19,101.89,5.17,9.46,4.46,4.47,15.88,5.36,10.52,9.54,1.89,2.6,1.41,1.19,4.09,5.69,3.31,2.38,
33001,2001-11-19,0.03,97.56,5.02,6.58,3.46,3.46,13.71,2.56,11.15,5.27,2.0,2.47,1.46,1.01,4.17,6.39,2.34,4.05,
19179,2004-05-05,0.0,98.41,7.33,16.52,8.18,8.19,25.24,5.8,19.44,16.39,4.64,7.56,2.13,5.43,6.98,10.61,3.24,7.37,
45013,2016-03-07,0.0,102.53,7.85,14.3,10.68,10.68,17.61,11.02,6.58,14.61,3.37,4.22,2.55,1.67,4.69,5.74,3.16,2.57,
22037,2012-10-20,0.0,100.97,7.09,17.44,8.85,8.85,29.11,9.08,20.03,16.86,1.56,2.43,0.28,2.15,2.99,5.83,0.53,5.3,
1131,2003-04-15,0.01,101.15,11.41,20.31,16.16,16.16,27.36,14.77,12.59,20.23,1.45,1.99,0.82,1.17,3.47,5.93,1.24,4.68,0.0
17035,2013-06-11,0.11,99.16,15.61,23.38,20.56,20.56,28.25,15.67,12.58,23.28,3.67,5.29,1.84,3.45,5.91,9.24,2.14,7.1,0.0
20187,2002-11-10,0.29,88.94,3.48,8.75,-2.86,-2.78,15.29,4.68,10.6,8.63,3.75,6.24,1.66,4.58,5.9,9.06,3.05,6.01,
28041,2001-08-10,5.14,101.04,17.72,26.05,23.21,23.21,29.94,23.35,6.59,26.01,1.37,1.88,0.46,1.43,2.77,4.19,0.79,3.39,
20009,2012-04-10,0.53,95.39,5.7,14.04,4.6,4.63,20.57,8.11,12.46,15.01,4.65,6.21,2.91,3.3,6.27,7.81,3.88,3.93,0.0
45033,2007-08-20,0.0,101.45,15.13,31.45,20.5,20.5,38.91,24.53,14.39,33.0,4.34,5.28,3.24,2.04,6.03,7.53,4.72,2.81,
13181,2014-10-20,0.01,100.09,6.98,15.79,8.6,8.61,23.59,7.79,15.8,15.25,1.61,2.25,0.83,1.42,2.78,4.48,1.19,3.29,
8019,2015-05-17,3.65,71.91,4.78,3.62,-1.54,-1.53,9.64,-2.38,12.02,3.89,3.05,5.88,0.34,5.54,5.02,9.09,0.71,8.38,
36071,2007-01-23,0.01,98.64,2.46,-3.75,-5.91,-5.87,0.05,-7.75,7.8,-3.81,2.36,3.14,1.38,1.76,4.63,5.69,3.31,2.38,0.0
40031,2004-12-18,0.0,97.93,3.89,6.87,-0.1,-0.06,15.56,2.2,13.36,6.21,4.29,6.59,2.55,4.04,7.25,10.82,4.54,6.28,
19163,2001-10-27,0.01,100.36,2.83,1.38,-3.88,-3.81,7.19,-4.01,11.2,1.61,3.21,4.86,1.14,3.72,5.24,8.32,1.69,6.63,
22103,2002-08-15,3.37,101.66,20.01,27.23,25.34,25.34,28.92,25.4,3.53,27.1,2.9,3.69,2.16,1.53,4.64,5.48,3.12,2.35,
8077,2013-06-01,0.0,79.2,3.52,12.68,-4.23,-4.13,22.11,1.65,20.46,14.0,2.53,3.52,1.48,2.04,3.46,5.35,2.14,3.21,
29113,2001-06-29,0.34,99.55,12.82,24.11,17.78,17.78,29.47,17.52,11.95,24.53,2.58,3.49,1.85,1.64,4.06,5.75,2.83,2.91,
47025,2007-02-26,0.13,96.14,3.92,2.56,-0.18,-0.16,7.67,-0.94,8.61,2.32,1.95,2.6,1.37,1.23,3.66,5.07,2.66,2.41,
48379,2013-09-02,3.35,99.6,16.56,28.97,21.84,21.84,31.87,25.87,6.0,29.93,1.57,3.7,0.53,3.16,2.37,6.4,0.64,5.76,
31185,2010-08-26,0.0,96.01,9.27,21.68,12.21,12.21,28.73,14.58,14.14,21.53,5.29,7.47,3.22,4.25,8.4,10.09,3.8,6.29,
48073,2002-02-14,0.0,101.0,5.22,8.06,4.45,4.46,15.6,1.82,13.77,8.01,3.03,3.57,2.27,1.3,5.6,8.06,4.11,3.95,
51121,2005-03-22,3.0,95.1,4.65,4.66,1.59,1.6,11.88,-3.24,15.12,4.71,2.11,2.87,1.45,1.42,4.29,5.75,2.55,3.2,0.0
54063,2013-08-04,0.34,93.5,9.97,18.91,12.7,12.7,24.36,13.4,10.95,18.78,1.84,2.72,0.97,1.76,3.93,5.05,2.87,2.18,
39005,2007-12-06,0.04,98.53,1.83,-6.1,-9.35,-9.24,-2.16,-10.19,8.04,-6.66,2.43,3.3,1.34,1.96,3.55,4.96,2.01,2.95,
53023,2002-10-17,0.0,91.69,3.5,12.27,-2.4,-2.29,22.33,4.87,17.46,9.74,1.72,2.76,0.21,2.55,2.47,4.17,0.27,3.9,
20057,2012-12-12,0.0,93.07,1.94,1.82,-9.41,-9.11,10.68,-3.99,14.67,1.34,6.6,8.83,4.47,4.36,9.81,11.23,7.4,3.83,
51179,2001-09-07,0.0,101.23,10.09,21.54,14.2,14.2,30.08,13.53,16.55,21.89,1.82,2.41,1.24,1.17,3.67,6.22,1.79,4.43,
27157,2003-08-27,0.0,97.93,6.24,22.92,6.52,6.54,31.32,14.26,17.06,24.13,3.42,5.45,2.33,3.12,5.58,9.15,2.45,6.7,
53027,2009-02-19,0.06,99.22,4.56,4.43,2.27,2.27,9.66,1.08,8.58,3.84,1.95,2.58,1.15,1.43,3.76,5.39,1.99,3.4,
38039,2006-07-11,0.11,95.97,8.75,28.02,11.34,11.34,36.41,19.16,17.24,29.05,5.23,6.21,3.16,3.06,7.26,8.86,5.66,3.2,1.8386
20163,2003-10-21,0.02,94.82,6.05,20.45,5.53,5.55,30.81,12.53,18.28,19.31,4.14,6.64,0.84,5.79,6.78,9.73,1.19,8.55,2.9997
8033,2008-06-22,0.05,79.55,4.69,22.49,-0.5,-0.45,31.47,12.98,18.5,22.5,3.9,5.85,0.4,5.45,5.82,7.39,0.71,6.68,
46117,2008-08-06,1.26,95.02,10.46,23.22,13.86,13.87,30.95,16.69,14.26,24.33,3.69,6.06,1.57,4.49,5.2,8.14,2.24,5.9,
48425,2001-05-15,0.01,98.02,12.35,23.63,16.94,16.94,30.06,17.36,12.7,23.96,6.25,7.71,4.79,2.93,8.79,9.85,6.97,2.88,0.0
31157,2002-06-25,0.18,86.46,8.27,27.89,8.83,8.84,37.46,18.53,18.93,30.19,4.25,6.73,1.64,5.09,5.7,8.28,2.3,5.98,4.0
36003,2001-10-26,6.54,94.36,3.85,2.19,-0.68,-0.66,3.43,1.03,2.39,2.19,4.27,5.1,3.45,1.65,8.11,9.61,6.51,3.1,
37063,2004-10-12,0.07,99.62,8.33,16.15,10.75,10.75,24.14,8.02,16.12,14.7,1.56,2.31,0.62,1.69,2.44,3.92,0.73,3.19,0.0
53039,2006-06-20,0.0,94.54,6.39,13.95,6.39,6.4,21.49,6.22,15.27,15.79,2.98,4.32,1.95,2.37,4.25,6.39,2.17,4.23,0.0
25017,2009-01-03,0.12,100.09,2.44,-2.95,-5.87,-5.81,-0.87,-6.11,5.23,-2.38,4.35,5.81,1.9,3.91,7.47,9.73,3.32,6.41,
29083,2009-08-25,0.02,98.57,13.01,22.85,17.77,17.77,30.23,16.33,13.9,22.9,3.61,5.01,2.24,2.77,5.86,7.32,4.41,2.91,0.0
33019,2006-06-14,5.56,97.53,11.06,17.6,15.09,15.09,22.72,13.59,9.13,17.64,0.97,1.7,0.24,1.45,2.4,4.25,0.44,3.8,
35027,2014-04-03,0.0,82.6,2.27,7.17,-9.12,-8.77,14.1,0.37,13.73,8.32,7.8,11.99,2.96,9.02,10.44,14.58,5.65,8.93,
48015,2016-09-02,5.3,100.62,18.08,27.19,23.49,23.49,31.97,23.65,8.32,27.35,2.82,3.73,2.21,1.52,4.72,6.62,2.51,4.11,
18151,2014-07-26,1.25,97.84,13.19,22.21,17.72,17.72,28.11,14.87,13.24,22.76,3.48,4.85,2.08,2.77,5.44,6.72,3.68,3.05,
1117,2000-04-18,0.0,99.61,7.7,13.96,9.91,9.91,21.71,7.73,13.98,14.02,2.27,3.35,1.51,1.84,4.89,5.71,3.61,2.1,0.6977
21149,2006-03-15,0.01,100.69,4.08,6.48,0.93,0.96,13.11,-0.47,13.58,6.6,3.19,4.19,1.91,2.28,5.3,7.94,3.36,4.58,
55107,2010-12-12,0.13,97.85,1.12,-14.2,-15.32,-15.22,-9.42,-22.51,13.09,-14.56,8.97,11.02,5.97,5.04,12.15,14.38,8.46,5.92,
48045,2006-02-24,0.15,91.12,5.7,9.87,4.13,4.15,17.94,5.03,12.91,10.35,4.79,6.81,2.68,4.14,6.94,7.94,5.28,2.67,
22081,2008-02-24,0.02,100.99,7.23,11.65,9.2,9.2,19.34,6.57,12.76,11.68,1.8,2.4,1.36,1.04,3.85,5.07,2.39,2.69,
19177,2004-10-07,12.64,99.59,8.13,14.59,10.18,10.18,20.44,9.8,10.64,14.49,4.26,5.42,2.73,2.69,6.43,8.6,3.45,5.15,
19137,2005-07-29,0.16,97.78,10.6,23.6,14.52,14.52,31.42,15.99,15.43,24.17,3.29,6.5,0.18,6.32,5.42,8.67,0.3,8.36,
51141,2010-05-17,23.87,96.12,10.61,15.72,14.17,14.17,20.23,10.45,9.79,15.83,2.02,2.81,1.14,1.67,3.28,4.94,1.48,3.46,
20157,2012-05-03,0.57,95.4,13.57,23.58,18.0,18.0,29.1,18.15,10.95,24.18,2.75,5.63,1.43,4.2,3.89,8.75,1.85,6.9,
8101,2009-12-04,0.0,83.73,1.26,-5.16,-15.34,-14.69,3.26,-12.43,15.69,-5.57,3.16,5.42,0.76,4.67,4.87,8.95,1.24,7.71,
27109,2011-02-18,0.0,98.2,1.85,-5.31,-9.4,-9.26,-1.59,-10.83,9.24,-4.92,9.99,12.83,5.23,7.61,12.46,14.97,6.8,8.17,
40007,2000-10-22,8.31,93.05,10.48,17.35,13.56,13.56,22.52,13.71,8.82,17.5,4.47,5.64,2.24,3.4,6.66,8.09,4.52,3.57,
46009,2016-05-15,0.01,96.43,4.7,11.39,2.21,2.24,18.71,2.53,16.19,12.23,3.33,4.63,1.86,2.77,5.39,8.57,2.18,6.39,
40151,2002-08-11,19.79,95.87,14.36,28.16,18.93,18.93,34.17,22.1,12.06,28.42,6.15,7.98,3.37,4.6,8.65,11.9,5.87,6.03,
41049,2011-09-24,0.0,91.83,6.86,21.78,6.84,6.86,32.78,12.54,20.24,21.5,3.13,5.66,0.3,5.35,4.74,8.58,0.43,8.15,
22043,2009-01-20,0.0,101.43,3.32,2.22,-1.7,-1.67,8.66,-2.41,11.07,2.18,2.25,3.47,1.67,1.79,4.86,5.61,3.6,2.01,0.0
12043,2002-12-06,2.43,101.63,11.99,18.05,16.76,16.76,21.17,12.05,9.13,17.96,3.85,5.9,0.96,4.94,5.09,6.81,1.47,5.34,
51045,2002-11-28,0.04,95.32,2.14,-3.26,-7.99,-7.86,2.72,-6.3,9.02,-3.35,1.64,2.31,1.12,1.19,3.6,5.13,1.87,3.26,
21185,2012-08-09,7.5,98.44,13.39,26.83,18.23,18.23,33.23,21.84,11.38,27.33,2.16,3.55,0.69,2.87,3.69,6.62,1.31,5.31,
48101,2011-09-06,0.0,95.22,3.88,22.61,-0.44,-0.33,32.4,13.55,18.85,24.46,2.39,3.34,0.9,2.44,3.75,7.16,1.12,6.04,5.0
47159,2000-05-06,0.2,98.62,12.37,21.02,17.01,17.01,27.15,15.05,12.1,21.08,2.15,2.61,1.61,1.0,4.33,5.82,2.78,3.03,
53043,2013-07-11,0.0,92.94,5.63,19.95,3.82,3.88,27.14,12.88,14.25,20.88,3.94,5.37,2.72,2.65,6.22,8.37,3.58,4.78,
26133,2009-10-10,1.22,98.32,3.84,2.78,-0.48,-0.45,8.37,-2.03,10.4,2.51,4.02,8.08,0.68,7.39,6.28,10.55,1.06,9.49,
48315,2011-01-13,0.0,102.45,2.1,-1.2,-7.32,-7.17,5.11,-5.93,11.04,-2.17,1.42,2.3,0.73,1.57,2.39,4.45,1.05,3.4,
20029,2006-03-12,1.41,95.12,4.23,10.27,0.25,0.31,23.73,1.35,22.38,10.51,7.43,11.14,5.44,5.71,10.0,14.64,7.48,7.16,
48165,2003-11-27,0.01,90.52,2.33,5.07,-7.72,-7.48,10.1,-0.3,10.4,5.13,6.58,9.86,1.85,8.01,9.17,11.75,2.84,8.92,
21035,2015-08-23,2.42,99.76,15.71,25.62,20.97,20.97,31.6,19.55,12.05,26.04,2.57,4.56,1.44,3.12,4.05,6.91,1.64,5.27,
37011,2008-01-22,1.33,93.49,3.38,-1.58,-3.39,-3.34,3.76,-7.79,11.55,-1.82,2.41,2.77,1.77,1.0,4.43,5.33,3.67,1.67,5.0
26165,2015-01-12,0.23,99.64,1.49,-10.62,-12.16,-12.1,-6.49,-21.03,14.54,-10.35,5.73,8.63,4.0,4.63,8.09,10.6,6.54,4.06,
18087,2007-01-20,0.0,99.32,1.63,-8.54,-10.71,-10.64,-3.15,-13.0,9.85,-9.85,2.62,4.08,0.26,3.82,4.02,6.85,0.37,6.49,
46095,2016-03-05,0.0,93.67,3.35,9.91,-2.64,-2.55,21.48,-1.8,23.28,9.08,6.43,9.91,1.62,8.29,9.19,13.17,2.33,10.84,
18085,2000-09-14,3.45,98.29,8.57,15.3,11.33,11.33,19.48,11.64,7.84,15.2,4.22,6.99,2.98,4.01,6.99,9.23,3.71,5.52,
42037,2008-01-27,0.01,97.13,2.39,-4.6,-6.41,-6.38,0.12,-7.81,7.93,-4.91,1.42,2.2,0.09,2.11,3.02,5.35,0.15,5.2,
36067,2014-05-09,6.82,99.2,11.6,18.03,16.05,16.05,24.56,13.52,11.04,16.19,3.22,4.28,2.45,1.83,5.83,7.77,3.97,3.8,
46023,2002-12-05,0.0,96.44,1.78,-6.44,-10.12,-10.0,1.51,-13.1,14.62,-7.05,3.86,7.33,1.33,6.01,6.06,9.04,2.0,7.04,
40017,2005-02-19,0.13,97.28,6.86,9.53,7.76,7.76,13.23,4.93,8.3,9.56,7.95,10.13,5.45,4.68,10.56,13.94,7.58,6.36,
17133,2016-02-06,0.0,100.3,3.66,3.01,-0.66,-0.63,11.8,-2.71,14.51,2.66,2.81,4.09,1.59,2.5,5.35,8.16,1.99,6.16,
18067,2004-02-23,0.62,98.87,4.46,4.08,1.75,1.75,10.89,-0.84,11.73,3.76,4.2,6.24,2.17,4.07,6.23,7.52,4.05,3.47,
50027,2004-01-27,0.36,97.02,1.04,-13.64,-16.31,-16.01,-7.4,-19.69,12.29,-14.18,1.3,1.66,0.85,0.8,2.23,3.5,1.23,2.27,0.0
19195,2013-02-06,0.49,97.4,2.53,-4.75,-6.24,-6.21,0.62,-11.82,12.45,-5.85,4.71,7.94,0.65,7.29,6.84,9.55,0.84,8.7,
35059,2003-08-28,3.09,85.16,11.9,24.9,14.15,14.15,32.7,18.43,14.27,26.24,3.9,7.53,0.83,6.7,5.18,9.34,0.78,8.56,
18179,2005-09-18,0.04,98.82,9.66,19.94,13.26,13.26,26.88,13.55,13.32,20.01,2.25,2.96,0.66,2.31,3.27,5.51,1.04,4.46,
35051,2003-01-27,0.0,83.55,2.73,8.44,-6.71,-6.53,19.02,1.5,17.52,7.75,2.69,3.84,0.46,3.38,4.24,7.82,0.19,7.64,
17079,2003-05-26,0.09,99.63,7.96,15.8,10.45,10.45,22.32,8.04,14.27,16.41,3.2,4.43,2.13,2.3,5.02,6.92,3.38,3.54,
18143,2007-02-15,0.02,99.68,1.23,-12.75,-13.97,-13.9,-6.9,-18.66,11.76,-13.08,3.4,4.94,2.08,2.86,5.07,6.73,2.64,4.09,
46125,2010-11-19,0.0,96.56,2.72,0.66,-5.2,-5.08,4.49,-3.43,7.92,0.6,6.04,8.21,3.78,4.43,8.42,11.46,6.21,5.25,
36033,2014-06-28,0.07,98.98,10.72,20.66,14.75,14.76,26.86,13.38,13.48,20.72,1.48,2.32,0.63,1.68,3.26,5.17,1.15,4.02,
17105,2014-10-23,0.21,99.49,6.07,8.82,6.4,6.4,14.71,3.14,11.57,8.65,3.77,4.7,2.9,1.8,6.32,8.04,4.97,3.07,
33003,2005-08-11,0.3,97.53,13.1,21.09,17.77,17.77,26.25,16.84,9.4,21.11,1.8,2.61,1.04,1.57,3.74,4.85,2.74,2.11,
21217,2006-09-12,17.0,98.5,12.47,19.97,17.19,17.19,22.59,17.45,5.14,19.83,4.32,5.49,3.1,2.38,7.24,8.05,6.34,1.71,0.0
22023,2001-07-01,4.9,101.58,17.24,27.55,22.87,22.87,28.74,26.22,2.52,28.37,2.3,3.97,1.15,2.82,2.75,5.15,1.18,3.98,
29059,2013-02-08,0.26,98.66,3.29,1.53,-2.15,-2.12,7.88,-2.0,9.88,1.97,3.04,4.42,1.55,2.86,4.86,6.8,1.88,4.93,
48237,2006-01-02,0.0,97.59,3.47,12.71,-1.66,-1.56,20.4,7.13,13.28,11.49,4.24,6.21,0.43,5.78,6.34,9.03,0.57,8.46,
32009,2015-03-21,0.0,82.12,2.65,13.22,-7.53,-7.21,20.63,7.04,13.59,14.59,2.05,3.51,1.02,2.5,2.69,3.87,1.36,2.52,
27131,2006-09-04,0.32,98.2,9.06,17.82,12.21,12.21,24.44,12.02,12.43,17.9,2.38,3.74,0.65,3.09,3.44,5.51,0.91,4.6,
13093,2009-08-03,2.99,100.33,17.31,26.49,22.73,22.73,31.46,22.64,8.81,26.92,1.66,2.71,0.49,2.22,2.59,4.75,0.91,3.84,
21147,2011-12-20,0.36,96.96,7.16,8.39,8.22,8.22,12.92,1.59,11.33,8.35,2.21,3.12,1.58,1.54,4.85,6.27,3.71,2.56,0.0
18095,2007-12-14,0.0,99.31,2.64,-2.8,-4.87,-4.84,1.0,-5.65,6.65,-2.74,3.71,5.53,1.98,3.56,5.31,8.39,2.99,5.4,
51840,2004-03-20,5.18,98.47,5.69,7.03,4.43,4.43,15.37,-3.6,18.97,6.93,3.77,5.65,1.95,3.71,6.79,10.56,3.98,6.59,
13305,2005-08-01,6.75,101.39,18.18,26.0,23.7,23.7,28.33,23.99,4.35,26.21,1.36,2.1,0.24,1.86,2.35,3.45,0.4,3.05,
27141,2003-04-17,3.53,98.11,3.47,1.03,-1.57,-1.55,5.77,-2.87,8.64,1.6,2.89,5.75,0.89,4.86,4.0,7.6,1.2,6.4,
48025,2016-08-20,22.45,100.38,19.26,28.32,24.49,24.49,32.44,25.78,6.65,28.39,5.35,7.07,3.69,3.38,7.63,8.82,5.6,3.22,
12121,2015-06-09,1.82,101.02,15.23,26.67,20.73,20.73,32.14,21.92,10.21,26.98,1.97,2.97,1.07,1.91,3.62,4.39,2.67,1.72,0.196
36119,2012-09-23,0.45,100.2,7.37,14.53,9.13,9.13,19.61,9.45,10.16,14.77,2.34,3.37,1.76,1.61,4.19,5.46,3.44,2.03,
21231,2014-12-17,0.01,97.95,3.24,0.49,-2.49,-2.46,4.75,-3.58,8.33,0.51,1.86,2.21,1.45,0.76,3.62,4.97,2.29,2.68,
12047,2007-02-11,0.0,102.0,4.82,7.61,3.22,3.24,14.33,0.45,13.88,7.58,1.69,2.12,1.14,0.98,3.4,5.08,1.58,3.5,
36047,2011-09-01,0.0,101.59,12.48,20.89,17.66,17.66,24.29,17.74,6.55,20.77,2.35,3.49,0.41,3.08,3.33,5.26,0.46,4.81,
29003,2015-09-19,0.01,98.47,7.85,15.22,10.1,10.11,21.38,10.36,11.02,15.77,3.33,4.97,2.3,2.67,5.17,6.54,3.38,3.16,
30073,2000-06-13,1.57,87.58,6.29,13.41,5.14,5.15,18.84,8.42,10.42,14.27,6.87,7.69,5.61,2.08,9.49,10.75,8.11,2.64,1.0
51049,2012-06-19,1.73,100.13,13.16,26.7,18.25,18.25,34.75,18.09,16.65,26.36,0.89,1.54,0.31,1.23,2.13,4.03,0.53,3.5,0.0
20199,2002-08-03,1.0,89.05,11.08,29.45,13.77,13.77,37.15,21.96,15.19,30.53,7.71,10.59,2.95,7.64,10.21,13.18,5.47,7.72,
6011,2000-02-29,11.17,98.46,5.8,7.53,5.64,5.64,11.7,3.89,7.81,7.24,2.75,6.18,0.47,5.71,3.89,8.46,0.41,8.05,0.0
13317,2006-05-04,2.26,99.51,11.01,22.8,15.25,15.25,30.67,15.04,15.62,23.03,1.36,2.21,0.15,2.06,2.96,4.2,0.5,3.7,
27069,2004-07-06,4.9,98.37,8.08,14.36,10.51,10.51,17.88,11.75,6.14,14.4,3.21,4.92,1.54,3.38,4.67,5.93,2.62,3.31,0.0
31143,2009-08-12,1.07,95.67,12.32,26.96,16.46,16.47,33.78,21.07,12.71,27.19,5.21,6.27,3.74,2.53,7.87,10.03,6.05,3.97,
26097,2004-08-16,0.32,99.56,10.07,16.87,14.03,14.03,19.76,14.81,4.94,16.43,3.25,4.2,1.69,2.51,5.54,7.02,3.2,3.81,
35033,2010-07-07,5.09,81.37,10.46,20.62,11.43,11.43,26.28,14.05,12.23,22.43,2.23,4.2,1.13,3.07,3.31,5.59,0.98,4.61,
55071,2011-06-26,0.0,99.25,9.39,17.25,12.91,12.91,19.37,15.27,4.1,16.07,3.01,4.99,0.23,4.76,4.24,8.42,0.3,8.13,
35025,2010-07-08,13.74,89.38,15.26,22.6,18.81,18.81,26.36,19.55,6.81,23.49,4.25,5.29,3.19,2.1,5.7,7.43,4.7,2.73,
18063,2016-09-10,6.78,98.64,14.03,21.48,18.6,18.61,25.17,16.18,8.99,21.22,4.81,8.81,3.02,5.79,7.54,11.68,3.95,7.73,
1107,2004-08-13,0.0,100.81,7.95,19.42,10.61,10.61,27.07,12.67,14.4,19.66,2.25,3.07,1.6,1.47,4.67,6.32,2.67,3.65,
13285,2014-06-19,0.06,98.86,15.61,27.09,20.74,20.74,33.35,20.95,12.4,26.41,0.83,1.32,0.48,0.84,1.63,3.69,0.75,2.95,
51025,2005-06-27,1.04,101.14,14.56,27.49,19.98,19.98,35.49,21.18,14.31,27.75,1.48,2.06,0.83,1.23,3.25,4.78,1.31,3.46,
55101,2007-02-25,9.0,97.78,3.87,0.72,-0.14,-0.13,2.09,-1.74,3.83,1.66,10.81,17.44,6.5,10.95,12.58,20.07,7.51,12.55,
13153,2010-03-13,0.57,98.92,6.84,10.22,8.13,8.13,14.65,5.61,9.04,10.02,4.63,7.4,3.27,4.13,7.53,9.95,5.9,4.05,
48339,2008-07-18,0.75,100.66,14.53,29.37,19.84,19.84,36.63,22.42,14.21,30.68,2.51,4.12,1.32,2.8,4.02,6.22,1.92,4.29,
31171,2010-11-04,0.0,91.78,2.4,3.6,-7.06,-6.88,10.23,-0.68,10.91,3.41,4.87,7.15,1.75,5.4,7.0,8.78,2.65,6.13,
21219,2003-06-14,1.81,99.21,16.21,22.87,21.47,21.47,24.99,20.38,4.61,22.75,2.16,3.37,1.41,1.96,3.86,6.63,2.88,3.75,
45037,2010-07-22,1.47,100.28,16.73,30.78,22.09,22.09,37.67,24.28,13.4,31.31,1.74,2.22,0.45,1.77,3.23,5.32,0.46,4.86,
27105,2003-10-18,0.0,96.12,6.65,16.99,7.28,7.28,27.6,9.57,18.03,16.1,3.76,5.33,2.17,3.16,6.21,9.08,3.32,5.76,
36111,2012-02-04,0.0,98.21,3.15,-1.06,-2.82,-2.8,3.17,-4.87,8.05,-1.14,2.19,2.81,1.66,1.15,4.57,5.16,3.76,1.4,
31019,2004-04-08,0.03,93.57,3.41,10.1,-2.44,-2.34,17.39,1.41,15.98,12.38,2.53,3.76,1.14,2.63,4.13,7.47,1.08,6.39,
46129,2006-05-10,0.39,94.91,4.15,9.51,0.42,0.46,14.74,5.07,9.68,10.73,7.84,10.69,5.54,5.15,10.07,13.14,8.09,5.05,
18157,2004-04-16,0.1,99.01,9.72,17.29,13.25,13.25,24.04,10.57,13.47,17.13,6.32,7.86,4.69,3.18,9.28,10.44,8.07,2.37,
51800,2006-09-02,0.7,100.99,12.15,20.3,17.11,17.11,25.24,15.66,9.58,20.71,3.91,5.3,1.92,3.38,5.57,7.38,3.28,4.1,
31181,2015-10-12,0.0,95.04,4.18,16.71,0.53,0.6,22.77,10.73,12.04,16.48,7.25,11.52,3.39,8.13,10.93,14.53,7.25,7.28,
13043,2011-02-25,6.14,100.68,10.14,16.45,14.22,14.22,22.97,11.69,11.28,16.16,4.97,7.98,2.56,5.43,7.77,10.53,5.1,5.43,
18005,2005-08-15,3.27,98.96,15.88,24.13,21.1,21.1,28.94,20.81,8.13,24.6,1.63,3.39,0.43,2.96,2.33,4.3,0.87,3.43,
1033,2008-09-14,6.19,98.67,15.93,25.7,21.0,21.0,30.9,19.88,11.02,25.91,4.78,7.47,2.27,5.2,7.96,11.73,4.66,7.07,
20165,2000-09-12,0.21,94.5,5.32,22.75,3.75,3.79,31.85,14.09,17.76,24.07,4.15,6.88,2.44,4.44,6.36,9.52,3.68,5.83,1.5541
48107,2013-01-05,0.0,92.18,2.37,1.43,-7.28,-7.08,11.75,-4.06,15.81,1.31,5.33,7.19,2.84,4.35,7.7,9.6,4.93,4.67,
18071,2014-12-16,1.59,98.92,4.77,3.94,2.55,2.55,9.77,-1.48,11.25,3.7,4.9,6.26,3.35,2.9,7.64,8.88,6.02,2.86,0.0
18127,2001-12-13,0.85,98.95,5.07,5.49,3.71,3.72,7.6,1.53,6.07,6.18,5.19,6.76,1.91,4.85,6.69,8.59,2.59,6.0,
36009,2003-05-02,4.5,95.55,7.45,10.36,8.65,8.65,13.67,4.81,8.86,10.17,1.93,2.75,0.68,2.08,3.59,4.58,1.68,2.9,
42061,2008-02-04,0.84,98.28,3.75,-0.44,-0.6,-0.59,1.85,-4.27,6.12,-0.53,2.08,2.53,1.46,1.06,4.17,5.39,2.56,2.83,
39125,2001-07-02,0.03,99.4,6.01,15.32,6.18,6.19,22.52,6.75,15.77,16.61,2.99,4.45,1.02,3.43,4.62,8.31,1.19,7.12,
19041,2001-07-31,1.33,96.39,18.33,28.3,23.0,23.0,33.16,23.56,9.6,28.06,7.83,9.77,5.53,4.23,11.03,13.52,8.64,4.88,0.0
45009,2015-08-30,25.14,101.05,15.97,23.54,21.51,21.51,26.18,21.71,4.48,23.53,2.72,3.81,1.67,2.14,4.56,6.43,3.54,2.89,
48221,2013-12-22,0.04,98.72,3.12,1.63,-2.97,-2.92,6.67,-3.45,10.11,1.99,5.63,7.76,2.64,5.12,8.01,9.35,5.41,3.94,
48325,2014-01-28,0.03,99.22,1.75,2.03,-9.92,-9.46,6.18,-0.96,7.14,3.04,5.31,7.44,2.08,5.36,6.82,8.98,3.85,5.12,2.6117
13261,2010-06-26,7.27,99.8,17.69,28.77,22.97,22.97,34.29,22.78,11.51,29.07,1.54,2.41,1.15,1.26,2.6,4.08,1.55,2.53,
16037,2016-06-04,0.15,77.64,7.78,15.55,6.38,6.39,23.59,5.57,18.01,15.61,1.54,2.11,0.98,1.13,2.2,2.76,1.51,1.25,
13159,2008-01-10,6.02,99.31,11.27,16.79,15.68,15.68,21.14,12.91,8.23,16.69,2.84,4.54,1.56,2.98,5.83,8.69,2.79,5.9,
21059,2011-06-27,13.77,99.64,18.48,25.32,23.65,23.65,28.48,22.16,6.31,25.17,3.43,5.43,1.79,3.64,5.66,7.44,4.2,3.24,
27029,2009-02-20,1.23,96.85,1.27,-12.73,-13.73,-13.67,-8.6,-17.12,8.52,-13.02,2.57,4.3,0.82,3.48,3.95,6.66,0.87,5.78,
26039,2016-01-14,0.22,96.63,1.67,-9.92,-10.73,-10.7,-6.56,-13.86,7.3,-10.61,3.2,5.18,0.88,4.3,4.69,7.28,1.23,6.06,
17061,2001-07-22,2.21,99.06,17.74,30.04,22.91,22.91,36.4,23.89,12.51,30.77,2.12,3.86,0.96,2.89,3.68,7.07,1.2,5.87,
19197,2015-09-12,0.0,97.83,6.15,12.93,6.44,6.45,18.8,6.08,12.72,12.86,1.89,2.75,0.49,2.26,2.81,4.8,0.66,4.13,
29219,2001-07-02,2.64,99.63,10.19,21.31,13.89,13.89,29.06,14.11,14.95,21.69,2.29,3.35,1.13,2.22,4.01,5.63,1.12,4.51,
38043,2009-06-12,0.03,94.68,6.98,16.21,7.77,7.78,23.05,7.83,15.22,17.2,3.04,4.27,1.54,2.73,4.86,9.12,2.53,6.59,
51029,2013-08-12,0.29,98.34,14.68,25.66,19.68,19.68,32.39,19.72,12.67,25.67,1.21,1.68,0.62,1.06,2.81,4.05,1.19,2.86,
9009,2016-04-04,9.47,100.61,3.55,0.76,-1.44,-1.42,6.11,-3.34,9.44,1.74,3.49,5.73,1.3,4.43,4.81,7.72,2.12,5.6,
47097,2000-08-04,3.36,100.63,14.6,29.21,20.01,20.01,35.49,22.93,12.56,30.14,1.97,2.91,0.42,2.49,3.1,4.42,0.6,3.82,
51690,2003-06-21,0.01,97.56,8.83,16.53,11.7,11.7,22.28,11.07,11.21,16.65,2.5,3.2,1.95,1.25,4.93,5.76,3.64,2.12,
19139,2010-10-24,4.3,98.06,10.66,16.46,14.66,14.67,20.69,13.43,7.27,16.14,5.57,7.98,2.99,4.99,8.56,10.97,6.76,4.21,
6011,2004-09-02,0.0,97.75,3.97,25.07,-0.56,-0.34,33.71,17.28,16.43,26.03,5.32,9.24,2.78,6.46,7.54,12.83,4.88,7.96,
19173,2001-06-16,0.32,97.9,10.52,21.41,14.36,14.36,28.01,13.57,14.44,21.61,2.57,4.46,0.84,3.62,4.33,8.04,0.92,7.12,
27103,2005-05-02,0.01,98.29,2.31,2.38,-6.68,-6.49,9.74,-3.93,13.67,3.52,6.28,8.0,3.25,4.75,8.52,9.49,6.48,3.01,
53033,2011-10-09,1.91,92.43,6.9,8.44,7.2,7.2,12.42,5.9,6.52,8.09,0.82,1.45,0.35,1.09,1.68,3.03,0.64,2.39,
48179,2003-09-19,0.0,92.55,4.45,14.86,1.03,1.08,23.58,6.79,16.79,16.27,3.49,4.74,2.22,2.52,5.47,8.73,2.95,5.78,
56029,2015-10-17,0.01,74.82,4.15,8.26,-3.02,-2.97,17.93,1.04,16.89,6.77,1.78,2.38,0.64,1.74,2.96,4.96,1.14,3.82,
25001,2012-08-23,0.0,101.95,13.15,22.42,18.55,18.55,24.24,20.53,3.71,22.09,4.06,5.67,2.27,3.41,5.42,7.78,3.15,4.62,
18021,2013-07-16,0.02,100.36,16.79,28.01,22.21,22.21,31.73,23.13,8.6,27.19,0.87,1.52,0.48,1.05,1.14,2.31,0.45,1.86,0.0
28099,2016-11-21,0.0,100.74,1.88,8.74,-8.93,-8.36,20.23,-0.06,20.28,8.02,1.38,2.27,0.29,1.98,2.88,5.36,0.47,4.89,
27071,2001-07-09,1.28,96.91,10.57,22.32,14.3,14.3,29.03,15.64,13.39,22.36,2.28,3.69,0.98,2.71,5.06,6.84,1.54,5.3,
50003,2012-05-03,7.67,97.68,7.75,11.0,9.7,9.7,15.49,7.64,7.85,11.01,1.8,2.28,0.86,1.42,3.31,4.32,1.19,3.13,
38055,2002-05-09,0.83,94.58,3.26,4.11,-2.84,-2.78,9.66,-0.68,10.33,4.34,7.95,10.01,4.6,5.4,11.17,12.81,9.12,3.7,
27011,2015-09-06,0.86,96.89,13.38,23.69,17.55,17.55,31.4,15.35,16.05,24.02,4.33,8.67,1.38,7.29,6.87,10.69,1.64,9.05,
47131,2006-07-15,0.0,100.65,16.73,27.78,22.22,22.22,32.99,22.57,10.42,28.33,2.98,4.42,1.82,2.6,4.42,5.62,3.15,2.46,
47161,2016-05-12,8.88,99.73,13.84,20.18,18.81,18.81,24.41,14.39,10.01,20.14,3.21,6.08,1.12,4.95,5.41,9.04,2.09,6.95,
51520,2009-07-07,0.0,93.54,11.17,19.87,14.6,14.6,25.96,13.66,12.3,19.59,1.5,1.85,0.98,0.87,2.8,4.51,1.76,2.76,0.0
19139,2008-08-12,0.63,98.69,11.9,20.64,16.45,16.45,25.35,15.63,9.72,20.79,2.4,4.12,0.44,3.69,3.52,4.97,0.74,4.23,0.0
47017,2002-07-02,5.17,100.09,16.24,28.63,21.59,21.59,33.55,24.24,9.32,27.88,0.61,1.39,0.11,1.28,0.99,2.76,0.13,2.63,0.0
29039,2008-02-09,0.0,98.31,3.48,2.03,-1.5,-1.48,10.24,-3.4,13.63,1.67,5.28,9.04,2.89,6.14,8.28,11.71,5.66,6.05,
55043,2003-03-06,0.19,98.05,1.83,-6.63,-9.71,-9.6,-0.8,-14.14,13.34,-6.48,5.13,7.71,1.55,6.16,6.74,9.29,1.89,7.4,
55123,2004-05-01,0.0,98.18,4.05,7.79,0.51,0.55,13.9,2.98,10.92,8.4,4.3,5.86,2.59,3.27,6.26,8.06,4.81,3.25,
45063,2004-02-23,0.05,100.9,5.55,8.79,5.33,5.34,14.99,2.94,12.05,8.6,2.52,3.34,1.77,1.58,4.0,6.5,2.56,3.94,
21167,2008-07-26,0.73,98.18,15.8,26.13,20.9,20.9,31.92,20.84,11.08,26.87,1.93,2.84,1.28,1.56,3.38,4.59,1.63,2.96,
29083,2000-08-23,0.03,98.71,11.51,31.97,15.94,15.94,39.81,24.62,15.19,32.35,4.35,5.8,2.56,3.24,7.04,8.76,5.32,3.44,
36041,2016-08-19,0.06,95.5,10.6,19.65,14.11,14.11,24.86,14.76,10.1,18.68,1.11,1.91,0.37,1.54,2.14,3.99,0.63,3.36,
33001,2000-06-06,15.65,98.0,6.13,9.2,6.41,6.41,14.82,5.25,9.57,9.58,3.19,4.32,1.51,2.81,6.06,7.91,3.78,4.12,0.0
26015,2008-09-21,0.03,99.56,10.59,16.94,14.71,14.71,22.22,12.58,9.64,17.07,3.22,4.25,2.55,1.7,5.0,6.87,3.02,3.86,
55109,2006-10-13,0.69,96.14,2.72,2.2,-4.96,-4.86,5.5,-0.04,5.54,2.05,10.8,12.3,6.91,5.39,14.63,15.9,10.66,5.24,
54015,2008-09-11,1.59,97.0,11.7,22.04,15.88,15.88,29.97,15.17,14.79,22.06,1.66,2.39,0.94,1.45,3.55,5.08,2.0,3.08,
23019,2008-02-11,1.4,99.1,1.29,-12.37,-13.27,-13.2,-7.77,-14.14,6.36,-12.45,5.73,7.54,4.1,3.44,9.98,13.02,7.67,5.35,
21005,2002-09-02,0.46,98.72,12.62,26.31,17.4,17.39,33.5,19.61,13.89,26.83,1.99,2.44,1.33,1.11,3.93,5.78,2.61,3.17,
22079,2006-01-14,0.0,101.83,3.51,8.21,-0.96,-0.89,15.51,1.1,14.41,7.31,1.98,2.89,0.63,2.26,3.91,5.66,0.84,4.82,
19127,2006-02-26,0.0,99.28,1.75,-2.4,-9.99,-9.69,4.8,-10.17,14.97,-2.01,3.51,5.47,1.65,3.82,5.19,8.47,2.73,5.74,
13067,2008-10-13,0.37,99.23,11.4,20.6,15.89,15.89,27.22,16.06,11.16,20.74,2.93,3.78,1.64,2.14,5.57,6.86,4.57,2.29,
31111,2013-12-20,0.0,90.46,1.31,-8.35,-14.09,-13.71,-4.34,-10.74,6.4,-7.06,4.31,9.16,1.64,7.52,5.6,10.73,2.65,8.08,
17117,2005-06-12,1.36,98.94,15.05,23.49,20.24,20.24,26.65,20.12,6.53,23.92,2.55,4.05,0.91,3.14,3.68,6.95,1.6,5.35,
1065,2007-07-25,0.86,100.75,15.4,26.93,20.87,20.87,32.74,21.12,11.62,26.93,1.1,1.5,0.63,0.88,2.26,3.58,0.96,2.62,
17183,2003-10-09,0.61,99.37,8.9,15.63,12.02,12.02,20.96,11.94,9.02,14.97,2.38,3.69,0.88,2.8,4.19,6.66,1.54,5.12,
29067,2001-04-02,2.96,97.07,9.26,13.27,11.98,11.98,18.99,7.42,11.57,13.26,2.57,3.67,1.72,1.95,4.97,6.36,3.03,3.33,
19021,2000-08-26,1.7,96.45,12.91,23.95,17.4,17.4,29.83,18.66,11.17,24.32,3.31,4.66,1.69,2.98,5.42,7.57,2.75,4.82,
8027,2002-09-05,0.01,77.55,4.71,20.68,-0.72,-0.67,30.06,11.63,18.43,22.34,3.18,4.68,1.57,3.11,4.61,6.78,2.5,4.28,
17065,2009-07-11,34.9,100.09,17.37,24.46,22.68,22.68,27.12,21.58,5.54,24.05,3.63,5.75,0.32,5.44,5.47,8.73,0.64,8.09,
40041,2008-12-29,0.02,98.74,3.33,3.94,-2.19,-2.14,13.63,-2.01,15.64,3.27,3.07,3.4,1.97,1.43,5.8,7.69,3.52,4.17,
56037,2016-10-24,0.41,79.14,6.2,9.29,3.22,3.23,14.78,5.0,9.78,8.99,5.33,8.13,1.86,6.26,7.78,10.42,3.15,7.27,
13073,2013-01-02,3.15,99.97,6.85,10.54,8.22,8.22,15.3,7.36,7.94,10.1,1.37,2.11,0.28,1.83,2.52,4.0,0.69,3.32,
19015,2004-02-06,0.62,97.79,1.98,-7.62,-8.63,-8.6,-4.55,-11.53,6.99,-7.81,6.75,8.5,4.94,3.56,8.78,10.55,7.12,3.43,
5047,2005-01-04,38.31,97.41,10.2,14.18,13.68,13.68,17.45,10.87,6.58,14.12,1.84,3.02,0.67,2.35,3.71,6.33,1.03,5.3,0.0
19011,2011-10-06,0.0,98.59,7.12,18.26,8.63,8.64,26.74,9.98,16.76,18.03,5.76,8.4,3.32,5.08,9.13,11.48,5.41,6.07,
24019,2010-11-02,0.0,102.86,4.74,7.75,3.37,3.38,10.41,5.01,5.4,10.22,3.59,5.14,2.06,3.08,4.62,7.15,2.55,4.6,0.0
19075,2013-01-09,0.0,99.03,3.01,-0.83,-3.29,-3.27,4.29,-4.22,8.51,-2.24,5.25,8.08,1.11,6.97,7.68,11.07,1.53,9.54,
30049,2006-10-03,0.32,85.46,5.11,7.65,1.86,1.87,16.0,1.98,14.02,7.91,1.53,2.67,1.0,1.68,2.8,6.25,1.38,4.87,2.0001
30091,2006-06-29,0.03,93.06,8.74,26.99,10.4,10.41,35.77,17.18,18.59,27.4,5.48,8.36,3.48,4.88,8.11,10.36,4.64,5.73,
51057,2008-11-09,0.0,100.85,5.29,10.18,4.66,4.67,16.26,5.9,10.36,10.19,2.34,2.83,1.65,1.18,4.2,5.61,2.47,3.13,
21017,2003-10-17,1.72,98.83,7.35,11.23,9.18,9.18,15.7,6.14,9.55,11.22,2.03,2.7,0.7,2.0,3.49,4.63,0.89,3.74,
37011,2016-04-02,0.92,92.01,5.43,8.75,3.42,3.44,12.17,3.05,9.12,8.78,4.71,7.41,1.67,5.74,8.27,13.02,3.97,9.05,
48037,2013-07-11,6.49,100.22,16.12,30.28,21.48,21.48,36.4,26.11,10.29,31.09,1.61,2.74,0.79,1.96,2.91,4.76,0.68,4.08,
45047,2012-05-15,3.52,99.25,12.75,23.36,17.59,17.59,29.49,17.09,12.4,23.02,0.87,1.41,0.05,1.36,1.65,3.29,0.14,3.15,3.9933
8019,2010-12-08,0.1,72.14,2.61,-5.46,-9.32,-9.26,1.6,-10.66,12.26,-6.63,4.56,5.11,3.58,1.54,7.06,8.23,5.86,2.38,
21169,2005-01-25,0.03,98.36,4.27,2.43,1.14,1.15,9.66,-2.9,12.56,2.04,3.16,4.26,2.18,2.08,6.12,8.64,3.47,5.17,0.0
5107,2001-12-21,0.01,101.96,4.55,6.02,2.44,2.46,14.0,0.37,13.63,4.91,2.91,4.91,1.2,3.71,4.96,9.41,1.59,7.82,
8077,2008-08-27,0.0,78.97,4.52,21.11,-0.93,-0.88,30.52,12.73,17.79,21.67,3.23,5.66,1.34,4.32,4.53,7.03,1.25,5.78,
42077,2013-09-24,0.0,98.39,5.24,11.8,4.15,4.17,22.06,3.24,18.82,11.83,1.87,2.27,1.42,0.85,4.2,5.75,2.23,3.53,0.0
31057,2012-05-14,0.0,90.17,4.73,18.47,1.26,1.33,27.82,8.45,19.37,20.08,2.63,4.88,0.12,4.76,4.41,8.24,0.15,8.09,
36039,2008-11-20,0.06,96.04,2.06,-4.61,-8.28,-8.18,-1.34,-6.72,5.38,-4.61,1.73,2.63,0.95,1.68,3.32,4.65,1.67,2.99,
17153,2007-11-12,3.32,100.58,8.71,13.69,11.82,11.82,18.1,10.26,7.83,13.33,4.93,5.9,3.9,2.01,7.79,8.53,6.86,1.67,
32007,2016-01-30,9.85,80.0,2.97,-5.49,-6.4,-6.39,-0.57,-12.03,11.46,-6.36,2.81,4.89,1.76,3.13,3.92,5.56,2.7,2.87,
51191,2010-06-01,5.51,92.72,13.39,19.91,17.33,17.33,23.99,15.95,8.04,19.55,1.44,2.27,0.85,1.41,2.83,3.99,1.67,2.32,0.0
37101,2009-01-16,0.0,102.7,1.26,-5.23,-13.26,-12.62,-2.02,-7.76,5.74,-4.67,3.58,5.48,2.14,3.34,5.13,7.11,3.16,3.95,
48421,2016-02-22,0.21,89.52,3.47,6.07,-2.74,-2.68,13.2,-0.43,13.63,6.76,4.2,6.71,1.32,5.39,6.06,8.7,2.43,6.27,
19131,2000-01-08,0.01,96.95,2.87,-2.46,-4.2,-4.18,3.68,-6.44,10.12,-3.36,5.0,7.08,3.24,3.84,7.53,10.78,5.61,5.17,
20189,2014-12-25,0.0,89.45,2.89,5.37,-5.15,-5.05,17.3,-2.47,19.77,4.71,6.14,9.64,2.41,7.22,9.14,12.1,4.36,7.75,
48173,2005-12-07,0.0,93.0,1.66,-4.83,-11.38,-11.08,-0.19,-9.22,9.03,-3.9,6.89,8.61,4.12,4.49,8.37,10.28,6.43,3.86,
42131,2016-05-16,0.02,96.87,4.31,7.35,0.98,1.01,14.78,-0.08,14.86,7.39,2.93,4.33,1.66,2.67,6.38,8.36,4.93,3.42,
19015,2000-09-26,0.17,97.88,4.22,13.94,1.03,1.08,24.89,4.82,20.07,13.63,4.63,7.19,3.2,3.99,7.46,9.06,4.97,4.09,1.9271
5049,2007-10-30,0.0,99.91,6.27,11.46,6.83,6.84,20.17,5.58,14.59,10.43,1.74,2.28,0.52,1.76,3.52,6.36,0.69,5.67,0.0
35043,2008-09-21,0.28,79.32,7.37,18.16,5.98,5.99,25.17,12.39,12.77,18.92,3.55,6.16,1.35,4.81,5.49,7.65,2.41,5.24,
51051,2008-11-24,13.09,95.11,4.34,2.2,0.68,0.69,5.02,-1.99,7.01,2.21,3.06,3.96,2.31,1.65,5.92,7.7,4.41,3.29,
48113,2000-07-12,0.03,99.42,13.82,30.59,18.9,18.9,37.61,23.54,14.07,31.34,3.6,5.19,1.87,3.33,5.64,8.98,2.15,6.82,
16085,2008-08-06,0.02,81.32,6.47,20.95,4.35,4.37,29.1,11.08,18.02,19.76,1.93,2.64,0.9,1.74,3.21,5.19,1.4,3.79,
39111,2010-05-04,0.01,97.77,8.41,16.36,10.97,10.97,22.31,10.46,11.84,15.66,2.13,3.35,1.24,2.11,4.33,6.14,2.96,3.18,1.0
31127,2006-12-04,0.0,98.71,2.15,-2.32,-7.55,-7.43,5.15,-7.58,12.73,-2.81,4.41,6.96,1.54,5.42,6.21,9.9,2.29,7.61,
48101,2003-09-08,0.29,94.68,10.79,24.87,14.13,14.13,31.18,18.24,12.94,25.59,5.21,6.71,3.61,3.1,7.2,9.01,4.83,4.18,
27055,2010-03-02,0.0,98.17,2.46,-5.24,-6.14,-6.13,-0.08,-9.32,9.24,-6.51,2.5,3.12,1.95,1.17,3.45,4.75,2.08,2.67,0.0
37081,2014-12-09,3.9,98.69,4.52,4.19,2.09,2.1,9.86,0.0,9.85,4.17,3.22,4.54,2.09,2.45,5.49,7.33,4.17,3.16,1.0
48367,2010-04-10,0.0,98.55,9.11,17.14,12.15,12.15,24.46,8.73,15.73,17.85,5.8,7.06,3.11,3.95,8.21,9.96,5.73,4.23,
13239,2001-06-18,0.1,100.66,12.86,23.97,17.84,17.84,30.98,16.26,14.72,23.88,2.58,4.15,1.58,2.57,5.3,6.63,2.8,3.82,
6103,2003-04-12,28.33,94.59,6.45,7.51,6.54,6.54,9.52,4.74,4.78,7.45,5.51,8.08,3.35,4.73,7.94,11.44,5.6,5.84,
51063,2015-06-08,17.17,96.06,13.77,23.43,18.34,18.34,29.56,18.55,11.01,23.6,3.12,3.94,2.18,1.76,5.73,6.66,4.71,1.96,
20047,2002-06-28,0.03,93.89,10.98,30.08,14.44,14.44,37.68,21.84,15.84,31.66,5.08,6.77,3.8,2.97,6.97,10.09,4.62,5.47,
54047,2003-02-26,3.78,94.11,3.75,-0.32,-1.09,-1.09,1.4,-2.14,3.54,-0.35,1.09,1.55,0.36,1.18,2.23,3.31,0.7,2.61,
27065,2011-10-19,0.03,98.19,3.65,3.58,-0.84,-0.81,9.02,-0.3,9.32,3.8,4.76,6.27,3.48,2.79,7.49,8.3,6.89,1.41,
28077,2014-09-18,7.62,100.04,16.15,25.5,21.46,21.46,31.6,21.89,9.71,25.13,0.76,1.26,0.11,1.15,1.71,4.22,0.19,4.03,
20069,2013-03-14,0.0,92.86,4.07,13.89,-0.2,-0.13,24.95,4.32,20.63,13.96,3.78,5.25,1.74,3.5,5.92,9.59,2.7,6.89,
46047,2001-11-18,2.97,88.51,3.1,0.38,-4.89,-4.81,5.89,-6.24,12.13,0.28,5.12,7.25,3.14,4.11,7.36,9.36,4.76,4.6,
4012,2000-04-14,0.0,96.84,4.98,19.7,2.81,2.88,25.75,14.14,11.61,21.77,5.86,9.32,2.96,6.36,7.8,11.07,5.76,5.31,
46077,2000-06-20,1.7,94.59,9.06,20.43,10.94,10.95,24.26,15.39,8.88,21.21,8.55,10.78,5.97,4.81,11.29,13.32,8.5,4.82,0.0
47103,2006-04-11,0.0,99.29,7.69,14.75,9.82,9.82,21.91,7.03,14.88,14.68,3.62,5.25,2.46,2.79,6.45,7.68,3.78,3.89,0.0
13247,2007-01-31,0.37,98.75,2.35,-0.91,-6.56,-6.42,5.83,-6.74,12.57,-0.75,2.31,3.39,1.41,1.99,4.13,6.48,1.83,4.65,
22029,2005-08-27,0.12,100.55,17.07,30.62,22.48,22.48,36.76,25.61,11.15,31.22,2.1,3.11,1.27,1.85,3.49,5.1,1.82,3.28,
6077,2015-12-10,9.36,99.16,7.37,12.42,9.09,9.1,15.95,8.81,7.13,12.2,4.03,6.63,2.07,4.56,6.38,9.31,4.15,5.16,
41015,2009-10-12,0.67,96.61,7.13,10.38,8.32,8.32,12.52,7.97,4.54,10.0,3.54,5.36,2.01,3.35,5.38,8.96,3.24,5.72,
12075,2009-09-26,3.14,101.29,18.09,27.39,23.6,23.6,31.33,23.87,7.46,27.92,1.8,2.51,1.01,1.5,2.63,4.27,1.18,3.09,
37193,2005-10-27,0.0,95.2,3.82,5.91,-0.68,-0.65,13.92,-0.94,14.87,5.26,1.27,2.14,0.18,1.96,2.43,4.72,0.12,4.6,
50009,2007-06-18,0.8,96.34,7.79,16.05,9.57,9.57,21.0,9.25,11.76,15.35,1.43,2.26,0.64,1.62,2.72,4.01,0.88,3.13,
34029,2015-04-05,0.0,102.19,4.51,7.34,2.57,2.58,12.32,2.24,10.08,6.55,6.58,9.53,3.51,6.02,9.49,13.09,5.06,8.03,
30091,2015-01-12,0.03,94.64,0.8,-18.07,-18.87,-18.77,-11.98,-22.25,10.27,-18.77,4.04,5.96,0.33,5.62,5.71,8.9,0.4,8.5,
40099,2003-11-14,3.46,98.84,4.68,9.01,2.46,2.49,11.89,6.64,5.25,8.91,4.43,6.75,1.88,4.87,6.56,10.15,3.49,6.66,
21191,2014-11-10,0.0,98.35,4.94,8.83,3.23,3.24,16.81,1.55,15.26,8.75,2.9,4.11,1.97,2.14,6.06,7.55,2.65,4.9,
1073,2000-12-21,3.37,99.99,3.04,-1.14,-3.17,-3.14,2.75,-5.36,8.1,-1.3,1.83,3.38,1.0,2.38,3.79,6.57,1.82,4.76,
48071,2009-11-17,0.0,101.89,5.42,10.62,5.11,5.12,15.94,6.57,9.38,11.69,4.36,6.28,2.26,4.02,6.2,7.86,2.95,4.91,0.0
48387,2005-11-01,0.0,100.55,4.42,12.74,1.75,1.83,21.19,5.36,15.83,11.97,2.87,4.02,1.59,2.43,4.57,6.82,2.31,4.51,3.1205
29111,2005-04-10,1.64,98.46,11.03,19.4,15.25,15.25,25.61,13.64,11.97,19.43,5.91,7.36,4.58,2.78,8.69,10.45,6.62,3.82,
47175,2010-05-04,0.0,96.73,9.19,19.79,12.12,12.12,26.13,11.0,15.13,18.46,1.17,1.87,0.18,1.7,2.3,5.65,0.35,5.3,0.0
48007,2011-07-21,0.06,101.09,19.03,29.97,24.37,24.37,32.53,28.1,4.43,30.84,6.66,7.94,4.85,3.08,8.01,9.24,6.15,3.1,
28055,2013-03-24,2.03,100.36,5.78,9.37,5.44,5.45,13.25,1.86,11.39,9.56,6.95,10.75,2.97,7.78,9.55,13.44,5.16,8.28,
51001,2012-11-19,0.15,102.48,7.25,11.05,9.5,9.51,12.57,9.99,2.58,11.12,8.59,9.35,6.99,2.36,10.47,11.3,8.52,2.78,
28115,2007-12-06,0.0,100.75,3.07,1.67,-2.85,-2.8,7.61,-3.12,10.73,1.83,2.58,3.4,1.64,1.76,4.51,6.07,2.52,3.55,
20143,2005-12-02,0.01,96.13,2.42,-1.81,-6.4,-6.32,4.27,-5.19,9.46,-1.89,5.59,8.45,3.62,4.83,7.67,10.32,5.41,4.91,
35061,2009-08-15,0.0,82.86,7.15,23.38,5.82,5.84,32.3,15.08,17.21,24.8,4.11,6.23,2.64,3.59,6.48,8.31,4.24,4.07,
42073,2016-10-08,2.64,97.84,8.2,14.77,9.92,9.93,19.44,7.62,11.82,14.74,1.8,2.96,0.88,2.08,4.07,5.48,2.63,2.86,
5103,2016-02-16,0.0,100.34,5.78,9.45,5.87,5.87,18.06,2.76,15.3,9.24,2.55,4.5,1.62,2.88,5.69,8.61,2.75,5.86,0.0
40103,2015-12-29,0.28,98.25,2.15,-5.89,-7.75,-7.71,-0.13,-10.09,9.95,-9.05,1.87,3.13,0.51,2.62,2.63,4.85,0.48,4.37,0.0
50003,2000-04-19,0.44,97.72,5.21,6.15,3.85,3.85,12.08,0.93,11.15,6.02,1.23,1.87,0.25,1.62,2.36,3.88,0.32,3.56,
34021,2003-07-18,5.92,100.72,13.39,22.55,18.57,18.57,27.63,17.17,10.46,22.28,2.15,2.97,1.62,1.35,3.91,4.71,2.37,2.34,
16027,2001-12-19,0.63,90.98,3.93,1.19,-0.89,-0.89,4.95,-0.51,5.46,0.02,2.62,4.77,1.14,3.63,4.17,7.78,1.89,5.89,
55057,2010-01-25,0.86,95.49,2.22,-6.33,-7.55,-7.52,-4.05,-9.17,5.13,-6.65,7.32,9.14,4.4,4.74,9.63,11.92,7.4,4.52,
40051,2013-02-27,0.01,97.52,3.14,2.08,-2.96,-2.9,8.67,-2.73,11.4,2.7,5.85,9.8,3.51,6.29,8.16,12.16,4.9,7.25,
29123,2009-11-17,3.41,98.89,5.84,6.63,5.84,5.84,7.68,4.46,3.21,6.64,1.96,2.35,1.27,1.08,3.28,4.18,2.47,1.7,0.0
13093,2010-12-04,0.0,100.22,6.54,11.51,7.3,7.3,18.83,3.3,15.53,11.69,4.48,7.38,1.35,6.03,6.66,10.25,1.57,8.69,
17155,2014-08-01,7.45,99.32,11.25,22.5,15.69,15.69,27.28,17.15,10.13,21.98,0.95,1.83,0.01,1.81,1.39,2.92,0.07,2.85,
45035,2003-12-15,0.02,101.78,4.39,6.89,2.18,2.2,13.27,2.0,11.27,6.54,2.02,3.48,0.6,2.88,2.85,5.61,0.87,4.74,
39049,2005-02-25,0.15,98.59,2.62,-1.74,-5.26,-5.19,2.41,-6.07,8.49,-1.3,2.71,4.59,0.68,3.92,4.12,7.18,0.78,6.4,
31121,2000-06-28,0.47,95.36,7.13,20.22,7.96,7.97,26.09,15.25,10.85,21.22,4.15,6.63,1.28,5.35,5.4,7.87,1.88,6.0,
36067,2009-07-04,0.78,99.09,8.97,16.38,12.17,12.17,19.4,13.0,6.4,16.63,3.74,5.33,2.33,3.0,6.47,8.45,5.02,3.42,
20193,2011-03-01,0.0,90.51,2.71,6.63,-5.76,-5.61,17.92,-1.22,19.14,6.67,4.59,6.41,2.98,3.43,7.26,10.25,3.2,7.04,1.9767
16073,2016-12-01,0.2,86.8,2.55,-3.06,-6.98,-6.92,0.43,-5.11,5.54,-3.39,4.46,6.59,3.42,3.16,6.59,8.01,5.37,2.64,
31051,2009-06-09,1.41,96.51,7.68,14.68,9.42,9.42,19.08,10.33,8.75,15.03,1.86,3.94,0.36,3.58,2.56,4.75,0.52,4.23,1.0
26067,2013-08-21,3.89,98.8,13.3,23.48,18.21,18.21,29.04,17.56,11.48,23.37,4.25,5.43,2.72,2.71,6.88,8.46,4.21,4.26,
51007,2013-12-08,17.15,102.08,3.26,-0.1,-1.84,-1.82,0.9,-1.06,1.96,-0.09,2.03,2.81,1.1,1.71,3.57,4.79,1.92,2.87,
40137,2006-06-23,6.23,98.15,15.01,27.64,20.05,20.05,32.75,22.58,10.17,29.18,1.89,4.03,0.16,3.86,2.67,6.2,0.37,5.84,
29201,2000-09-23,17.81,99.34,15.78,25.69,21.03,21.03,31.69,20.81,10.88,25.78,2.67,4.23,0.98,3.25,4.55,7.84,2.14,5.7,
13103,2011-09-16,0.28,101.65,13.6,23.68,18.83,18.83,27.0,18.71,8.29,24.23,2.99,4.16,0.93,3.22,4.68,6.17,2.0,4.17,
13083,2013-05-18,9.33,97.68,14.82,22.15,19.77,19.76,27.04,18.43,8.62,22.27,1.7,2.06,1.32,0.74,3.63,4.73,2.83,1.9,
51099,2004-04-24,0.03,101.46,8.93,17.44,12.32,12.33,22.39,12.16,10.23,17.14,2.05,3.6,1.02,2.58,3.95,5.96,1.82,4.15,
12009,2003-05-03,0.11,101.48,14.2,25.27,19.68,19.68,29.96,20.47,9.5,26.49,2.63,4.71,1.16,3.55,3.67,6.95,1.34,5.61,
21213,2012-03-17,6.1,99.79,12.36,18.32,17.2,17.2,22.53,14.3,8.23,18.09,2.73,3.41,1.69,1.71,5.06,6.74,3.03,3.71,
46077,2012-06-22,2.61,95.68,9.36,22.32,12.22,12.22,28.33,15.73,12.61,21.98,2.91,6.33,0.19,6.14,4.24,10.06,0.29,9.77,
19163,2001-06-22,1.15,99.13,9.56,17.06,13.18,13.18,21.46,12.05,9.41,17.75,3.32,4.38,2.15,2.23,4.89,6.67,3.81,2.86,
12133,2010-07-04,2.34,101.08,15.86,26.36,21.35,21.35,30.61,21.73,8.87,27.06,4.05,6.77,2.43,4.34,6.0,8.64,4.78,3.85,
21193,2013-05-05,24.6,96.17,7.52,10.78,9.07,9.07,13.79,8.24,5.55,10.8,2.94,3.29,2.6,0.69,5.86,6.58,4.91,1.68,
51143,2011-07-11,0.45,99.16,15.8,27.88,21.03,21.03,34.39,20.38,14.01,28.2,2.01,2.78,1.26,1.52,3.9,6.07,2.3,3.77,
27143,2011-01-23,0.01,98.18,0.68,-20.6,-21.3,-21.16,-13.79,-29.41,15.63,-21.23,5.46,9.01,0.13,8.88,6.94,11.53,0.17,11.36,
5101,2010-10-05,0.0,98.54,4.31,14.26,1.41,1.46,22.71,5.99,16.73,11.72,1.07,1.99,0.35,1.64,1.59,3.26,0.54,2.72,0.0
13291,2006-11-10,0.0,94.84,9.67,15.08,12.55,12.55,22.8,9.95,12.85,14.32,1.5,2.02,0.27,1.75,3.56,4.63,0.25,4.38,
20093,2009-03-30,1.29,89.51,3.14,4.21,-4.21,-4.12,11.23,-1.31,12.54,4.74,6.64,11.11,3.84,7.28,9.46,13.26,7.22,6.04,
34017,2011-11-21,1.55,101.19,6.23,9.39,6.96,6.96,12.14,6.44,5.7,9.28,2.34,3.71,1.48,2.23,4.08,5.43,2.33,3.1,
13277,2014-10-09,0.0,100.83,12.95,24.72,18.13,18.13,32.22,18.31,13.91,25.05,1.67,2.52,0.39,2.13,2.83,5.31,0.42,4.89,
39117,2008-05-20,0.36,96.61,6.16,10.84,6.27,6.27,15.84,6.46,9.39,11.31,3.87,4.87,2.06,2.81,5.74,7.62,3.87,3.76,0.0
13007,2014-01-08,0.01,102.27,2.37,-0.41,-5.94,-5.83,6.6,-5.22,11.82,-0.2,3.11,4.07,1.86,2.21,5.13,7.64,3.45,4.18,
29033,2012-06-28,0.0,98.34,11.62,31.69,16.0,16.0,41.69,22.2,19.49,32.15,5.35,7.81,3.49,4.32,8.31,10.5,6.16,4.34,
51173,2010-05-09,0.0,93.3,4.62,7.53,1.66,1.68,13.65,2.6,11.06,7.6,2.91,3.71,1.41,2.3,5.51,6.57,3.81,2.76,
30075,2012-05-04,0.09,88.66,5.53,15.4,3.39,3.41,21.36,9.68,11.68,17.19,3.85,6.2,0.49,5.71,5.92,9.53,0.44,9.09,
39071,2003-02-14,11.82,98.33,2.87,-1.95,-4.23,-4.19,1.08,-6.14,7.21,-3.26,3.7,6.82,0.21,6.61,4.91,8.74,0.26,8.47,
8087,2001-03-02,0.01,85.19,2.59,1.81,-6.99,-6.88,10.53,-3.53,14.06,1.75,3.01,4.17,1.85,2.31,4.6,8.19,2.62,5.57,
28157,2007-05-09,0.01,100.78,14.13,23.92,19.46,19.46,29.07,19.49,9.58,23.69,1.17,1.66,0.68,0.98,2.2,3.5,1.1,2.4,
19115,2013-11-06,9.79,99.2,4.65,6.6,1.43,1.47,12.89,-1.13,14.02,6.7,6.58,9.3,2.93,6.37,9.24,11.44,6.14,5.3,
12087,2003-03-22,2.39,101.42,17.56,26.52,23.14,23.13,29.86,24.28,5.58,26.85,3.54,5.03,1.25,3.77,4.55,5.94,1.62,4.32,
51036,2011-01-26,21.75,100.08,4.18,1.75,1.27,1.27,3.75,0.39,3.37,1.69,3.54,5.3,0.98,4.31,5.91,8.9,1.56,7.34,
51735,2007-11-21,0.01,101.63,8.28,14.37,11.38,11.38,19.98,9.85,10.13,13.68,4.34,6.16,2.79,3.38,6.64,9.66,4.11,5.56,
48491,2016-10-15,0.95,98.58,14.86,25.27,19.98,19.98,32.23,20.04,12.19,25.76,4.86,6.35,3.36,3.0,7.41,9.01,6.17,2.84,
21063,2005-04-15,0.0,99.15,6.19,11.91,6.58,6.58,20.22,2.8,17.42,11.94,1.83,2.69,0.79,1.9,4.19,7.15,1.15,6.0,
26103,2005-05-19,4.95,98.01,6.64,8.88,7.52,7.52,10.64,7.2,3.44,7.08,4.05,5.35,1.66,3.69,6.76,8.88,2.76,6.12,
41033,2015-07-18,0.0,93.43,7.36,22.53,8.33,8.33,32.93,13.3,19.63,22.15,1.87,3.25,0.8,2.45,3.09,4.61,1.32,3.29,
12067,2011-12-16,0.0,102.07,10.07,17.57,14.41,14.41,23.45,13.55,9.89,17.01,1.69,2.16,1.02,1.14,2.48,3.03,1.45,1.59,
42075,2003-05-30,0.55,98.15,9.98,17.5,13.6,13.6,23.83,10.25,13.57,17.52,2.0,2.56,1.63,0.92,4.02,5.11,2.51,2.6,
53001,2001-09-27,0.08,95.48,4.88,11.23,2.76,2.78,16.65,5.79,10.86,11.58,2.41,3.77,1.44,2.33,3.65,4.81,1.53,3.28,
45091,2010-12-13,0.01,98.58,1.51,-2.96,-11.5,-11.09,0.58,-5.7,6.29,-2.9,4.97,6.37,3.88,2.49,8.4,9.96,7.01,2.95,
48127,2015-10-14,0.0,99.33,12.38,27.21,16.71,16.72,35.95,20.2,15.75,28.12,2.79,4.94,1.47,3.47,4.57,8.8,2.13,6.67,
27101,2004-07-21,6.18,95.82,15.99,26.99,20.58,20.58,33.14,21.93,11.21,26.98,3.2,4.06,2.48,1.59,5.1,8.39,3.17,5.22,
20045,2012-07-20,0.03,98.06,9.65,30.33,13.02,13.02,38.69,22.17,16.52,31.96,4.14,6.0,2.51,3.49,6.34,8.2,4.03,4.16,
32011,2013-11-07,0.13,80.75,3.24,4.86,-4.92,-4.85,13.4,-0.24,13.64,3.79,4.61,6.8,3.56,3.24,7.26,8.13,6.21,1.92,
19163,2007-07-16,24.13,98.75,13.36,21.89,18.16,18.16,26.96,16.71,10.24,21.7,3.75,5.48,2.22,3.27,5.89,7.39,3.81,3.58,
18057,2010-03-02,0.0,98.61,3.28,0.04,-2.2,-2.18,4.14,-2.66,6.8,0.62,3.88,4.69,3.02,1.67,5.33,7.18,4.02,3.15,0.0
48199,2003-12-25,0.04,101.91,5.25,8.17,4.64,4.65,13.3,4.98,8.32,8.31,2.54,3.21,1.88,1.33,4.59,5.67,3.86,1.82,
31041,2014-02-16,0.12,92.04,3.56,3.41,-2.09,-2.05,9.99,-2.01,12.0,2.85,6.8,11.58,0.42,11.16,9.23,14.04,0.57,13.47,
48247,2013-04-19,0.0,100.37,2.68,17.94,-4.76,-4.42,25.6,11.97,13.63,20.06,5.03,7.86,1.81,6.05,6.94,10.41,2.75,7.66,
16051,2000-11-30,0.48,84.23,2.85,-2.88,-6.06,-6.02,2.64,-6.59,9.23,-4.41,2.68,7.25,1.05,6.2,3.78,9.38,1.3,8.08,
1079,2000-11-19,0.83,99.39,3.34,2.81,-1.91,-1.86,10.41,-0.97,11.37,2.85,1.74,2.86,1.03,1.83,3.31,6.37,1.42,4.95,
55043,2012-09-25,0.0,97.69,6.37,15.93,6.83,6.84,26.25,8.07,18.19,16.29,3.2,4.07,2.36,1.7,5.7,8.59,2.67,5.92,3.4856
48037,2004-08-29,0.0,100.29,12.72,26.44,17.58,17.58,33.56,20.93,12.63,26.96,2.52,3.65,1.55,2.1,4.37,5.73,3.3,2.43,
37141,2005-06-03,11.92,101.21,15.17,22.05,20.67,20.67,25.24,19.27,5.97,22.23,1.48,2.24,0.48,1.75,2.39,4.38,0.49,3.89,
5131,2000-05-14,0.02,99.59,5.13,15.77,3.89,3.93,25.39,6.27,19.11,16.01,2.28,3.32,1.53,1.79,4.13,6.49,2.27,4.22,
1125,2008-02-23,0.06,100.69,4.43,5.58,2.13,2.15,10.89,0.87,10.02,5.58,1.99,2.47,1.49,0.99,3.79,4.66,2.78,1.88,
54043,2001-04-06,5.31,98.23,11.46,17.16,15.62,15.62,21.93,12.35,9.58,17.17,2.78,3.93,1.78,2.16,5.95,7.28,5.01,2.28,
39039,2016-02-26,0.01,99.36,2.33,-3.17,-6.48,-6.42,0.26,-6.18,6.44,-3.34,3.71,5.03,2.46,2.58,5.64,8.46,4.53,3.93,
48147,2003-08-11,3.86,99.15,13.0,29.1,17.87,17.87,36.53,23.14,13.39,30.8,2.6,4.03,0.96,3.08,3.82,5.25,1.16,4.1,
23031,2008-06-07,0.13,100.53,12.08,18.46,16.54,16.54,22.82,12.01,10.82,17.53,1.98,3.25,0.79,2.45,3.64,6.51,1.17,5.33,
21057,2015-02-24,0.21,98.17,1.98,-7.46,-8.94,-8.89,-1.22,-12.14,10.92,-7.91,2.33,3.62,0.98,2.64,3.86,5.75,1.42,4.32,0.0
42117,2014-07-28,9.19,94.64,10.81,16.35,14.23,14.23,20.95,11.55,9.4,16.32,2.29,3.88,1.37,2.51,4.7,7.43,3.09,4.34,
13217,2009-10-31,7.65,98.52,11.49,16.71,15.58,15.58,22.14,9.72,12.42,16.75,3.03,3.63,2.35,1.28,5.34,6.87,4.23,2.64,
40111,2011-08-10,19.12,98.4,16.29,28.73,21.38,21.38,35.05,24.64,10.41,29.39,3.83,5.01,2.57,2.45,5.64,8.16,3.11,5.06,
9007,2012-06-09,0.09,100.46,10.62,19.13,14.98,14.98,22.32,15.44,6.88,18.49,2.11,3.06,1.13,1.93,3.82,5.5,1.69,3.82,
36095,2007-10-05,0.0,98.29,10.58,20.54,14.46,14.46,28.04,14.24,13.8,18.72,1.12,1.54,0.32,1.22,1.96,2.57,0.62,1.96,
47057,2005-03-24,0.07,96.58,5.78,8.69,5.35,5.35,14.81,4.93,9.88,8.67,1.42,2.12,0.6,1.52,2.6,5.17,0.86,4.31,
37145,2013-04-14,0.3,100.24,7.71,15.69,9.87,9.87,23.97,7.12,16.85,15.72,2.04,2.44,1.36,1.08,4.56,6.81,1.75,5.06,
13105,2012-10-14,0.54,99.46,10.24,17.47,13.98,13.98,24.35,10.33,14.02,17.49,1.7,2.39,1.05,1.34,3.66,5.48,1.59,3.88,
51049,2016-11-07,0.0,101.14,4.42,8.84,2.13,2.16,15.63,3.27,12.36,7.63,1.64,2.08,0.56,1.52,3.5,5.84,0.73,5.11,
20165,2001-11-12,0.28,94.63,9.24,15.31,11.92,11.93,22.1,11.44,10.65,15.36,5.95,7.69,4.83,2.86,8.56,9.55,7.22,2.33,
13317,2013-05-09,0.11,99.88,11.51,20.56,16.11,16.11,27.43,13.4,14.03,20.57,1.66,2.16,0.9,1.26,3.71,5.6,1.22,4.38,
29035,2009-05-20,0.0,100.27,8.99,17.96,12.18,12.18,24.97,10.65,14.32,17.56,1.94,2.35,0.97,1.38,3.77,6.06,1.29,4.77,
26133,2012-10-08,0.0,98.19,3.27,6.79,-2.29,-2.22,12.92,0.21,12.71,6.82,5.34,7.48,3.32,4.17,8.48,9.57,6.31,3.26,
18139,2012-11-19,0.03,99.0,4.48,6.54,2.04,2.05,14.76,0.72,14.04,5.49,2.29,3.46,1.03,2.43,3.75,6.85,1.41,5.45,
1099,2007-08-21,0.01,100.88,15.94,30.91,21.27,21.27,39.5,24.64,14.86,30.81,0.95,1.85,0.3,1.56,2.33,5.35,0.42,4.93,3.5116
31039,2001-04-22,19.87,95.68,9.96,14.6,12.43,12.43,21.6,6.69,14.92,14.42,8.94,11.2,4.49,6.72,11.89,15.11,6.26,8.85,
48317,2007-12-01,1.06,91.69,10.11,17.79,12.71,12.71,24.12,13.68,10.45,17.5,7.88,12.48,3.5,8.99,11.41,15.61,7.52,8.09,
8025,2012-05-17,1.42,85.05,4.73,22.1,0.51,0.58,29.91,14.62,15.29,23.87,4.08,6.73,1.58,5.15,6.01,9.92,1.93,8.0,
4012,2012-12-22,0.0,97.64,2.71,11.03,-4.92,-4.69,18.98,5.69,13.28,8.7,2.67,3.63,1.99,1.63,3.76,4.52,3.08,1.44,
6087,2007-12-30,0.16,101.14,5.89,8.87,6.18,6.19,11.2,6.26,4.94,9.2,5.38,6.42,3.72,2.69,6.91,7.57,5.31,2.26,
54043,2004-07-02,0.83,98.23,15.57,24.87,20.61,20.61,29.71,19.29,10.41,24.5,0.61,1.18,0.17,1.01,1.42,3.54,0.19,3.35,
42107,2010-09-06,0.0,98.85,6.98,18.79,8.06,8.07,26.54,11.43,15.12,18.08,1.59,2.12,0.68,1.44,3.21,5.6,0.98,4.61,
22079,2012-10-12,0.0,101.59,12.62,22.26,17.85,17.85,29.51,16.58,12.93,22.34,1.87,2.43,1.19,1.24,3.97,5.76,1.81,3.95,
26063,2012-03-29,0.02,99.64,3.43,1.5,-1.52,-1.5,3.24,-0.74,3.98,3.15,5.26,7.35,2.24,5.11,6.25,9.51,3.04,6.47,
48277,2013-01-14,0.06,100.62,2.39,-1.29,-6.06,-5.96,5.45,-5.72,11.16,-1.07,3.54,4.6,2.67,1.93,5.64,6.7,4.26,2.44,
54095,2015-12-02,14.62,96.88,6.64,8.18,7.14,7.15,10.74,2.6,8.14,8.09,1.81,3.38,0.39,2.99,4.01,6.46,1.17,5.29,
20085,2009-03-11,0.0,99.38,1.41,-4.98,-12.2,-11.8,-0.11,-8.75,8.63,-3.06,5.55,7.55,4.07,3.48,6.8,9.66,4.37,5.29,
19105,2010-11-21,1.88,97.78,5.66,5.26,4.8,4.8,11.47,0.04,11.43,4.92,5.18,7.42,3.23,4.19,7.63,9.79,4.23,5.57,
51185,2015-10-03,15.24,93.57,7.95,10.32,9.42,9.42,13.18,7.62,5.56,10.33,2.53,2.9,2.16,0.74,4.96,5.79,4.02,1.77,
56001,2001-05-05,2.34,77.65,4.78,3.99,-0.41,-0.4,9.55,-0.29,9.84,4.13,4.5,8.03,1.45,6.58,6.37,10.14,2.25,7.89,
13217,2004-05-16,1.72,99.53,11.63,23.24,16.25,16.25,30.31,17.49,12.82,23.58,1.73,2.13,1.31,0.82,3.5,5.37,1.83,3.54,
6103,2011-10-02,0.03,95.42,6.36,16.61,6.39,6.41,23.69,11.44,12.25,16.83,3.1,4.99,1.52,3.47,4.73,6.61,2.73,3.88,
51047,2013-02-05,0.03,99.86,3.93,1.56,0.27,0.27,8.94,-2.55,11.49,1.28,1.68,2.37,0.95,1.42,3.73,6.25,1.43,4.82,0.0
16079,2012-12-06,8.71,86.79,3.19,-2.41,-4.21,-4.19,-1.52,-3.29,1.76,-2.66,2.07,3.28,1.12,2.16,3.8,6.1,2.07,4.03,
17005,2010-07-27,1.1,99.71,17.39,26.6,22.67,22.67,30.6,22.04,8.56,26.71,1.83,2.63,0.15,2.48,3.08,5.78,0.31,5.47,0.0
13207,2008-10-07,0.17,99.94,9.31,21.12,12.81,12.81,28.89,13.29,15.6,21.29,2.58,3.46,1.71,1.75,5.26,6.36,3.06,3.3,3.0
40111,2009-11-16,4.69,99.21,4.7,5.36,2.74,2.75,8.06,3.34,4.72,5.75,6.34,7.5,5.51,1.99,8.37,9.46,7.64,1.82,
40139,2006-10-30,0.0,90.06,4.08,14.64,-0.63,-0.56,24.1,3.56,20.53,14.87,6.71,8.99,3.95,5.04,9.15,12.0,4.38,7.62,
36039,2012-09-16,0.0,96.96,6.06,12.98,6.04,6.05,20.19,7.56,12.62,12.73,1.74,2.31,1.26,1.05,3.7,4.32,2.72,1.6,
22023,2004-07-20,0.0,101.35,14.93,27.27,20.49,20.49,29.46,24.57,4.89,28.38,2.47,4.3,1.45,2.85,2.97,5.56,1.53,4.02,0.0
37155,2011-07-04,2.64,100.7,14.61,29.29,19.97,19.97,35.56,24.07,11.48,30.06,3.4,5.28,0.83,4.45,4.73,7.36,1.36,6.0,
13069,2004-07-15,11.63,100.28,18.73,27.17,24.0,24.0,30.23,24.23,6.01,27.2,3.84,5.22,2.53,2.69,5.86,6.97,4.35,2.62,
20199,2015-06-06,1.55,88.83,12.02,22.82,14.99,14.99,30.93,16.84,14.09,22.92,6.05,8.19,3.52,4.66,8.51,10.97,6.52,4.45,
22039,2004-02-28,0.0,102.17,6.69,9.95,8.06,8.06,15.77,3.56,12.21,10.08,3.45,4.67,2.54,2.13,5.7,7.73,3.56,4.18,
29147,2005-04-22,1.94,97.52,5.7,10.79,5.17,5.18,17.47,6.0,11.47,11.14,9.09,13.12,4.06,9.06,12.15,16.06,6.73,9.34,
16029,2006-01-15,5.17,80.16,2.8,-6.14,-6.97,-6.96,-2.68,-12.52,9.84,-6.7,4.11,6.86,2.43,4.43,6.54,8.82,4.42,4.4,
35047,2014-02-23,0.0,83.16,2.54,7.75,-7.56,-7.34,17.48,-0.59,18.07,8.04,4.35,6.75,2.68,4.06,6.93,9.92,3.07,6.85,
4013,2000-01-05,0.05,96.63,1.82,8.93,-9.66,-9.13,18.96,1.96,17.0,7.96,2.43,3.39,0.63,2.76,3.84,6.16,0.72,5.44,
41003,2002-11-01,0.01,98.73,1.97,5.16,-8.84,-8.39,16.58,-2.34,18.92,4.18,2.27,2.88,0.89,1.99,4.12,5.3,1.62,3.68,
42023,2010-01-08,1.93,94.85,1.91,-8.24,-9.29,-9.26,-6.84,-9.65,2.82,-8.45,3.4,4.48,0.96,3.52,5.71,7.32,1.34,5.97,
40111,2008-07-19,0.0,98.93,15.04,28.35,20.19,20.19,34.65,22.25,12.4,28.41,3.73,4.69,2.51,2.19,6.24,8.7,3.99,4.7,
40137,2010-06-06,0.0,97.74,14.9,29.72,19.84,19.84,36.71,22.68,14.03,31.06,3.59,5.0,1.74,3.26,5.26,7.27,1.89,5.38,
28123,2005-05-27,0.03,100.13,10.93,24.31,15.23,15.24,31.82,17.19,14.63,23.33,0.77,1.44,0.14,1.31,1.32,2.84,0.09,2.75,
31179,2007-11-25,0.0,95.82,2.96,0.21,-3.94,-3.89,7.32,-4.33,11.65,-0.38,6.27,8.49,3.31,5.19,9.17,10.85,6.24,4.61,
48101,2004-12-28,0.01,95.4,5.28,7.66,3.82,3.83,16.54,1.77,14.77,7.32,5.33,7.54,4.07,3.47,8.42,10.25,6.64,3.61,0.0
26105,2006-06-05,0.0,99.45,6.47,15.36,7.36,7.37,17.37,13.8,3.57,13.29,2.35,4.43,0.56,3.87,3.52,7.47,0.77,6.7,
13267,2013-04-05,5.83,100.78,6.64,10.46,7.92,7.92,15.69,6.43,9.26,10.62,3.71,5.42,1.33,4.09,4.97,6.7,1.93,4.77,
30059,2008-12-08,0.85,82.25,2.17,-8.28,-9.69,-9.66,-3.33,-13.39,10.06,-9.35,2.54,3.32,0.66,2.66,3.83,5.24,1.03,4.21,
55009,2012-04-21,0.01,99.25,3.8,4.07,-0.18,-0.15,7.73,-0.22,7.95,5.28,4.68,5.49,3.9,1.59,6.14,8.21,4.91,3.3,
19149,2008-07-11,1.38,96.14,15.62,26.49,19.73,19.73,31.88,18.95,12.93,26.45,7.28,10.1,4.25,5.85,10.22,12.87,7.42,5.45,
17175,2002-03-31,2.47,99.26,3.25,2.94,-2.37,-2.32,8.88,-2.55,11.43,2.33,4.25,7.09,1.59,5.5,6.24,9.08,2.27,6.81,
40085,2010-07-14,0.0,98.33,17.97,29.9,23.01,23.01,35.28,24.9,10.38,30.49,5.23,6.54,4.0,2.54,7.54,9.17,6.33,2.84,
48221,2001-01-25,0.97,99.19,5.39,7.46,4.51,4.51,13.15,1.11,12.04,7.44,4.34,7.03,1.77,5.26,6.48,10.64,1.92,8.71,
48359,2001-05-16,0.1,87.33,8.09,25.4,8.64,8.65,34.18,15.72,18.45,26.9,2.83,4.15,0.85,3.3,4.57,8.83,0.88,7.95,
17061,2001-05-02,0.0,99.33,10.8,21.5,15.08,15.08,27.67,15.74,11.92,21.5,6.57,8.14,4.93,3.2,9.64,10.48,7.51,2.97,
31091,2007-07-31,0.03,89.78,14.7,24.97,18.26,18.26,30.65,19.46,11.19,26.53,4.65,6.19,3.33,2.86,6.07,8.78,4.53,4.25,1.0
40069,2009-12-04,0.0,99.57,2.11,-1.7,-7.59,-7.44,3.18,-5.37,8.55,-2.21,2.65,3.27,1.17,2.1,4.2,6.33,1.61,4.72,
34035,2006-01-24,1.46,99.01,3.34,-0.42,-1.99,-1.98,3.83,-3.99,7.83,-0.67,2.2,2.99,1.32,1.67,4.26,6.75,2.03,4.72,0.0
48237,2006-08-22,0.52,98.02,14.13,31.73,19.0,19.0,37.71,26.05,11.66,34.37,2.82,4.87,0.9,3.98,3.36,6.36,0.71,5.65,5.0
37089,2003-09-27,8.65,95.4,12.72,19.78,16.88,16.88,25.55,15.31,10.24,19.22,1.71,2.49,0.65,1.84,3.3,4.92,1.36,3.56,
37093,2003-11-18,1.27,100.77,11.34,16.56,15.89,15.89,21.94,11.67,10.28,16.25,3.03,4.85,1.63,3.22,5.43,8.52,3.02,5.51,0.0
47117,2001-12-18,0.14,98.39,4.83,8.22,3.0,3.02,12.8,4.6,8.2,7.21,1.99,3.39,0.35,3.04,3.02,5.31,0.48,4.83,0.0
26157,2014-08-23,0.01,99.0,12.74,20.49,17.6,17.6,25.41,15.46,9.95,21.28,3.26,4.11,2.23,1.89,4.86,6.62,3.4,3.21,
17079,2015-05-15,4.26,99.56,13.91,21.29,18.96,18.96,26.23,16.73,9.5,21.16,5.3,6.74,3.35,3.39,7.92,10.64,6.71,3.93,
47151,2007-03-05,0.0,97.51,3.52,3.2,-1.61,-1.58,12.53,-4.78,17.31,3.22,2.4,3.53,1.55,1.98,4.95,7.23,2.41,4.83,
26045,2004-06-06,0.43,98.33,10.79,18.82,14.75,14.75,24.08,13.2,10.88,18.88,4.64,6.13,2.3,3.83,6.86,9.15,4.52,4.63,
38087,2004-12-30,0.6,89.93,2.56,-4.33,-7.33,-7.21,0.94,-10.53,11.47,-4.23,10.09,15.13,2.43,12.7,12.55,18.44,3.77,14.67,
48155,2006-03-02,0.13,96.48,4.64,14.55,2.12,2.16,19.11,9.61,9.5,14.73,6.09,8.8,3.95,4.85,8.77,10.33,7.25,3.08,
36019,2012-03-11,0.06,99.17,3.82,2.29,-0.42,-0.41,9.68,-3.79,13.48,2.14,3.78,4.67,3.01,1.66,6.9,8.07,5.19,2.88,
19165,2010-08-28,0.0,96.82,11.38,20.89,15.38,15.39,28.26,13.73,14.54,20.45,6.43,7.66,5.17,2.49,9.48,11.74,7.01,4.72,
4001,2001-07-27,0.22,80.69,7.18,23.54,5.29,5.31,32.18,13.87,18.31,26.61,2.38,3.39,1.52,1.87,3.49,4.8,2.03,2.77,
19135,2015-10-26,0.0,99.35,4.61,9.82,2.52,2.54,17.29,2.64,14.65,9.63,3.71,4.91,2.6,2.31,6.28,8.84,2.84,6.01,
18003,2012-11-08,0.03,99.01,3.93,2.76,0.28,0.29,10.42,-1.79,12.21,2.63,2.15,3.32,0.99,2.33,3.27,5.83,1.39,4.44,
5039,2008-05-04,1.27,101.02,8.04,15.81,10.72,10.72,23.37,7.84,15.53,15.57,1.06,1.76,0.2,1.56,2.44,4.45,0.44,4.01,
21199,2006-11-01,7.38,98.22,6.85,8.89,7.75,7.75,13.98,4.16,9.82,8.85,2.3,3.91,0.87,3.05,3.56,5.47,1.61,3.86,
19163,2004-02-15,0.0,100.12,1.1,-11.62,-15.02,-14.76,-3.7,-18.69,14.98,-11.66,3.88,5.56,2.03,3.53,5.22,7.77,2.45,5.32,
16035,2002-08-04,1.5,87.89,7.01,12.68,6.74,6.74,18.57,7.74,10.84,12.49,1.69,2.72,0.87,1.86,3.07,4.25,1.51,2.74,
19003,2012-02-08,0.0,98.65,1.96,-4.78,-8.57,-8.46,-0.84,-7.25,6.41,-4.74,2.8,3.54,1.36,2.18,3.63,5.13,2.22,2.91,
39131,2003-03-19,12.49,97.72,8.99,14.14,11.99,11.99,19.35,9.64,9.71,13.97,5.38,8.56,3.22,5.34,8.45,11.7,6.13,5.57,
45055,2011-12-09,0.0,101.2,4.59,6.82,2.32,2.34,15.82,0.44,15.38,7.0,1.83,2.29,0.45,1.84,3.65,5.61,0.58,5.03,
21185,2016-09-13,0.0,99.28,8.71,23.5,11.63,11.63,31.42,15.33,16.1,22.14,1.84,2.97,0.66,2.31,2.71,3.93,0.91,3.02,0.0
35029,2012-11-21,0.0,86.09,5.37,14.43,2.28,2.31,21.5,9.69,11.8,14.26,2.8,3.86,1.51,2.34,4.44,7.08,2.25,4.83,
29127,2003-04-09,0.02,99.97,3.02,3.43,-3.1,-3.04,11.75,-3.43,15.18,4.47,4.2,5.46,2.89,2.57,5.65,6.59,4.66,1.93,
27021,2014-08-08,0.0,97.13,10.4,22.31,14.13,14.13,28.3,14.92,13.38,23.24,2.64,3.15,0.86,2.29,4.1,6.33,1.1,5.23,
51730,2013-07-10,12.95,101.02,18.34,26.64,23.79,23.79,30.48,23.68,6.8,26.73,2.57,3.1,1.95,1.14,4.64,5.1,4.24,0.86,
5049,2012-05-31,1.95,98.3,12.36,21.1,16.88,16.88,26.31,15.18,11.13,21.19,2.02,3.52,1.19,2.32,4.08,6.34,2.01,4.33,
16073,2013-04-16,0.94,86.24,2.59,0.57,-7.0,-6.87,5.89,-3.65,9.53,1.51,6.26,8.93,4.62,4.31,8.04,12.24,6.1,6.14,1.3681
20171,2010-04-17,0.0,92.08,4.16,9.42,-0.04,0.01,16.81,2.03,14.78,10.96,3.17,4.65,1.7,2.94,4.75,6.44,2.79,3.65,
51141,2001-12-25,0.02,95.95,2.12,-1.69,-8.02,-7.85,4.5,-5.91,10.4,-2.01,1.41,1.9,0.6,1.3,2.85,4.66,0.99,3.67,2.995
12069,2003-02-02,0.0,101.57,6.09,11.23,6.79,6.8,19.72,3.77,15.96,10.82,2.19,3.12,0.18,2.94,3.55,6.1,0.16,5.94,
12049,2006-01-23,0.08,101.72,13.23,22.05,18.61,18.61,27.42,18.14,9.29,22.14,3.56,5.88,2.1,3.78,5.63,7.56,3.94,3.62,
55083,2006-12-29,0.79,100.21,3.92,0.77,0.42,0.43,1.77,-0.06,1.83,0.43,3.83,5.02,1.67,3.35,5.94,7.1,2.57,4.53,
21223,2014-05-27,0.47,98.88,15.54,22.72,20.74,20.74,26.52,19.3,7.22,22.52,2.23,2.91,1.53,1.38,4.53,6.1,3.26,2.85,0.0
56003,2006-07-07,0.86,82.47,8.37,20.93,8.34,8.34,26.84,14.16,12.68,21.67,2.18,3.01,0.97,2.05,3.49,4.9,2.05,2.85,
5133,2015-12-28,6.57,99.01,5.35,5.83,3.7,3.71,16.43,0.49,15.93,5.91,4.93,6.71,1.9,4.8,7.4,10.0,2.89,7.12,
27039,2004-07-01,0.14,97.8,13.98,23.07,18.82,18.82,28.66,16.94,11.72,23.55,2.08,3.82,0.28,3.55,3.55,7.21,0.22,6.99,
55073,2007-10-31,0.59,96.82,4.66,7.98,1.71,1.75,12.09,2.4,9.69,7.84,9.07,11.29,7.22,4.07,12.34,14.13,9.9,4.23,
17037,2010-08-29,0.0,99.17,15.51,24.63,20.62,20.62,30.75,18.14,12.6,24.36,4.31,6.16,2.93,3.23,7.33,9.29,3.91,5.38,
39111,2000-02-10,4.55,97.58,4.72,3.06,2.47,2.47,7.07,-2.06,9.13,2.98,2.73,4.22,1.68,2.55,5.65,9.16,3.58,5.59,
35033,2009-07-09,0.13,81.18,5.7,26.64,2.38,2.41,35.34,17.23,18.11,27.86,4.23,6.24,1.01,5.22,6.92,9.38,1.25,8.13,
23013,2010-03-26,2.86,100.61,2.43,-1.98,-6.43,-6.3,4.59,-4.6,9.19,-0.68,5.94,7.16,1.78,5.38,8.46,9.92,3.38,6.55,
39147,2016-01-05,0.0,100.68,1.6,-7.09,-10.64,-10.49,-1.92,-11.29,9.37,-6.91,3.5,4.74,2.09,2.65,5.26,8.2,3.16,5.04,0.0
47135,2004-05-11,0.2,99.55,13.19,21.85,18.22,18.22,27.3,16.4,10.9,21.91,2.04,2.92,1.7,1.21,4.39,5.51,2.8,2.7,0.0
48469,2012-07-16,1.13,101.18,18.57,27.91,24.02,24.02,31.49,24.59,6.91,28.17,3.56,4.35,2.61,1.74,5.42,7.2,3.87,3.33,
37195,2001-07-08,5.5,100.86,14.67,23.62,19.89,19.89,28.68,18.12,10.57,23.67,4.05,6.05,2.27,3.78,6.55,7.89,5.14,2.74,
20181,2014-01-10,0.11,87.94,2.69,1.02,-6.33,-6.21,6.53,-2.22,8.75,0.34,6.11,10.61,1.47,9.14,9.44,13.31,2.82,10.5,
39029,2006-12-17,1.43,97.87,6.76,9.39,7.48,7.48,13.4,3.34,10.05,9.37,2.99,3.44,2.06,1.38,6.06,7.48,4.8,2.67,
37101,2009-03-01,35.08,100.11,4.03,1.75,0.76,0.76,3.78,0.43,3.35,1.92,6.04,8.51,3.84,4.67,8.2,11.19,5.34,5.85,
19127,2007-04-20,0.06,98.52,6.85,12.63,8.01,8.01,20.74,5.18,15.55,12.99,5.8,7.53,3.55,3.97,8.39,10.15,5.05,5.1,
23003,2004-05-12,0.21,98.69,4.84,8.52,3.05,3.06,16.01,0.71,15.31,8.58,2.53,3.43,1.69,1.75,4.84,5.72,3.13,2.58,
45009,2002-04-14,3.49,101.11,12.15,21.36,17.18,17.18,27.4,15.66,11.74,21.55,2.91,4.09,1.98,2.11,4.97,6.74,3.29,3.44,
16021,2001-01-18,1.43,88.89,1.81,-10.3,-10.79,-10.77,-6.62,-12.82,6.2,-12.64,0.46,0.77,0.18,0.59,0.65,1.08,0.32,0.76,
46013,2013-02-18,0.11,96.21,1.54,-10.24,-12.42,-12.26,-1.52,-17.98,16.46,-10.39,10.45,12.57,6.65,5.92,13.24,15.31,9.86,5.45,
12061,2008-09-21,1.85,101.51,17.89,26.34,23.46,23.46,29.95,23.75,6.19,26.43,2.27,3.77,1.16,2.6,3.28,5.3,1.55,3.75,
28059,2001-11-28,6.08,101.48,14.75,22.13,20.33,20.33,23.24,21.55,1.69,21.25,6.86,7.69,6.06,1.62,9.51,10.36,8.52,1.84,
49035,2005-06-26,0.15,81.14,6.3,17.49,3.73,3.75,23.8,9.47,14.33,17.42,3.04,4.57,0.68,3.89,4.67,6.3,0.87,5.42,
26055,2000-06-17,0.11,99.08,6.3,12.94,6.89,6.9,15.15,9.74,5.41,13.15,3.23,5.46,0.43,5.03,4.39,8.33,0.49,7.84,
13311,2012-12-17,5.37,94.06,8.33,10.34,10.27,10.27,12.53,8.57,3.96,10.25,1.79,2.9,0.97,1.93,3.99,6.0,2.01,4.0,
26079,2007-09-06,1.67,97.81,13.74,24.11,18.56,18.56,28.2,20.32,7.88,23.95,6.31,8.16,4.76,3.4,9.2,11.15,7.15,4.0,
48325,2003-08-21,0.39,98.17,15.38,29.53,20.4,20.4,35.9,23.84,12.06,31.33,3.87,5.65,1.78,3.87,5.31,7.65,3.58,4.08,
42055,2011-04-15,0.02,99.32,6.24,10.42,6.75,6.75,16.68,4.64,12.04,10.56,4.32,6.04,2.53,3.51,6.77,9.22,4.91,4.3,
17051,2011-05-01,9.41,99.42,6.77,12.25,7.76,7.77,18.08,6.53,11.55,12.55,4.72,7.34,1.93,5.41,6.49,9.78,2.7,7.08,
40061,2004-11-29,19.89,98.89,6.43,8.2,7.18,7.18,10.9,5.37,5.54,8.27,3.89,5.07,0.61,4.46,5.62,7.99,1.2,6.79,
42073,2014-08-10,0.05,97.76,10.9,22.77,14.95,14.95,30.77,15.1,15.67,22.82,1.61,1.89,1.1,0.78,3.81,5.69,1.87,3.81,
49043,2009-10-09,0.0,74.21,2.96,-0.24,-7.08,-7.03,6.67,-5.01,11.69,-0.22,4.36,6.75,2.86,3.89,7.33,10.54,4.85,5.68,
48099,2004-05-24,0.0,97.89,14.24,26.91,19.17,19.17,34.1,21.17,12.93,28.05,7.33,8.44,5.77,2.67,9.62,11.05,7.99,3.06,
31147,2008-09-16,0.0,98.3,8.64,17.23,11.24,11.24,25.98,9.11,16.88,17.1,4.12,5.18,2.61,2.57,6.97,9.13,3.65,5.48,0.0
38091,2002-10-30,0.0,98.5,1.5,-5.05,-11.55,-11.24,-1.26,-7.41,6.16,-4.52,5.39,6.14,3.93,2.21,7.01,7.97,6.33,1.63,
29011,2004-05-29,0.05,97.28,14.99,22.89,19.82,19.82,26.84,18.01,8.82,22.67,6.68,8.33,4.77,3.57,9.61,12.2,7.15,5.05,
13319,2007-07-16,0.01,100.29,14.03,27.09,19.31,19.31,34.2,19.76,14.44,27.56,1.93,2.89,1.27,1.62,3.7,4.79,1.96,2.83,
20041,2007-02-01,0.14,96.26,1.93,-4.7,-9.11,-8.97,0.63,-10.11,10.74,-4.26,4.33,11.65,2.11,9.53,6.18,14.71,2.47,12.24,
47137,2009-11-16,0.12,97.83,7.09,12.06,8.42,8.42,19.53,5.31,14.22,11.25,1.74,2.52,0.47,2.05,3.44,5.47,0.62,4.85,
17061,2008-02-06,6.95,98.41,3.25,-0.94,-2.42,-2.41,1.51,-4.63,6.14,-1.03,6.28,12.07,1.19,10.88,8.39,14.91,1.74,13.17,
47051,2001-10-18,0.07,98.7,4.37,9.18,1.54,1.56,18.54,1.13,17.41,9.14,2.76,3.74,2.01,1.73,5.24,7.3,3.26,4.04,
45071,2010-05-02,0.71,99.59,16.6,25.39,21.91,21.91,30.88,19.92,10.96,25.41,3.33,4.81,1.74,3.06,6.41,8.26,3.55,4.71,
19179,2008-08-27,1.48,98.42,12.35,20.59,16.82,16.82,27.04,13.78,13.26,20.56,2.86,4.09,2.26,1.83,4.79,8.09,2.52,5.58,
28045,2013-06-12,0.01,101.59,17.0,28.55,22.61,22.61,32.74,25.0,7.74,28.79,2.35,3.55,0.69,2.86,3.39,5.5,0.85,4.65,
17079,2003-10-23,0.0,98.98,5.63,10.9,5.31,5.32,18.0,5.78,12.21,10.84,3.27,4.6,1.81,2.79,5.14,7.31,2.69,4.62,
36073,2014-07-09,5.72,99.67,9.35,17.59,12.84,12.84,19.88,15.71,4.17,17.95,5.21,8.86,3.48,5.38,6.76,10.78,4.95,5.83,
46089,2005-01-17,0.02,96.66,0.9,-16.51,-17.82,-17.65,-11.05,-22.93,11.88,-16.58,5.55,7.58,3.03,4.55,7.25,10.53,3.95,6.58,
46025,2010-11-01,0.01,96.79,4.42,5.86,1.57,1.58,13.36,1.06,12.3,5.61,4.79,6.05,3.17,2.88,7.57,8.8,5.82,2.98,
18095,2016-04-15,0.0,99.06,6.32,12.06,6.67,6.67,21.71,1.85,19.86,12.45,3.63,5.31,2.24,3.07,5.71,9.04,2.5,6.53,
42027,2012-12-26,21.17,96.69,2.5,-5.04,-6.09,-6.07,-2.84,-8.32,5.48,-5.38,3.21,4.62,1.61,3.01,5.62,8.02,2.79,5.24,
48303,2004-10-04,2.37,91.02,11.6,18.04,14.81,14.81,24.77,14.1,10.67,18.37,3.55,5.06,2.42,2.64,5.36,6.7,3.77,2.93,
21157,2011-04-18,0.07,99.34,10.55,17.33,14.39,14.39,21.99,11.06,10.93,17.38,5.45,7.45,3.83,3.61,8.36,10.7,6.79,3.91,
54057,2013-11-30,0.0,97.62,2.43,-5.53,-6.32,-6.31,-1.2,-8.7,7.51,-6.42,1.9,2.24,1.61,0.62,3.53,4.05,2.81,1.24,
8119,2003-03-21,3.22,75.56,3.78,-1.77,-3.91,-3.9,2.06,-6.86,8.92,-3.29,2.35,4.3,0.46,3.84,3.09,5.3,0.67,4.63,
22083,2010-09-22,0.0,101.3,13.67,29.71,18.93,18.93,37.07,23.36,13.71,30.97,3.61,5.09,2.16,2.94,5.42,7.08,4.05,3.03,
19095,2004-08-25,7.58,97.82,17.19,23.57,22.18,22.18,27.6,20.04,7.56,23.59,4.62,7.72,2.16,5.56,6.94,9.87,4.64,5.23,
48431,2004-11-12,0.19,93.38,4.49,5.91,1.2,1.22,11.14,1.1,10.05,6.69,3.95,5.23,2.46,2.77,5.62,7.16,4.51,2.65,
20117,2001-04-08,3.09,95.84,8.38,17.13,10.23,10.23,26.74,6.97,19.77,17.15,6.99,10.26,3.25,7.01,9.99,13.45,5.95,7.51,
30095,2007-06-14,2.46,86.16,9.03,15.6,10.15,10.15,20.03,11.49,8.53,16.65,2.04,3.3,0.68,2.62,2.62,5.46,0.27,5.2,
39103,2004-09-12,0.04,98.86,9.75,19.99,13.35,13.35,25.45,13.93,11.52,19.25,1.68,2.72,0.61,2.11,2.29,3.94,0.67,3.27,
20117,2009-04-04,1.89,95.33,5.32,10.18,3.63,3.64,19.68,2.61,17.07,10.06,9.06,13.21,3.81,9.39,12.28,16.46,6.23,10.23,
26029,2014-10-09,0.54,99.21,5.42,8.15,4.82,4.82,10.23,6.54,3.68,10.32,5.89,8.02,4.42,3.6,7.43,10.16,5.98,4.18,
56019,2000-02-08,0.4,81.83,3.09,1.88,-5.44,-5.38,7.56,-1.33,8.89,0.91,6.71,8.08,4.18,3.91,10.17,11.6,7.94,3.66,0.0
46109,2008-11-07,2.0,96.33,3.63,0.83,-1.34,-1.33,2.98,-2.22,5.2,0.94,9.55,11.05,5.01,6.04,12.0,13.58,7.21,6.37,
12061,2002-10-26,0.13,101.4,17.05,25.75,22.66,22.66,29.78,23.08,6.7,25.71,1.75,3.34,0.51,2.83,2.71,6.13,0.57,5.57,
13145,2001-05-28,11.62,99.03,14.05,23.36,19.12,19.12,29.19,18.22,10.98,23.44,2.11,2.64,1.41,1.24,4.51,5.81,3.38,2.42,
12041,2001-09-13,15.76,101.0,16.21,23.22,21.77,21.77,25.96,21.7,4.26,23.45,4.68,6.11,2.88,3.23,7.35,8.98,5.31,3.67,
48077,2009-06-07,0.85,97.09,12.34,27.14,16.79,16.79,34.16,22.02,12.15,27.06,6.67,7.61,5.68,1.92,9.31,11.57,7.15,4.42,
19073,2013-01-23,0.04,98.42,1.1,-10.08,-15.34,-14.72,-2.63,-15.87,13.24,-9.56,6.8,10.88,2.83,8.04,8.66,13.06,4.5,8.55,
1101,2003-06-03,14.22,99.68,16.72,22.79,22.06,22.06,24.44,21.04,3.4,22.71,2.7,4.01,1.76,2.24,5.09,6.25,4.33,1.91,0.0
31057,2004-01-29,0.0,89.58,2.12,-2.37,-9.08,-8.89,1.06,-6.69,7.75,-1.88,5.08,7.5,3.27,4.22,7.08,11.6,3.15,8.45,
48243,2007-07-06,3.49,86.82,11.8,22.77,14.33,14.33,27.11,18.15,8.96,24.96,3.87,5.79,1.76,4.02,5.08,6.52,3.33,3.19,
24029,2005-08-18,0.04,101.08,12.31,25.59,17.33,17.33,31.08,19.74,11.34,26.36,2.38,3.34,1.52,1.82,3.65,6.29,2.54,3.75,
54053,2004-06-15,8.53,98.83,17.16,24.5,22.26,22.26,29.33,21.17,8.16,24.38,1.06,1.38,0.36,1.02,2.5,4.07,0.5,3.58,0.0
19027,2003-04-02,0.07,95.87,7.68,16.49,9.31,9.32,26.32,8.61,17.71,16.62,4.37,6.95,0.34,6.61,6.51,11.49,0.82,10.67,
18139,2009-09-28,1.3,96.97,6.41,13.98,6.64,6.65,17.64,10.31,7.33,14.08,9.17,11.46,6.83,4.64,12.65,14.49,10.47,4.03,
13073,2009-01-02,1.8,100.2,5.41,5.38,4.12,4.13,11.94,-2.69,14.63,5.53,1.9,2.89,1.25,1.64,3.66,4.73,2.74,1.99,
22101,2012-09-05,0.24,101.17,19.18,27.98,24.56,24.56,31.26,25.28,5.98,28.14,4.42,5.94,3.64,2.3,6.28,7.01,5.41,1.6,
1129,2014-10-11,1.03,100.97,15.38,26.22,20.88,20.88,33.13,20.97,12.15,26.32,1.6,2.27,1.3,0.97,3.65,4.94,2.12,2.82,
13089,2011-05-14,0.24,97.32,11.14,19.49,15.19,15.19,25.15,14.24,10.91,19.82,2.95,4.22,1.6,2.62,5.01,5.94,3.52,2.42,
28019,2011-04-06,0.0,100.34,6.26,12.54,6.68,6.68,20.4,3.51,16.89,12.48,2.89,4.13,2.14,1.99,6.0,7.14,3.13,4.01,
28135,2016-05-10,0.52,100.64,15.36,23.86,20.8,20.8,28.87,19.17,9.7,23.83,5.08,6.8,3.13,3.67,7.99,9.94,6.64,3.3,0.0
13233,2014-06-01,1.82,98.77,14.56,21.74,19.67,19.67,24.66,18.87,5.79,21.77,2.1,3.1,1.43,1.66,4.57,5.59,3.88,1.7,
9009,2002-06-06,18.68,100.41,12.16,18.35,16.93,16.93,23.12,13.26,9.86,17.61,2.95,5.62,1.15,4.47,4.68,8.34,1.89,6.45,
13191,2006-03-23,3.55,101.91,7.4,13.48,9.7,9.7,14.68,12.03,2.65,15.17,4.19,5.44,3.25,2.19,5.11,6.9,3.56,3.34,
31143,2006-03-20,19.6,95.41,3.19,-1.97,-2.98,-2.97,-0.39,-3.14,2.75,-2.09,9.7,12.83,6.55,6.28,12.33,16.06,8.68,7.37,
29035,2011-04-08,1.31,99.1,13.04,20.74,17.88,17.88,27.85,13.21,14.64,20.76,2.46,3.23,1.66,1.58,5.18,6.64,3.7,2.95,
12113,2009-07-17,3.49,101.03,18.64,26.85,24.05,24.05,29.76,24.86,4.9,26.98,2.86,3.46,2.42,1.03,4.71,5.68,3.55,2.13,
21185,2004-06-23,0.36,98.96,11.72,21.83,16.17,16.17,26.6,17.19,9.41,21.62,1.25,2.14,0.31,1.83,1.98,4.19,0.35,3.85,
37063,2013-10-28,0.0,100.7,6.64,12.74,7.87,7.88,19.84,6.67,13.16,11.84,1.29,2.25,0.47,1.77,2.07,4.07,0.56,3.51,
28121,2013-09-10,1.14,100.5,15.37,28.75,20.77,20.77,36.23,22.87,13.36,28.86,1.35,2.15,0.19,1.95,2.71,4.68,0.36,4.32,1.1144
5019,2013-06-12,0.0,99.72,16.05,27.49,21.39,21.39,34.34,21.86,12.47,27.56,2.23,3.26,1.37,1.89,5.14,5.83,2.73,3.1,
26161,2003-05-28,1.1,98.12,8.2,15.83,10.69,10.69,21.72,9.6,12.12,15.24,1.77,2.62,0.39,2.23,2.52,4.17,0.51,3.65,
46031,2010-05-22,5.33,92.31,10.18,18.98,12.97,12.97,27.19,12.35,14.84,19.95,7.03,9.15,4.7,4.45,9.01,12.24,5.57,6.66,
37181,2001-10-30,0.0,101.84,4.08,10.81,0.96,1.02,22.02,1.96,20.06,10.64,2.21,2.98,1.29,1.69,4.58,6.28,1.67,4.62,2.0
40111,2010-06-23,1.25,99.02,16.48,29.37,21.69,21.69,35.5,22.4,13.11,29.37,3.15,4.57,1.33,3.24,4.84,7.2,2.24,4.96,
46103,2012-07-29,0.64,91.57,8.97,27.87,10.97,10.97,34.55,20.33,14.23,28.44,4.48,7.7,1.91,5.79,6.52,9.18,2.48,6.7,
55075,2010-11-02,0.04,99.92,4.58,4.96,2.46,2.47,10.44,1.2,9.24,5.39,3.77,5.96,2.22,3.73,5.45,8.17,2.58,5.6,0.0
21033,2003-10-21,0.02,99.59,7.91,17.19,10.13,10.13,23.44,12.38,11.06,16.78,4.08,6.23,2.73,3.49,6.98,8.5,5.0,3.5,0.0
49017,2016-10-22,0.0,81.76,3.93,13.94,-2.38,-2.3,23.91,7.76,16.15,11.54,3.0,6.85,0.5,6.34,4.14,8.35,0.78,7.57,
34003,2004-05-24,2.85,99.67,14.3,22.12,19.5,19.5,26.7,17.89,8.82,21.93,2.22,3.09,1.32,1.77,4.09,5.44,2.65,2.78,
22079,2012-10-10,0.0,101.32,13.36,21.87,18.66,18.66,28.97,16.06,12.91,22.01,1.47,1.93,0.32,1.61,3.1,4.73,0.6,4.13,
13003,2002-10-11,0.2,100.8,15.78,25.53,21.29,21.29,30.85,21.39,9.46,25.62,2.35,3.98,1.02,2.96,3.77,5.12,1.75,3.36,
39043,2003-07-15,0.89,98.97,12.47,20.66,17.11,17.11,24.08,16.99,7.09,18.47,6.8,10.62,4.39,6.24,9.85,14.55,7.17,7.38,0.0
29205,2000-08-17,6.13,98.54,14.13,27.73,19.14,19.14,37.52,20.38,17.14,28.14,5.67,8.25,3.78,4.47,8.01,10.68,5.77,4.91,
38041,2005-03-26,0.0,92.8,2.65,3.17,-5.67,-5.56,11.14,-3.67,14.81,3.08,6.04,8.82,2.1,6.72,8.39,11.23,3.02,8.21,
13077,2002-03-27,0.12,98.9,5.03,9.16,3.64,3.65,17.5,3.15,14.35,9.23,2.77,3.44,1.88,1.55,5.32,6.51,4.76,1.75,
45011,2014-09-14,8.61,101.21,15.75,23.62,21.26,21.26,27.74,20.07,7.67,24.09,2.79,4.26,0.3,3.96,3.69,5.5,0.62,4.88,
39007,2013-03-30,0.01,98.92,3.21,3.7,-2.53,-2.47,9.4,-1.5,10.9,1.59,2.21,3.57,1.43,2.13,3.79,7.54,2.27,5.27,
22073,2015-10-18,0.0,102.21,2.64,17.15,-4.57,-4.27,25.68,10.73,14.95,17.47,3.07,4.27,2.25,2.02,5.73,6.84,4.84,2.0,
47039,2016-12-07,0.0,100.32,3.19,3.24,-2.5,-2.41,9.1,-0.84,9.93,3.34,2.07,3.1,1.54,1.56,4.32,5.24,2.02,3.22,
18033,2016-08-20,7.66,97.61,16.08,23.62,21.07,21.07,27.49,19.04,8.45,23.61,5.65,8.66,2.29,6.37,8.08,11.1,5.01,6.1,
51630,2001-02-26,0.0,101.45,4.51,7.23,2.16,2.19,12.44,1.18,11.25,6.98,3.24,4.4,2.2,2.2,6.34,7.35,5.18,2.17,
21179,2002-10-24,0.7,99.33,6.64,11.36,7.72,7.72,17.18,6.94,10.24,11.6,2.85,3.59,1.87,1.72,4.78,6.05,2.72,3.33,
4005,2013-02-05,0.0,81.08,2.51,4.82,-8.02,-7.85,13.28,-0.49,13.77,2.68,1.81,3.29,1.14,2.15,2.49,5.59,1.26,4.34,2.3011
39107,2004-07-12,0.27,98.23,16.7,24.78,21.8,21.8,28.58,20.94,7.63,24.93,3.9,5.77,2.09,3.68,5.71,7.01,4.1,2.91,
27065,2014-02-25,0.02,98.74,0.54,-21.43,-22.41,-22.2,-15.88,-27.27,11.39,-21.52,6.92,9.57,4.56,5.0,9.29,11.73,5.67,6.06,0.0
53021,2011-01-17,0.15,96.91,5.1,6.87,3.5,3.51,12.19,2.63,9.56,6.03,7.25,9.88,5.02,4.86,10.77,12.09,8.56,3.53,
51143,2008-04-02,0.0,100.12,5.0,11.25,3.5,3.53,17.21,6.23,10.98,11.38,2.97,4.08,1.8,2.28,5.53,7.46,3.16,4.3,
20043,2012-05-25,0.44,97.51,12.84,22.63,16.92,16.92,28.61,14.19,14.42,23.08,5.49,8.59,3.07,5.52,7.91,10.55,5.92,4.62,
29079,2005-01-30,0.16,98.99,3.48,-0.2,-1.38,-1.38,2.65,-2.3,4.95,-0.38,1.74,2.57,1.02,1.56,2.58,3.92,1.54,2.37,
48129,2005-12-23,0.01,92.43,4.24,10.08,0.36,0.39,19.15,4.49,14.66,9.05,5.11,8.02,2.62,5.4,7.69,12.46,4.71,7.75,
41055,2001-01-18,0.83,94.47,2.85,-0.83,-4.69,-4.64,2.58,-2.62,5.2,-1.39,1.58,2.13,1.07,1.06,2.12,3.01,1.17,1.84,
19077,2008-06-12,29.54,96.61,10.85,19.53,14.64,14.64,24.61,15.23,9.38,19.26,3.46,6.67,1.18,5.48,4.91,8.99,1.82,7.17,
31095,2016-12-08,0.0,98.18,1.08,-8.38,-15.18,-14.58,-3.88,-11.4,7.51,-8.29,5.99,8.51,1.7,6.81,7.84,11.01,2.59,8.42,
36089,2009-11-29,2.63,97.09,4.44,2.79,1.63,1.64,5.47,-0.19,5.66,2.86,1.65,2.11,1.02,1.09,3.24,4.45,2.25,2.21,
35017,2014-06-05,0.0,81.91,2.03,26.54,-10.06,-9.65,35.61,17.17,18.44,27.83,4.25,6.4,1.88,4.52,6.76,8.3,2.58,5.73,
12085,2015-02-23,0.97,102.0,13.5,22.75,18.96,18.96,26.46,19.36,7.1,22.55,2.63,3.72,0.7,3.02,3.74,5.52,1.37,4.15,
39099,2013-05-18,0.05,98.15,9.96,18.62,13.39,13.39,25.62,10.9,14.72,18.54,1.79,2.13,1.4,0.72,3.81,5.49,2.69,2.8,
38091,2001-08-25,4.66,97.05,8.75,22.59,10.97,10.97,29.85,16.63,13.22,22.39,3.53,5.23,2.25,2.98,5.37,6.48,4.1,2.38,
6077,2006-09-06,0.0,99.31,6.2,25.48,6.33,6.36,38.21,16.13,22.08,27.29,2.93,4.15,2.09,2.06,4.06,7.09,2.13,4.96,
39085,2003-07-09,9.02,98.56,12.82,21.02,17.54,17.54,22.88,18.46,4.42,20.0,2.52,4.26,1.24,3.02,3.7,7.02,2.13,4.9,
48357,2010-05-13,0.25,91.99,4.88,13.63,2.21,2.24,22.08,5.73,16.35,15.93,4.87,9.24,2.41,6.83,6.56,11.52,2.45,9.07,
1007,2011-10-27,0.38,99.75,9.51,17.4,13.04,13.04,25.69,10.07,15.62,17.38,1.78,2.48,1.06,1.41,3.88,5.34,2.29,3.05,
27169,2015-01-24,0.04,96.7,3.55,-0.29,-1.5,-1.49,4.26,-4.14,8.4,-1.01,3.82,5.33,1.37,3.96,5.2,7.36,2.0,5.36,
30029,2003-01-11,0.46,86.6,2.12,-9.22,-9.67,-9.65,-4.24,-14.37,10.13,-13.67,1.04,1.4,0.6,0.8,1.38,1.95,0.79,1.16,
8003,2001-04-20,2.88,74.06,3.86,6.47,-4.72,-4.58,12.34,-0.56,12.9,7.02,8.11,13.84,3.58,10.25,11.47,17.33,6.1,11.23,
17201,2011-07-16,0.98,98.63,15.44,24.26,20.57,20.57,28.35,20.06,8.28,24.33,3.11,4.32,2.19,2.13,5.01,5.91,3.62,2.29,
27085,2015-04-18,3.59,97.85,5.88,14.65,5.47,5.48,22.6,7.1,15.5,15.17,6.71,8.84,3.48,5.36,9.07,11.84,6.53,5.31,
28123,2008-07-02,0.01,100.29,9.88,25.89,13.5,13.5,34.95,15.7,19.24,25.78,1.2,1.89,0.5,1.39,2.75,5.01,0.92,4.09,
53039,2002-12-17,1.91,92.65,3.88,0.06,-0.81,-0.8,2.86,-1.22,4.09,-0.53,2.71,4.72,1.37,3.35,4.0,5.96,2.21,3.75,1.5907
51049,2010-06-22,0.88,100.02,14.3,28.53,19.53,19.53,37.15,21.02,16.13,28.4,1.1,1.6,0.22,1.38,2.69,5.04,0.46,4.58,0.0
5131,2005-02-21,0.31,98.6,8.65,14.34,11.55,11.55,20.62,8.56,12.06,13.93,1.99,2.39,1.38,1.01,3.61,4.73,2.35,2.38,
55023,2009-10-30,17.57,95.99,7.21,11.27,7.58,7.59,15.83,3.0,12.82,10.99,9.95,12.79,6.3,6.48,13.53,16.8,9.58,7.21,
37011,2016-07-05,6.03,92.98,15.34,23.5,19.53,19.53,28.75,19.72,9.03,23.57,2.37,3.21,1.2,2.01,4.96,5.72,3.51,2.21,1.0
13025,2011-02-26,0.22,101.59,9.57,17.44,13.49,13.49,24.33,12.05,12.29,16.93,1.29,2.08,0.39,1.69,2.15,3.9,0.74,3.16,
17007,2003-04-09,0.0,99.38,2.72,1.42,-4.56,-4.48,9.84,-5.82,15.65,1.83,3.34,4.1,1.68,2.42,4.66,7.02,2.48,4.54,
19011,2013-02-06,0.31,98.41,2.69,-2.61,-5.29,-5.25,3.46,-10.16,13.62,-3.57,4.45,6.64,1.51,5.14,6.64,9.65,2.2,7.44,
8125,2001-01-06,0.0,88.37,2.89,3.32,-5.2,-5.12,11.89,-1.26,13.16,2.35,4.99,7.13,3.86,3.27,8.41,11.9,5.23,6.67,
39065,2009-08-14,0.01,98.82,11.02,24.42,15.25,15.25,31.39,16.84,14.55,25.25,1.45,2.39,0.76,1.63,2.24,4.84,0.82,4.02,
27043,2011-08-06,1.22,96.98,15.67,24.18,20.54,20.54,29.1,18.47,10.63,24.05,2.63,4.19,1.01,3.18,3.81,4.98,1.56,3.43,
20117,2008-03-15,0.3,96.85,2.84,0.5,-4.33,-4.27,6.1,-4.36,10.46,1.53,5.34,7.38,2.93,4.45,7.28,9.55,5.07,4.48,
29073,2006-09-04,1.17,98.92,10.78,21.32,14.87,14.88,28.41,16.56,11.86,21.4,1.04,1.58,0.62,0.96,2.5,4.99,1.0,3.99,
28145,2013-02-22,0.64,100.22,5.59,6.83,5.35,5.35,10.31,3.88,6.43,7.06,1.49,2.82,0.39,2.44,2.51,4.99,0.45,4.53,
22121,2014-06-19,0.84,101.7,16.61,27.56,22.28,22.28,32.73,22.52,10.21,28.16,1.89,2.44,1.22,1.23,3.08,5.57,1.44,4.14,
29175,2014-04-25,0.0,98.44,6.98,14.82,8.25,8.26,23.52,5.57,17.95,14.93,4.38,6.01,2.97,3.04,6.84,8.98,4.15,4.83,
6023,2015-07-08,4.84,93.63,10.66,18.64,13.84,13.84,23.63,14.63,9.0,18.64,1.26,2.29,0.34,1.95,1.92,3.35,0.61,2.73,
30023,2002-07-17,0.76,81.05,9.22,22.01,9.51,9.51,28.86,13.04,15.81,21.29,1.04,1.78,0.18,1.6,1.72,3.02,0.35,2.67,
20103,2003-04-12,0.0,97.95,6.2,17.89,6.46,6.47,27.96,7.47,20.49,17.51,1.88,3.2,0.19,3.01,2.84,4.59,0.49,4.11,
21201,2016-08-28,9.01,99.16,16.11,27.43,21.32,21.32,34.8,21.98,12.82,27.37,1.06,1.46,0.65,0.82,2.32,4.34,0.86,3.48,
39013,2008-08-14,4.6,97.2,10.44,19.33,14.22,14.22,23.63,14.25,9.38,18.9,1.04,1.25,0.62,0.63,2.14,3.85,1.11,2.74,
47027,2016-09-15,0.08,98.98,11.56,25.07,15.91,15.91,32.42,18.43,14.0,25.27,2.08,2.57,1.62,0.95,4.11,6.39,2.15,4.24,
21033,2013-01-16,0.3,100.27,2.87,-1.31,-3.73,-3.7,1.33,-3.29,4.63,-1.61,2.31,3.77,1.31,2.45,3.43,5.41,2.06,3.36,
29077,2003-01-22,0.38,98.51,1.43,-6.31,-12.23,-11.89,-2.8,-10.69,7.88,-5.61,5.53,6.96,3.26,3.7,7.12,9.11,4.58,4.53,
38037,2006-09-16,1.68,92.37,6.18,11.21,5.27,5.28,14.77,6.47,8.3,12.11,5.77,9.5,1.6,7.9,7.29,11.91,2.72,9.19,
26157,2010-03-06,0.0,99.86,2.67,0.25,-4.66,-4.59,7.3,-5.37,12.68,0.05,3.19,4.34,1.06,3.29,4.89,8.33,1.54,6.79,
19009,2006-02-04,0.0,97.36,1.39,-6.16,-12.51,-12.16,-1.79,-9.05,7.27,-5.06,6.93,9.02,3.42,5.6,8.74,10.74,5.6,5.15,
21051,2001-12-18,0.64,96.84,4.71,6.36,2.33,2.34,10.85,3.01,7.85,5.25,2.3,4.03,0.82,3.21,3.93,6.9,1.09,5.81,0.3132999999999999
5025,2009-08-08,0.02,100.98,17.43,28.09,22.93,22.93,35.11,22.64,12.46,28.1,1.84,2.28,1.4,0.88,4.02,5.64,2.42,3.22,
39131,2005-05-29,0.1,98.28,8.0,16.63,10.34,10.34,22.44,9.46,12.98,16.22,2.31,3.05,1.72,1.33,3.71,4.82,2.22,2.6,
26007,2011-12-11,0.19,100.11,3.28,0.64,-2.15,-2.12,4.45,-2.41,6.85,2.69,9.55,10.57,8.09,2.48,11.44,12.36,9.86,2.5,
27089,2005-09-01,1.23,97.22,6.59,13.9,7.24,7.24,19.69,9.94,9.75,13.91,8.52,10.42,3.61,6.8,11.95,14.53,7.4,7.14,
39033,2009-09-04,0.0,98.37,8.77,18.42,11.74,11.74,26.04,11.69,14.36,18.94,2.1,2.57,1.39,1.17,3.44,5.43,1.7,3.73,
16045,2006-02-13,0.86,87.4,2.91,-1.89,-5.63,-5.58,3.29,-7.67,10.96,-3.92,1.48,2.52,0.69,1.83,2.14,4.58,1.01,3.57,
17089,2003-05-26,0.0,99.31,6.45,14.52,7.29,7.3,22.75,6.22,16.53,15.17,4.04,6.29,2.23,4.06,5.95,7.76,3.6,4.17,
16059,2009-05-14,2.08,78.25,4.58,4.05,-0.99,-0.98,10.56,-2.11,12.67,4.59,4.75,8.06,2.14,5.92,6.95,10.2,3.76,6.44,
4025,2009-10-16,0.0,85.74,3.54,19.43,-3.18,-3.03,29.79,11.52,18.28,19.81,4.69,7.18,1.88,5.3,7.27,10.31,3.12,7.19,
46051,2003-04-27,0.02,95.85,4.95,14.44,2.65,2.69,20.64,8.09,12.56,15.16,7.89,10.02,4.84,5.18,10.8,13.67,8.35,5.32,
45077,2016-01-12,0.01,96.96,3.39,1.31,-2.24,-2.21,7.59,-3.75,11.34,1.21,3.27,5.41,2.06,3.35,6.47,9.23,4.21,5.02,0.0
39037,2013-04-22,0.0,98.88,5.17,9.64,3.68,3.69,18.45,-0.96,19.42,10.03,3.28,4.14,2.2,1.94,5.49,8.72,2.48,6.24,
12049,2002-05-28,0.71,101.02,12.6,27.57,17.62,17.62,34.56,21.4,13.17,28.91,4.56,6.1,2.25,3.85,6.46,7.58,4.61,2.96,1.0
48021,2002-08-28,0.53,99.75,16.78,29.16,22.05,22.06,34.91,24.37,10.54,30.58,2.21,3.31,1.5,1.82,3.49,5.36,1.61,3.75,
40083,2006-08-23,2.52,97.75,15.38,28.37,20.37,20.37,32.89,24.09,8.8,29.08,1.77,4.6,0.12,4.48,2.65,7.07,0.26,6.82,
51700,2003-09-03,29.64,101.42,17.96,24.88,23.51,23.51,27.61,22.65,4.96,24.8,2.34,3.3,1.96,1.34,4.27,5.97,3.09,2.88,
37053,2010-07-16,1.97,101.62,18.98,27.86,24.43,24.43,29.85,26.05,3.8,27.49,5.58,7.42,4.38,3.03,7.4,9.67,5.55,4.12,
26083,2013-12-11,3.39,99.96,1.72,-10.32,-9.86,-9.88,-8.2,-11.56,3.36,1.89,10.43,11.5,9.93,1.58,11.28,12.62,10.88,1.75,
31005,2008-03-02,2.18,88.41,2.99,0.8,-5.11,-5.03,7.01,-4.27,11.28,0.65,11.44,14.5,6.23,8.27,14.73,17.88,9.78,8.1,
16015,2011-05-28,1.4,83.8,4.16,3.3,-1.28,-1.26,8.08,-1.15,9.23,3.41,1.2,1.66,0.5,1.16,1.59,2.66,0.51,2.15,
18055,2011-12-02,0.13,100.71,3.87,1.57,0.26,0.27,7.51,-2.46,9.97,1.27,3.09,4.07,1.99,2.08,5.42,7.84,2.89,4.96,
23001,2015-03-18,0.0,98.87,1.25,-10.12,-13.49,-13.25,-8.46,-12.33,3.86,-9.63,6.74,7.77,5.37,2.4,11.08,12.34,9.38,2.96,
54063,2006-12-17,0.23,93.91,5.99,7.16,5.33,5.33,16.22,1.77,14.45,7.1,2.06,2.7,1.56,1.14,5.25,6.4,3.05,3.35,
48159,2006-08-02,0.0,99.95,14.68,31.05,19.87,19.87,37.89,24.67,13.22,32.45,5.12,6.36,3.79,2.57,7.17,7.9,6.25,1.66,
9003,2001-12-05,0.06,100.49,6.68,11.68,7.96,7.97,19.24,6.33,12.9,11.48,1.88,2.24,1.26,0.98,4.39,5.84,2.07,3.78,
55065,2016-02-09,0.12,97.98,1.16,-11.72,-14.41,-14.19,-10.1,-14.14,4.04,-11.36,8.8,10.23,6.92,3.32,10.86,12.13,9.31,2.83,0.0
20087,2009-05-09,0.01,98.29,6.23,13.38,6.65,6.65,19.36,7.3,12.06,13.91,4.82,7.68,1.69,5.99,6.48,10.51,2.96,7.55,
8014,2012-09-29,0.03,77.69,5.03,12.81,0.19,0.22,21.68,4.86,16.82,13.0,2.47,3.77,0.9,2.88,3.94,7.15,1.36,5.79,
41001,2003-09-03,0.0,86.45,5.42,23.92,2.73,2.77,32.4,17.01,15.38,22.12,1.71,2.44,0.77,1.67,2.41,3.05,1.26,1.78,
46015,2004-01-11,0.01,95.63,3.72,1.25,-0.99,-0.98,8.66,-3.45,12.11,0.48,6.0,9.99,2.31,7.67,9.14,12.96,4.18,8.78,
48425,2003-02-01,0.0,98.45,5.12,12.02,3.5,3.53,21.48,4.13,17.35,10.65,4.88,6.79,2.04,4.75,7.38,10.97,3.02,7.95,
51678,2015-04-24,0.0,96.48,3.75,7.15,-0.95,-0.88,14.54,-0.27,14.81,6.86,2.46,3.33,1.69,1.64,4.95,6.0,3.48,2.52,
5063,2010-06-03,5.05,98.79,17.02,25.28,22.14,22.14,30.06,21.02,9.04,25.25,1.25,1.6,0.52,1.09,2.46,3.97,0.82,3.15,
38087,2014-11-08,0.04,91.69,3.72,3.85,-1.67,-1.64,12.49,-3.21,15.69,3.4,4.64,7.98,2.95,5.03,7.69,10.05,5.81,4.24,
20119,2016-11-18,0.0,93.76,2.29,3.0,-7.6,-7.34,7.85,-2.36,10.2,3.23,8.18,11.31,3.28,8.03,11.32,14.79,6.66,8.13,
12093,2009-05-29,8.88,101.19,17.67,25.3,23.21,23.21,27.49,23.17,4.32,25.46,2.97,3.73,2.09,1.64,4.57,6.75,2.85,3.9,
40113,2000-01-07,0.04,99.54,3.15,2.66,-2.9,-2.84,10.08,-2.42,12.51,1.69,2.74,4.22,0.97,3.25,4.28,7.99,1.2,6.79,
38039,2009-06-05,0.0,96.65,4.25,9.46,0.93,0.97,14.59,4.33,10.26,10.99,5.33,7.24,2.74,4.5,7.19,9.19,4.83,4.35,
27031,2005-02-14,4.32,96.29,3.26,-1.35,-2.64,-2.62,0.93,-2.99,3.92,-1.04,4.92,8.7,0.55,8.15,6.55,11.47,0.77,10.7,
21057,2011-05-15,2.93,97.06,7.88,11.2,9.97,9.97,12.61,9.73,2.88,11.53,2.89,3.88,1.8,2.07,4.74,5.79,3.83,1.97,
51580,2016-05-08,0.34,94.54,7.76,14.12,9.0,9.01,18.54,8.64,9.9,14.08,2.57,3.91,1.36,2.55,5.54,7.26,4.13,3.13,
47133,2014-02-28,0.01,97.25,2.79,-0.07,-4.84,-4.76,8.75,-8.19,16.94,0.03,1.96,2.61,1.38,1.23,4.32,7.13,2.59,4.54,
26153,2002-02-01,7.17,99.02,2.08,-6.24,-7.88,-7.84,-4.32,-7.8,3.47,-5.13,6.55,9.07,3.23,5.84,8.84,11.43,5.14,6.29,
48281,2002-07-09,0.5,97.56,17.44,26.95,22.39,22.39,31.34,22.56,8.78,26.91,2.63,4.54,0.33,4.2,3.97,6.67,0.46,6.21,0.0
20027,2000-05-25,3.28,96.3,8.05,22.15,9.82,9.83,29.64,14.3,15.34,23.32,4.44,6.18,2.68,3.5,6.46,9.18,4.97,4.21,
38071,2002-01-23,0.1,96.2,0.65,-17.67,-20.68,-20.02,-13.22,-21.56,8.34,-16.9,3.15,5.51,0.32,5.2,4.06,7.3,0.39,6.91,
5087,2001-05-07,1.02,96.97,9.33,16.87,12.1,12.1,21.93,10.87,11.06,17.03,2.34,3.1,1.47,1.63,4.44,5.8,3.45,2.35,
48415,2001-02-19,0.0,93.86,5.45,10.7,3.97,3.97,20.74,3.44,17.3,10.66,5.26,5.99,3.77,2.22,8.0,10.77,5.86,4.91,
28133,2004-09-03,0.69,101.14,14.2,25.07,19.65,19.65,30.37,21.42,8.95,25.2,2.35,3.38,1.74,1.64,4.09,5.73,2.02,3.7,
28037,2009-04-18,11.75,100.53,12.89,18.99,17.98,17.98,22.67,15.73,6.94,18.99,2.35,3.2,1.76,1.44,4.86,5.64,4.1,1.55,
47185,2006-02-01,0.0,96.68,4.33,3.97,1.12,1.13,10.55,-1.75,12.3,3.33,2.06,2.65,1.46,1.18,4.38,6.41,1.92,4.49,
5125,2000-05-12,8.31,98.97,16.44,24.97,21.64,21.64,29.53,21.21,8.32,24.97,3.86,5.3,2.23,3.07,7.02,8.68,4.87,3.81,
37193,2005-07-15,4.86,94.81,16.21,23.89,20.73,20.73,29.17,20.0,9.17,24.01,1.75,2.81,1.07,1.74,3.55,4.47,2.04,2.43,
31075,2005-11-10,0.0,89.13,4.03,10.59,-0.89,-0.84,20.42,2.35,18.06,9.95,4.57,6.2,1.94,4.26,7.3,10.2,2.88,7.31,
20025,2009-10-13,5.81,94.0,6.66,8.27,6.99,6.99,10.93,5.9,5.03,8.57,5.24,7.29,3.76,3.52,6.57,9.11,4.41,4.71,0.0
42069,2005-11-08,0.01,97.11,5.68,7.21,5.13,5.13,12.56,3.16,9.4,7.15,1.68,2.06,1.22,0.84,4.08,5.13,2.46,2.68,0.0
46103,2008-02-29,0.0,91.71,3.35,3.68,-2.94,-2.89,13.69,-3.46,17.15,3.58,3.28,4.82,1.32,3.5,5.24,8.1,1.98,6.12,
55119,2002-01-23,0.1,96.41,2.83,-2.73,-4.52,-4.5,0.56,-6.55,7.11,-3.06,4.06,5.3,2.27,3.03,5.88,7.53,2.98,4.55,
21103,2012-08-27,5.21,99.01,14.15,26.5,19.16,19.16,32.52,21.12,11.4,27.05,2.36,3.5,1.39,2.1,4.03,5.54,2.7,2.84,
12131,2007-09-30,0.0,101.82,9.58,22.59,13.51,13.51,29.61,16.62,12.99,23.08,3.97,5.9,3.38,2.53,6.55,8.21,4.88,3.33,
19181,2011-05-31,0.88,98.1,11.24,21.7,15.18,15.18,25.88,14.65,11.23,21.31,6.37,10.63,3.39,7.24,9.42,15.15,7.17,7.98,0.0
13275,2016-09-05,1.25,101.44,15.34,24.51,20.93,20.93,29.58,20.22,9.37,24.52,2.69,4.07,1.88,2.19,4.79,5.7,3.78,1.92,
48435,2009-06-27,0.06,93.2,13.12,31.28,16.94,16.94,38.07,23.9,14.17,33.55,3.64,5.84,1.88,3.96,5.34,8.2,2.69,5.51,
34023,2013-03-24,0.38,100.67,3.22,1.87,-2.2,-2.17,5.56,-2.02,7.58,2.2,3.08,4.48,1.5,2.97,4.57,7.24,2.23,5.01,
13107,2006-06-17,0.0,101.21,10.72,24.93,15.25,15.25,31.46,18.09,13.37,25.88,3.8,5.58,2.17,3.4,5.81,7.38,3.53,3.84,
12127,2007-11-10,0.0,101.7,8.31,14.76,11.12,11.12,22.08,7.96,14.12,15.21,3.05,4.04,2.13,1.91,4.96,6.47,2.79,3.69,
31135,2009-11-23,2.04,89.67,3.27,0.17,-3.5,-3.47,2.55,-2.26,4.81,-0.58,5.6,8.89,1.84,7.05,7.97,11.02,2.74,8.28,
28013,2000-05-02,5.98,100.33,13.32,20.87,18.46,18.46,25.11,16.61,8.49,20.84,1.79,2.37,1.15,1.22,3.59,5.97,1.79,4.18,0.0
51019,2007-05-01,0.02,96.47,11.48,21.06,15.5,15.5,29.09,13.34,15.75,21.01,1.94,2.75,0.81,1.94,4.65,6.88,1.36,5.51,0.0
5021,2015-07-18,0.0,100.33,19.09,29.19,24.33,24.33,34.17,24.71,9.46,29.14,3.1,4.29,2.05,2.24,5.28,6.28,3.66,2.61,
48435,2011-09-19,0.18,93.78,7.31,25.34,7.59,7.61,33.38,18.36,15.02,26.72,4.88,6.89,3.12,3.78,7.23,8.28,5.38,2.9,
28035,2002-02-19,8.42,100.84,9.55,14.35,13.1,13.1,19.24,8.01,11.22,14.38,3.03,4.15,1.84,2.31,6.14,8.21,3.78,4.43,0.171
20019,2015-09-17,1.23,97.31,14.74,27.13,19.64,19.65,33.77,21.44,12.33,27.37,7.73,10.81,5.02,5.79,10.64,13.58,8.22,5.36,
8011,2007-12-12,0.01,86.15,2.18,-2.46,-8.88,-8.76,4.42,-7.43,11.85,-3.23,2.08,4.58,0.59,3.99,2.97,7.58,1.16,6.42,
47033,2005-03-01,0.01,100.5,2.69,-0.24,-4.53,-4.47,4.71,-3.28,8.0,0.0,4.72,6.84,2.47,4.37,6.88,8.38,4.12,4.27,0.0
41059,2016-02-24,0.0,95.0,3.55,5.75,-1.69,-1.65,12.27,1.63,10.64,5.14,2.32,4.36,1.06,3.3,3.76,8.15,1.14,7.01,
55025,2008-12-08,9.58,98.01,2.17,-6.78,-8.05,-8.0,-1.5,-12.94,11.45,-7.13,3.91,5.12,2.39,2.73,5.46,7.33,3.32,4.0,
37065,2005-01-08,0.21,101.72,8.73,13.27,11.84,11.84,19.36,8.02,11.34,12.9,4.41,7.33,2.31,5.02,7.23,9.79,4.32,5.47,
46041,2007-08-27,2.08,94.08,12.18,19.24,15.91,15.91,22.54,14.53,8.01,19.57,5.66,7.93,2.8,5.12,7.61,9.57,5.13,4.43,
48395,2005-05-07,4.09,99.9,11.95,21.64,16.71,16.71,27.59,15.47,12.11,21.78,6.01,7.74,3.69,4.04,8.82,10.09,6.87,3.22,
41009,2000-11-15,0.03,99.35,3.8,1.28,-0.22,-0.22,7.89,-2.1,9.99,0.76,1.96,2.46,1.07,1.4,3.35,4.54,1.78,2.76,
39053,2000-01-15,0.0,100.12,2.67,-0.12,-4.83,-4.76,6.53,-6.0,12.53,-0.14,2.38,3.35,1.17,2.17,5.04,7.69,2.35,5.34,
17091,2001-09-10,0.0,99.7,7.95,17.61,10.46,10.47,26.35,10.16,16.19,17.63,4.61,8.17,2.9,5.27,7.19,10.59,4.29,6.3,
48135,2001-02-10,0.0,92.1,2.75,3.0,-5.5,-5.39,11.38,-4.26,15.64,4.04,5.29,6.97,2.79,4.19,7.23,9.32,4.99,4.33,
40009,2006-11-08,0.0,93.5,7.02,17.51,7.51,7.52,28.29,10.55,17.74,16.71,3.43,4.4,2.04,2.36,5.98,9.17,2.22,6.96,
48437,2011-06-27,7.64,89.52,11.06,29.67,13.53,13.53,34.89,24.31,10.58,31.35,5.08,7.55,3.52,4.03,6.92,10.81,4.15,6.66,
39121,2004-11-26,0.07,98.31,3.26,0.46,-2.48,-2.46,5.66,-4.88,10.54,0.43,2.02,3.02,1.36,1.66,4.37,5.35,3.17,2.18,
6087,2008-01-30,0.65,101.18,5.35,7.76,4.89,4.9,9.82,6.46,3.37,8.32,4.48,5.44,2.74,2.69,5.72,7.02,3.43,3.59,
18119,2004-08-02,0.03,99.11,13.71,25.44,18.71,18.71,30.44,20.21,10.23,24.37,1.07,2.1,0.28,1.82,1.46,2.67,0.4,2.27,
29109,2013-03-07,0.0,98.29,3.95,4.59,0.05,0.07,13.76,-3.03,16.79,4.73,4.49,6.03,2.86,3.16,7.05,9.69,5.28,4.41,
8051,2009-05-16,0.02,73.42,3.79,9.99,-4.44,-4.34,18.58,1.66,16.92,9.37,2.79,4.56,1.15,3.41,4.22,6.06,1.48,4.58,
13177,2009-10-18,0.0,101.08,4.68,8.76,3.02,3.04,15.18,4.19,11.0,9.26,4.28,5.61,2.85,2.76,6.53,7.09,5.56,1.53,
26041,2007-06-22,0.0,99.61,7.53,15.68,9.58,9.58,19.4,11.0,8.4,15.6,2.14,3.04,1.29,1.75,3.2,5.46,1.6,3.86,
13115,2012-11-21,0.0,98.71,6.45,11.6,7.22,7.22,20.53,5.62,14.91,11.31,1.69,2.12,1.03,1.09,3.82,5.66,1.53,4.13,
28139,2011-04-13,0.0,100.07,7.12,16.84,8.85,8.85,24.27,8.83,15.44,15.62,1.22,2.04,0.25,1.79,1.89,4.11,0.39,3.73,
13285,2000-07-24,2.38,98.33,13.3,25.34,18.11,18.11,32.41,19.46,12.95,25.37,1.28,1.52,0.93,0.59,2.79,4.47,1.51,2.96,
17195,2000-09-13,1.4,98.93,7.24,19.28,8.82,8.83,28.34,10.68,17.65,18.57,3.87,5.72,1.17,4.55,6.24,9.49,1.69,7.8,
13109,2005-03-17,2.23,100.68,4.96,6.14,3.75,3.76,9.03,3.84,5.18,6.64,3.79,5.1,3.06,2.04,5.07,6.97,3.79,3.18,
36079,2006-10-23,0.04,99.1,5.1,7.9,3.64,3.66,11.82,3.13,8.69,8.33,3.07,4.34,1.88,2.46,5.66,6.86,4.36,2.5,
37057,2010-09-25,4.76,98.77,12.13,25.01,16.58,16.58,33.39,17.99,15.4,25.54,2.65,3.35,1.8,1.54,4.64,5.98,3.44,2.55,
19071,2002-06-18,1.29,96.88,12.18,25.56,16.56,16.56,32.31,19.43,12.88,26.01,8.7,11.74,5.11,6.63,11.59,14.99,7.45,7.53,0.0
13159,2003-09-21,1.28,99.82,13.3,23.09,18.33,18.33,28.96,18.58,10.38,23.19,1.99,2.66,1.35,1.31,4.42,6.22,1.96,4.26,
27079,2009-12-29,0.01,98.78,0.95,-16.41,-16.86,-16.84,-9.93,-22.35,12.42,-18.39,4.21,7.1,0.56,6.54,5.82,10.2,0.73,9.47,0.0
5009,2006-11-10,0.42,96.33,10.59,15.52,13.12,13.12,23.92,3.84,20.08,15.46,3.6,5.35,2.32,3.03,6.35,8.43,4.7,3.73,
49049,2001-01-30,0.88,81.24,1.88,-8.38,-11.31,-11.22,-4.56,-11.53,6.97,-9.23,3.67,5.28,0.98,4.3,4.88,6.46,1.34,5.12,0.0
51065,2009-05-17,8.18,100.07,8.16,14.58,10.28,10.29,19.74,9.55,10.18,14.53,2.24,3.35,1.36,2.0,4.87,6.17,3.63,2.54,
47079,2012-10-21,0.0,99.98,8.46,16.16,11.26,11.26,24.33,8.55,15.78,16.11,2.97,3.85,2.14,1.71,5.67,6.9,3.4,3.5,
53001,2001-01-22,0.31,96.44,3.34,-1.25,-2.35,-2.34,3.87,-4.0,7.88,-1.7,4.18,5.3,2.9,2.4,6.29,8.5,3.75,4.75,
40005,2016-06-11,3.08,99.13,18.06,25.02,23.21,23.21,27.96,22.15,5.81,24.89,2.99,3.48,2.46,1.02,5.19,6.52,3.82,2.7,
42125,2005-10-06,1.26,97.69,11.85,21.73,16.2,16.2,29.49,15.33,14.16,21.74,1.6,2.22,1.11,1.11,4.01,5.01,2.95,2.06,
29123,2010-07-18,18.17,99.15,19.5,26.79,24.47,24.47,30.39,23.5,6.89,26.88,2.61,3.69,1.85,1.84,4.65,5.41,3.68,1.74,
20185,2000-10-04,1.77,94.74,8.1,15.77,9.86,9.86,21.51,11.03,10.48,16.79,5.63,9.01,1.94,7.07,7.05,11.53,3.5,8.04,
42089,2002-03-11,0.01,98.38,1.74,-2.0,-10.17,-9.83,3.52,-5.6,9.12,-1.96,3.02,5.29,1.6,3.69,5.52,9.47,3.48,5.99,
8043,2015-09-20,0.0,77.36,3.63,16.0,-4.25,-4.13,25.82,6.38,19.44,16.43,1.92,3.39,0.8,2.59,3.1,5.87,1.17,4.7,
55107,2013-10-27,0.01,97.24,3.67,3.07,-0.96,-0.94,11.66,-3.01,14.67,2.93,4.35,7.03,2.5,4.54,7.09,9.18,5.13,4.05,
18015,2005-07-10,0.0,99.4,8.88,24.41,12.01,12.01,31.85,16.61,15.25,24.82,2.59,3.59,1.1,2.49,4.03,6.37,1.27,5.1,
39129,2015-05-23,0.01,99.33,7.17,16.64,8.75,8.75,24.4,7.59,16.81,17.12,2.14,3.35,0.71,2.64,3.58,6.95,0.97,5.98,
13237,2015-02-17,8.69,99.38,3.96,4.12,-0.09,-0.06,10.71,-0.98,11.69,4.17,2.8,3.72,2.05,1.67,4.92,6.06,4.17,1.89,0.0
38015,2010-05-19,0.0,94.71,7.14,16.73,8.09,8.09,24.01,9.1,14.9,17.18,5.41,7.61,3.21,4.4,8.23,9.63,5.22,4.41,
8027,2010-11-20,0.0,76.34,2.09,3.55,-10.76,-10.47,12.36,-1.23,13.59,3.16,6.56,8.96,4.55,4.41,9.64,12.76,6.52,6.23,
55061,2012-10-08,0.19,99.07,4.74,11.03,2.73,2.75,14.12,6.76,7.36,12.18,11.59,13.9,8.11,5.79,13.86,16.97,10.05,6.92,
6025,2001-06-22,0.01,98.58,9.07,34.28,12.06,12.06,41.4,27.05,14.35,36.8,3.32,6.2,1.68,4.52,4.36,6.7,2.33,4.36,
48127,2012-12-25,0.0,98.84,4.22,14.63,-1.24,-0.99,22.76,4.55,18.22,14.76,9.24,14.8,2.36,12.43,12.49,18.55,4.72,13.83,2.0157
51065,2010-12-26,2.71,98.89,2.62,-2.5,-5.07,-5.02,-1.55,-3.72,2.17,-2.52,3.05,4.34,1.23,3.11,5.69,7.67,2.41,5.26,
16071,2006-01-31,0.66,83.27,3.04,-2.76,-5.41,-5.38,0.25,-5.17,5.43,-3.45,4.11,6.47,1.27,5.2,5.72,8.2,1.88,6.32,0.0
31129,2010-09-30,0.0,95.7,6.13,16.38,6.03,6.04,23.16,9.55,13.61,15.96,3.45,5.54,1.45,4.09,5.04,9.32,2.1,7.22,
50011,2002-06-30,0.44,98.8,12.05,21.77,16.51,16.51,26.51,15.46,11.04,21.72,1.37,1.77,0.77,1.0,2.84,4.55,1.33,3.22,
30085,2005-07-24,0.01,93.51,6.46,23.55,6.35,6.37,32.55,14.31,18.24,25.15,3.3,6.57,1.57,5.0,4.87,9.49,1.81,7.68,
40029,2000-04-16,2.11,98.86,7.59,14.13,9.3,9.31,18.97,8.28,10.69,14.83,4.54,6.44,2.62,3.82,6.45,8.71,4.86,3.85,
19141,2003-06-25,6.74,96.0,12.12,19.82,15.76,15.76,23.63,12.92,10.71,20.09,7.31,8.31,5.29,3.01,9.74,10.8,8.68,2.12,
21031,2015-05-20,3.51,99.64,8.63,15.26,11.55,11.56,23.71,9.65,14.06,15.64,3.17,4.63,0.9,3.74,4.74,6.44,0.98,5.47,
45051,2002-04-04,0.12,102.03,6.56,14.0,7.6,7.61,16.12,11.9,4.22,16.84,7.11,10.43,4.35,6.07,8.35,12.29,5.56,6.73,
48279,2006-02-13,0.0,89.18,1.67,6.49,-11.54,-10.94,17.13,-2.7,19.83,5.83,6.15,10.52,2.16,8.36,9.25,12.66,3.19,9.47,
48411,2016-05-10,18.62,96.09,15.31,24.89,19.94,19.95,32.48,17.79,14.69,25.13,5.42,6.72,3.74,2.98,7.85,9.92,6.22,3.7,0.0
18133,2005-11-03,0.0,98.85,5.17,13.11,4.12,4.13,19.49,7.81,11.68,12.37,7.15,8.76,5.54,3.23,11.04,13.33,8.11,5.22,
29213,2008-10-03,0.0,97.41,7.27,14.81,8.69,8.69,21.32,9.64,11.68,13.54,1.29,2.52,0.09,2.43,2.19,5.26,0.07,5.19,
17169,2008-08-22,0.63,99.27,16.7,24.74,21.96,21.97,29.24,20.91,8.33,24.88,4.86,6.1,4.01,2.09,7.1,8.03,6.13,1.89,
13039,2002-05-08,0.0,101.72,12.91,26.6,18.06,18.06,33.84,20.33,13.51,27.18,2.47,3.67,0.93,2.73,3.8,5.42,1.02,4.4,
21141,2007-02-10,0.0,100.38,1.8,-5.11,-9.41,-9.25,0.24,-9.61,9.85,-4.74,2.68,3.94,2.07,1.87,4.29,4.84,3.77,1.07,
27147,2007-06-22,6.16,97.68,11.96,19.17,16.38,16.38,23.75,16.19,7.55,19.72,4.99,6.75,2.97,3.78,6.39,8.22,4.49,3.73,
40105,2010-11-26,0.0,99.26,2.21,1.32,-7.21,-7.01,11.12,-5.39,16.51,0.45,4.09,6.86,2.04,4.82,6.42,8.6,3.1,5.49,
51021,2016-11-05,0.0,93.47,4.39,7.6,0.94,0.98,17.04,1.9,15.14,6.2,1.46,2.32,0.16,2.16,2.35,4.15,0.25,3.9,
48319,2006-06-08,0.0,95.36,10.41,29.67,13.67,13.68,37.67,21.41,16.26,32.29,2.96,5.04,0.77,4.28,4.56,7.48,0.79,6.69,
1113,2003-05-12,0.02,100.2,10.03,19.03,13.99,13.99,25.18,13.5,11.69,19.08,2.4,3.66,1.62,2.05,5.36,6.7,2.67,4.03,
20005,2016-07-14,0.71,97.9,14.29,24.06,19.17,19.17,29.63,18.86,10.77,23.36,1.92,3.3,0.56,2.74,2.84,4.49,0.69,3.8,
31165,2016-08-10,0.33,86.1,8.96,27.68,9.6,9.6,37.03,19.0,18.03,28.91,3.6,5.42,1.2,4.21,5.32,7.64,1.75,5.89,
48229,2013-08-12,0.62,86.89,11.94,26.74,14.54,14.54,33.29,19.76,13.53,29.5,3.65,5.49,2.41,3.08,5.29,7.99,2.55,5.44,
8057,2005-11-19,1.08,74.04,2.44,-9.5,-9.74,-9.74,-3.73,-14.94,11.21,-11.89,2.44,2.95,1.7,1.24,4.22,5.29,2.61,2.67,
39101,2012-03-30,3.55,97.73,6.63,8.29,6.32,6.32,18.59,0.2,18.39,8.69,5.75,7.82,3.97,3.85,7.59,10.26,4.83,5.43,
26135,2010-01-31,0.41,97.81,1.64,-8.7,-10.68,-10.6,-6.03,-11.27,5.24,-8.68,4.79,6.66,3.42,3.24,7.42,9.43,6.05,3.38,
13143,2006-12-01,3.98,98.38,6.34,9.14,4.46,4.48,19.4,0.03,19.37,9.1,3.49,5.28,1.91,3.37,6.61,10.19,4.16,6.03,
13263,2015-06-21,1.18,99.46,16.97,27.38,22.25,22.25,32.71,23.07,9.64,27.43,1.52,1.77,1.3,0.46,3.6,5.11,2.29,2.81,
27029,2001-11-09,0.0,96.74,3.43,3.28,-1.93,-1.9,9.39,-1.76,11.14,2.8,5.48,7.31,4.23,3.08,8.26,10.74,4.69,6.05,
19121,2008-11-12,0.13,97.16,4.42,2.57,1.66,1.66,6.32,-0.68,7.0,2.36,2.73,4.13,1.22,2.91,3.99,7.02,1.92,5.1,
17039,2007-09-16,0.57,99.6,6.29,15.92,6.86,6.88,23.41,9.53,13.88,16.6,3.63,5.05,2.27,2.78,5.91,8.29,4.04,4.25,
49027,2015-07-25,0.0,82.51,5.38,23.05,1.88,1.92,31.57,14.17,17.4,24.94,2.43,4.02,0.41,3.62,3.52,7.45,0.66,6.79,
55045,2002-09-01,8.29,98.54,12.53,22.76,17.24,17.25,28.75,16.92,11.83,22.9,3.66,5.34,2.33,3.01,5.88,8.87,3.85,5.02,
40017,2003-10-26,0.0,98.14,3.6,10.22,-1.07,-0.99,17.24,4.32,12.92,10.71,3.93,5.31,1.71,3.6,6.04,9.78,2.92,6.86,
48093,2010-12-31,0.01,95.82,2.93,7.9,-4.88,-4.6,12.97,2.63,10.34,7.74,5.05,9.63,2.61,7.02,7.95,11.85,4.62,7.23,
27151,2010-10-06,0.0,98.19,6.11,13.1,5.98,5.99,18.44,7.57,10.86,12.85,5.42,7.81,3.08,4.73,8.36,10.52,6.59,3.93,
31021,2000-12-17,0.83,97.38,0.89,-14.58,-17.71,-17.26,-9.34,-21.35,12.01,-14.25,5.07,9.56,2.11,7.45,6.68,12.3,2.32,9.98,
45007,2002-02-07,9.3,96.57,4.49,2.33,1.7,1.7,4.99,-0.3,5.3,2.12,2.03,3.22,0.51,2.71,3.98,6.55,0.89,5.66,
42107,2007-10-11,19.82,96.97,8.05,12.03,10.17,10.17,14.83,9.26,5.57,12.02,2.43,4.07,1.12,2.95,4.47,7.91,1.64,6.27,
8073,2002-10-14,0.12,84.52,2.8,10.55,-6.21,-6.02,18.76,3.83,14.93,10.62,5.59,11.09,2.29,8.8,8.62,13.35,4.0,9.36,
22067,2011-03-27,1.34,100.85,6.37,11.48,7.15,7.15,16.53,7.01,9.52,12.32,4.11,6.81,2.49,4.32,5.39,8.93,3.42,5.51,
46127,2007-05-17,0.0,97.71,5.34,13.23,4.28,4.29,20.81,4.38,16.43,13.82,5.61,7.91,3.0,4.91,7.97,10.49,5.15,5.34,
19035,2008-11-06,2.48,95.21,4.76,5.54,2.18,2.19,8.62,0.61,8.0,5.92,4.86,9.74,2.45,7.28,6.36,12.4,3.07,9.33,
30099,2012-09-15,0.48,86.65,5.26,15.94,2.37,2.4,21.94,10.93,11.01,15.22,2.22,3.2,0.47,2.73,3.85,7.73,0.7,7.03,
25015,2009-11-08,0.0,99.23,5.37,8.34,4.61,4.62,15.98,3.0,12.98,6.82,1.85,2.48,1.12,1.36,3.39,4.22,1.64,2.58,
13185,2012-04-17,0.01,101.38,10.39,23.45,14.77,14.77,30.55,16.46,14.09,24.17,2.27,2.81,1.45,1.37,3.96,5.54,2.65,2.88,4.0
51510,2009-04-04,0.0,99.78,4.56,10.56,2.4,2.42,16.94,5.42,11.52,10.42,6.12,7.83,3.53,4.3,9.93,10.95,7.65,3.3,
55075,2000-11-19,4.06,97.89,2.68,-2.78,-5.2,-5.15,0.2,-5.34,5.54,-1.17,3.86,5.0,2.76,2.24,5.26,6.74,4.02,2.73,
26017,2007-02-11,0.01,99.54,1.76,-7.88,-9.76,-9.69,-5.13,-10.72,5.59,-6.08,7.83,10.86,5.08,5.78,10.04,12.87,7.4,5.47,
46087,2014-08-02,0.74,96.52,10.27,23.81,13.85,13.85,31.05,16.64,14.41,24.72,3.59,4.66,2.74,1.92,5.6,7.38,3.63,3.75,
31101,2011-05-07,0.0,88.73,5.38,18.2,2.88,2.91,27.18,8.38,18.8,19.08,4.81,6.61,2.53,4.07,7.14,10.91,4.13,6.77,
28033,2013-05-12,0.0,100.98,6.1,14.2,6.61,6.62,18.66,8.69,9.97,13.78,3.01,4.69,0.24,4.46,4.45,7.92,0.32,7.6,
51175,2006-11-20,0.01,101.61,4.34,4.82,2.03,2.04,10.52,0.66,9.85,4.58,2.59,3.38,1.51,1.86,4.83,6.83,2.25,4.58,
48321,2005-02-26,12.64,101.53,8.76,14.39,12.09,12.09,15.66,13.58,2.08,15.58,6.38,7.99,3.98,4.02,7.63,9.23,5.37,3.86,
27065,2001-06-21,2.79,98.39,8.72,15.51,11.64,11.64,18.85,11.12,7.73,15.83,4.23,6.22,2.15,4.06,5.95,7.4,3.75,3.65,
47123,2004-12-03,0.0,95.84,3.83,3.4,-0.54,-0.52,10.06,-1.31,11.36,1.46,1.53,2.25,0.82,1.43,2.54,3.61,1.6,2.01,
37069,2008-11-29,9.19,100.16,4.25,4.47,1.48,1.49,6.41,3.1,3.31,4.39,2.32,2.73,1.78,0.95,4.24,5.7,2.69,3.01,
48493,2013-02-18,0.0,99.23,8.04,18.0,9.97,9.98,26.46,12.24,14.22,17.91,5.1,7.97,2.08,5.89,7.5,10.77,3.47,7.3,
38077,2015-11-29,0.0,98.82,2.61,-1.49,-5.13,-5.07,3.43,-4.6,8.03,-1.69,2.53,3.38,1.43,1.95,4.38,6.24,1.91,4.33,
34023,2008-11-03,0.04,102.75,6.95,11.49,8.81,8.81,15.94,6.65,9.29,11.31,2.39,3.53,1.35,2.18,3.62,6.03,2.22,3.81,
48409,2002-10-22,36.76,100.79,17.22,24.5,22.72,22.72,27.9,22.19,5.71,24.57,3.67,4.6,2.4,2.19,5.56,6.95,3.67,3.28,0.0
19181,2015-09-16,1.99,97.91,14.42,22.56,19.12,19.12,28.4,16.35,12.05,22.4,6.82,8.28,5.96,2.33,9.74,10.74,7.79,2.95,
6001,2010-08-19,0.0,99.14,7.23,20.31,8.64,8.66,34.39,10.02,24.37,22.49,3.38,4.99,2.09,2.9,4.37,6.35,2.07,4.28,
51041,2012-11-03,0.04,100.78,3.93,5.87,0.5,0.53,12.13,1.18,10.95,5.78,2.16,3.17,1.39,1.78,4.69,5.51,3.65,1.86,
28011,2006-09-07,0.01,101.02,8.72,24.91,11.98,11.98,33.17,16.48,16.69,26.46,1.94,2.92,1.15,1.77,3.17,5.74,1.11,4.62,
37013,2010-10-06,0.0,101.54,7.29,13.59,9.42,9.42,18.11,9.37,8.74,15.21,3.68,5.07,2.88,2.2,5.45,6.95,4.44,2.51,
18073,2005-05-15,0.01,98.99,5.46,9.74,4.91,4.91,14.52,5.03,9.5,10.51,4.7,6.09,2.29,3.8,6.39,8.14,4.03,4.1,
13113,2013-09-22,0.05,98.26,11.09,20.06,15.26,15.26,27.41,14.68,12.73,20.02,1.72,2.73,0.92,1.8,3.13,5.07,1.19,3.88,
31001,2003-04-10,0.0,94.26,4.41,12.12,0.93,0.97,24.29,1.59,22.69,12.62,4.93,6.42,2.7,3.71,7.31,10.13,5.05,5.09,
46079,2002-11-01,0.01,96.77,1.85,-3.54,-9.49,-9.31,2.04,-7.67,9.71,-3.32,5.81,7.39,4.09,3.3,7.71,8.72,6.2,2.53,
6033,2009-01-17,0.0,96.41,4.25,10.09,0.64,0.71,19.72,4.95,14.77,7.49,2.05,2.42,1.35,1.07,3.3,4.11,2.17,1.94,
29169,2010-10-08,0.0,98.1,8.74,17.28,11.31,11.31,26.51,8.52,17.99,16.71,1.68,2.19,0.97,1.21,3.68,5.62,1.67,3.94,
54023,2004-10-21,2.97,94.49,7.91,10.32,9.59,9.59,13.67,8.24,5.43,10.33,0.78,1.33,0.05,1.27,1.74,2.7,0.3,2.4,
6017,2007-04-28,0.35,91.53,7.82,19.4,8.74,8.74,26.78,11.84,14.94,18.09,2.37,3.25,0.81,2.44,3.98,5.44,1.31,4.13,
8069,2005-01-07,0.6,77.91,1.56,-8.84,-13.8,-13.59,-2.98,-12.81,9.83,-9.14,4.37,6.44,1.68,4.76,6.32,9.87,2.49,7.39,
13025,2013-08-11,0.43,101.75,18.45,29.07,23.98,23.98,34.27,24.68,9.59,29.25,1.4,2.09,0.41,1.68,2.58,4.01,0.63,3.38,
48423,2004-05-08,0.12,100.42,13.55,21.08,18.8,18.8,24.48,17.89,6.59,21.09,2.93,3.67,2.1,1.57,5.1,6.73,3.53,3.2,
48485,2011-10-10,0.07,97.72,8.54,16.2,11.23,11.23,22.54,10.24,12.3,16.59,1.91,3.98,0.84,3.14,2.88,5.58,0.89,4.69,
42051,2007-11-09,2.0,95.6,4.44,3.0,1.35,1.36,6.3,0.55,5.75,2.98,1.5,2.05,0.83,1.22,3.28,3.94,2.33,1.61,
19197,2014-01-31,0.17,97.64,0.88,-13.62,-17.34,-16.88,-9.74,-16.75,7.01,-12.76,2.77,6.37,0.21,6.17,3.62,8.17,0.28,7.89,
24041,2005-06-14,0.08,100.49,16.6,26.77,22.07,22.07,31.04,22.35,8.69,25.84,4.1,5.15,2.8,2.35,6.37,7.47,5.02,2.44,0.0
47155,2009-11-27,0.0,94.85,3.47,1.93,-1.98,-1.95,7.79,-1.26,9.05,1.75,2.53,3.73,1.55,2.18,4.52,5.64,2.4,3.24,
55053,2000-02-12,2.97,98.27,1.38,-12.13,-13.16,-13.11,-6.77,-19.22,12.45,-13.42,2.86,4.77,0.59,4.18,3.96,5.63,0.77,4.86,
39133,2007-03-04,0.23,97.54,2.35,-3.12,-6.51,-6.45,-1.59,-4.36,2.76,-2.95,6.04,6.67,5.41,1.26,8.95,10.01,8.15,1.86,
48373,2011-02-08,0.0,101.44,3.75,3.91,-0.11,-0.09,12.37,-2.65,15.01,3.95,2.26,3.1,1.7,1.4,4.87,5.93,2.56,3.37,2.8737
18171,2010-03-06,0.0,100.18,2.92,1.16,-3.55,-3.5,7.82,-3.73,11.55,0.97,2.47,3.36,1.61,1.75,3.72,5.83,2.06,3.77,
17115,2010-08-12,0.01,98.61,19.4,28.52,24.28,24.28,32.55,24.4,8.14,27.89,1.14,2.38,0.05,2.32,1.61,4.27,0.09,4.18,
12103,2013-05-02,7.92,101.12,14.2,22.5,19.67,19.67,24.23,21.02,3.21,23.18,2.87,5.12,0.32,4.8,3.48,6.61,0.37,6.24,
22077,2008-09-20,14.33,101.42,15.12,22.01,20.66,20.66,25.41,19.54,5.87,21.88,1.85,2.87,1.16,1.71,2.98,4.08,1.3,2.78,
1071,2014-03-03,14.49,97.76,3.98,1.67,-1.01,-0.98,10.75,-5.32,16.07,1.91,3.58,4.85,1.59,3.26,5.64,7.27,3.6,3.67,
29095,2015-07-09,0.12,98.49,12.11,19.62,16.69,16.69,24.8,14.5,10.3,20.08,1.69,2.57,0.28,2.29,2.56,5.12,0.37,4.75,
30097,2003-08-11,0.6,83.42,7.5,25.46,6.82,6.82,34.71,16.27,18.44,26.23,3.19,4.55,0.7,3.85,5.48,8.93,1.1,7.83,
38035,2002-09-06,0.04,97.23,13.98,23.95,18.76,18.76,32.45,16.75,15.7,23.84,3.0,6.29,0.18,6.11,4.44,7.8,0.18,7.62,
22007,2015-09-08,0.96,101.28,16.38,28.37,21.94,21.94,32.26,25.59,6.67,29.08,2.28,3.79,0.57,3.21,3.07,5.49,0.65,4.83,2.0
31167,2002-01-30,1.76,96.69,1.3,-8.67,-13.39,-13.06,-6.99,-10.24,3.24,-7.97,4.69,5.29,4.11,1.18,5.5,6.48,4.72,1.76,
35049,2002-06-29,0.61,77.78,7.87,22.98,6.04,6.06,31.74,14.16,17.58,24.6,1.64,2.77,0.63,2.15,2.49,3.96,1.17,2.79,
56037,2016-10-10,0.12,78.84,4.75,10.9,-0.39,-0.35,19.9,2.62,17.27,10.71,5.76,9.68,3.48,6.19,8.8,11.57,7.12,4.44,
38001,2014-05-20,0.04,92.12,6.04,12.84,5.31,5.32,19.55,6.44,13.11,14.01,5.76,7.77,2.52,5.25,8.09,9.05,4.85,4.2,0.0
27101,2016-09-09,11.35,96.32,9.74,16.84,12.69,12.69,20.41,12.11,8.3,16.65,4.27,7.66,0.67,6.99,6.61,9.54,0.86,8.68,
48371,2003-04-17,0.02,90.07,3.81,24.52,-2.36,-2.12,33.07,16.03,17.04,24.6,4.71,7.17,2.02,5.15,6.82,11.2,3.31,7.9,
12069,2003-06-23,2.36,101.1,16.04,25.12,21.59,21.59,29.35,21.79,7.56,25.25,2.93,4.5,1.63,2.87,4.49,6.13,3.12,3.01,
19073,2014-08-05,1.31,97.78,12.83,22.4,17.51,17.51,26.93,18.0,8.93,22.97,1.55,2.28,0.81,1.48,2.43,4.5,1.09,3.41,0.0
55111,2002-05-25,14.44,98.1,5.48,7.65,4.71,4.71,12.36,3.97,8.39,8.37,4.18,5.92,0.63,5.28,5.54,8.81,1.07,7.74,
1125,2016-07-15,2.2,100.4,15.86,27.92,21.23,21.23,34.62,21.79,12.82,27.85,0.79,1.32,0.45,0.87,1.94,3.85,0.75,3.1,
17177,2004-01-15,0.0,99.08,1.77,-6.6,-9.79,-9.67,-2.5,-10.68,8.17,-6.67,2.84,5.87,0.83,5.04,3.98,7.96,1.26,6.7,
48135,2014-05-16,0.0,91.52,2.19,24.08,-8.17,-7.7,35.17,11.12,24.05,25.25,4.33,5.62,1.76,3.85,6.32,9.33,2.62,6.7,
38027,2011-05-18,0.0,95.97,5.37,14.33,4.14,4.16,21.37,6.27,15.1,15.05,5.55,7.82,3.44,4.38,8.1,9.22,5.98,3.24,
41001,2002-10-19,0.01,86.1,5.25,9.69,2.14,2.16,19.1,3.37,15.74,9.33,2.47,2.93,1.96,0.97,4.12,5.57,2.66,2.91,
51097,2002-03-11,0.09,102.73,2.51,3.78,-5.42,-5.19,10.06,-1.95,12.01,4.63,2.59,3.49,0.29,3.2,4.32,6.33,0.17,6.17,
29035,2004-05-21,0.0,99.76,15.47,24.86,20.82,20.82,30.37,20.35,10.03,24.88,2.6,3.59,1.8,1.79,5.2,6.11,3.1,3.01,
28087,2006-08-30,1.18,100.11,15.5,26.36,20.89,20.89,31.0,22.82,8.18,26.6,1.49,1.78,1.1,0.69,2.64,3.42,1.99,1.43,
45021,2010-08-10,0.88,97.72,15.41,29.35,20.36,20.37,36.9,21.98,14.93,30.06,1.49,1.82,0.8,1.02,2.91,4.77,0.66,4.11,1.0
48041,2006-02-20,1.04,100.98,4.58,4.29,2.55,2.56,8.7,0.89,7.81,5.35,1.73,2.02,1.25,0.77,2.09,2.95,1.44,1.52,
1055,2006-07-10,0.91,98.83,14.47,25.02,19.57,19.57,29.95,20.59,9.36,25.35,1.85,3.12,0.62,2.5,3.44,4.5,1.36,3.14,
31181,2012-05-27,15.68,94.14,12.97,26.55,17.02,17.02,32.39,20.79,11.6,26.75,9.37,11.44,5.16,6.28,12.73,15.61,8.56,7.05,
40035,2002-02-11,0.0,99.64,2.54,0.53,-5.46,-5.36,8.42,-5.54,13.96,0.75,3.85,7.04,0.03,7.01,6.11,10.29,0.07,10.22,
40141,2003-12-09,0.27,96.72,3.99,5.98,-0.63,-0.57,12.65,2.15,10.5,5.94,8.91,12.14,2.84,9.29,12.09,15.71,5.33,10.38,2.8174
4019,2015-11-01,0.0,93.6,5.13,19.56,3.15,3.18,28.43,12.35,16.08,18.18,1.99,2.82,1.04,1.78,2.7,4.46,1.13,3.34,
12095,2008-11-09,0.0,101.34,7.47,14.99,9.76,9.76,21.67,9.68,11.99,14.57,2.9,3.54,2.12,1.42,4.79,6.64,3.34,3.3,
39035,2006-02-05,9.29,97.29,3.15,-0.64,-2.95,-2.93,0.64,-2.53,3.17,-0.21,12.98,14.94,11.69,3.25,15.64,17.71,14.38,3.34,
46021,2009-01-19,0.01,95.25,2.83,-3.71,-4.66,-4.65,-0.69,-9.31,8.62,-4.44,7.14,10.42,3.47,6.94,10.17,12.61,6.37,6.24,
51155,2016-08-26,0.0,94.1,12.82,25.78,16.83,16.83,33.46,18.07,15.38,25.15,1.13,1.63,0.6,1.02,2.57,4.9,1.12,3.79,
53013,2006-11-05,12.91,91.95,7.2,9.55,7.79,7.79,12.23,7.62,4.61,9.44,4.65,7.77,1.71,6.06,7.06,11.64,3.74,7.9,
47147,2010-08-29,0.63,99.92,15.14,24.89,20.48,20.48,29.08,21.61,7.47,24.84,2.65,4.25,1.53,2.73,4.61,5.84,3.23,2.6,
54027,2014-09-23,0.0,97.17,5.1,12.3,3.62,3.65,21.54,4.34,17.19,11.8,1.38,2.03,0.89,1.14,2.76,3.95,1.59,2.36,1.0
18063,2005-08-30,34.88,97.61,14.95,21.25,19.9,19.9,23.26,19.28,3.99,21.06,6.58,8.95,2.11,6.84,9.32,11.79,4.43,7.36,0.0
21195,2007-06-18,0.01,95.32,9.01,26.65,11.51,11.51,34.85,18.0,16.85,26.54,1.37,1.74,0.97,0.78,3.21,5.0,1.62,3.38,
4005,2015-03-09,0.0,81.14,2.82,7.54,-6.63,-6.48,14.47,0.69,13.77,5.56,2.13,3.98,0.62,3.36,2.66,4.37,0.81,3.56,
45027,2008-04-25,0.0,101.5,10.91,20.28,15.56,15.56,26.2,14.9,11.29,20.61,2.45,3.83,1.2,2.62,4.18,7.74,1.56,6.18,
22053,2012-09-10,0.0,101.65,11.42,21.72,16.23,16.23,27.53,16.14,11.39,22.06,3.31,3.71,2.56,1.14,5.23,6.63,2.89,3.74,
13255,2000-09-07,1.82,99.3,12.36,19.08,17.07,17.07,23.07,15.31,7.77,19.2,3.39,4.19,2.41,1.78,5.81,6.72,4.22,2.5,
17007,2006-07-24,0.27,98.06,12.47,24.14,17.06,17.06,30.65,17.33,13.32,23.98,5.93,9.07,3.46,5.61,9.05,11.68,6.89,4.79,
17017,2004-11-28,0.2,99.79,3.33,1.46,-1.92,-1.89,6.57,-3.59,10.16,1.59,3.1,6.46,0.62,5.84,4.99,9.45,0.7,8.75,
1025,2015-06-01,8.59,100.89,15.22,25.04,20.6,20.6,30.23,20.12,10.11,24.57,0.79,1.14,0.27,0.87,1.6,2.37,0.4,1.97,
37155,2008-03-08,2.68,100.05,7.42,12.11,7.67,7.69,19.09,1.03,18.06,11.91,8.42,14.17,3.08,11.09,12.11,18.54,6.57,11.98,
48253,2000-04-04,0.0,96.18,3.48,13.32,-2.02,-1.9,23.95,2.07,21.89,13.66,4.24,6.53,0.29,6.24,6.23,10.95,0.41,10.54,1.7202
4021,2013-03-12,0.0,93.29,3.72,16.19,-1.56,-1.43,27.41,7.25,20.16,16.03,2.89,4.27,1.09,3.18,4.44,6.32,1.29,5.03,2.1312
30021,2012-05-07,0.06,93.19,3.56,10.5,-2.03,-1.93,16.53,3.9,12.63,11.39,7.77,10.9,3.35,7.55,10.56,13.06,6.54,6.52,
27039,2009-06-03,0.0,98.33,5.37,14.17,4.5,4.52,20.71,5.54,15.17,15.33,2.46,3.69,0.69,3.0,3.78,7.72,0.99,6.73,
31143,2006-02-08,0.0,96.58,1.7,-4.12,-10.48,-10.23,-0.22,-7.24,7.02,-3.02,4.52,7.39,2.03,5.36,5.8,9.01,3.63,5.38,
38053,2004-11-19,0.16,93.54,3.24,2.04,-3.22,-3.15,7.21,-1.55,8.76,1.56,7.16,10.66,3.61,7.05,10.08,13.02,6.86,6.16,
48185,2014-09-06,6.72,100.6,17.36,29.27,22.73,22.74,35.78,23.96,11.83,30.21,1.29,2.01,0.66,1.35,2.33,4.02,0.8,3.22,
38035,2011-07-12,0.0,98.42,8.26,17.58,10.84,10.84,22.98,11.57,11.41,18.22,3.35,4.11,2.18,1.93,5.06,6.33,3.61,2.72,0.0
27053,2000-06-28,1.79,98.21,7.71,17.24,9.79,9.8,22.78,11.1,11.68,17.62,4.33,6.56,2.39,4.17,6.66,8.71,4.83,3.88,
41037,2013-04-14,0.27,83.75,2.4,-1.25,-8.22,-8.07,3.83,-6.11,9.94,0.86,2.51,5.39,0.53,4.86,3.62,6.39,0.66,5.73,
29125,2003-03-15,0.05,98.32,6.48,10.65,7.04,7.04,21.57,3.56,18.01,10.71,2.14,2.68,1.48,1.19,4.24,7.22,2.19,5.03,
53011,2002-05-02,0.78,95.8,5.7,7.36,5.0,5.0,10.91,3.48,7.43,7.43,2.87,3.92,1.55,2.36,4.79,6.34,2.58,3.76,
27167,2013-05-13,0.04,96.86,5.6,16.84,3.86,3.9,30.69,5.29,25.41,16.24,6.55,9.88,1.07,8.81,9.21,12.16,1.57,10.59,
21047,2008-04-21,0.0,99.59,8.68,15.52,11.67,11.67,22.78,7.96,14.81,15.7,2.18,2.92,1.53,1.39,4.09,6.83,1.8,5.03,
42077,2002-06-27,18.24,97.78,15.77,24.45,20.79,20.79,29.24,20.46,8.78,24.47,1.8,2.5,1.18,1.32,4.06,4.82,3.28,1.54,
19103,2001-02-01,0.05,99.37,1.17,-13.42,-14.75,-14.59,-8.22,-19.67,11.45,-13.14,6.41,8.93,3.2,5.73,8.13,10.52,5.07,5.44,
31001,2007-03-27,8.28,94.16,7.9,11.3,9.33,9.33,14.55,7.93,6.62,11.48,5.33,6.03,4.51,1.52,7.22,8.86,5.74,3.12,0.0
8029,2011-08-01,1.4,76.83,10.7,17.92,11.0,11.0,22.73,11.78,10.95,18.08,2.31,3.59,1.13,2.46,3.77,5.01,2.38,2.64,
38047,2004-08-29,0.72,94.51,7.18,18.64,8.02,8.03,25.82,12.85,12.97,19.21,5.23,8.81,2.98,5.83,7.78,11.02,4.05,6.98,
48407,2003-06-12,28.24,99.97,17.68,27.77,22.98,22.98,33.22,23.58,9.64,27.88,2.97,4.22,1.94,2.28,5.48,6.76,3.88,2.89,
28029,2002-05-31,0.71,99.81,13.38,24.83,18.46,18.47,32.29,17.46,14.84,24.56,1.24,1.59,0.88,0.71,2.68,4.27,1.7,2.57,
21089,2000-08-09,17.67,98.52,18.04,26.36,23.08,23.08,31.97,21.88,10.08,26.39,1.86,2.74,1.14,1.61,4.17,5.25,2.76,2.49,
26095,2015-11-27,2.12,100.52,2.68,-1.95,-4.64,-4.6,-0.11,-3.78,3.67,1.58,5.62,7.6,3.36,4.24,6.82,9.04,4.27,4.77,
13273,2006-07-05,0.09,100.33,12.67,30.49,17.64,17.64,37.33,22.54,14.79,32.57,2.12,3.14,0.62,2.52,3.43,6.31,0.58,5.74,
35005,2010-06-08,0.13,87.86,10.95,29.75,13.23,13.23,37.97,22.0,15.96,32.31,4.13,6.56,0.39,6.16,5.52,9.69,0.66,9.03,0.0
46119,2002-04-04,0.0,96.06,1.85,0.54,-9.54,-9.24,8.94,-5.42,14.36,1.9,3.29,5.35,1.34,4.01,4.54,6.2,1.72,4.48,
29211,2008-06-22,1.82,98.33,11.18,20.78,15.43,15.43,25.64,16.24,9.4,20.53,3.14,4.04,2.24,1.81,4.89,6.66,3.55,3.11,
13011,2001-03-31,0.27,97.68,7.39,11.4,9.09,9.09,16.57,7.44,9.13,11.45,2.09,3.27,1.34,1.93,4.61,6.02,2.4,3.62,
39087,2002-07-14,1.0,98.52,13.19,24.04,18.07,18.07,30.28,17.36,12.92,23.61,1.0,1.51,0.29,1.22,2.04,3.71,0.48,3.22,
21045,2011-07-19,5.81,97.82,19.58,26.59,24.32,24.32,30.49,23.16,7.32,26.58,2.3,3.37,1.69,1.68,4.5,5.46,3.02,2.44,0.0
27145,2015-10-25,0.95,98.0,4.78,7.47,2.85,2.86,13.59,2.75,10.84,7.55,3.28,4.41,1.95,2.45,5.25,7.26,2.62,4.63,
55133,2004-12-19,0.0,99.48,0.76,-13.67,-18.86,-17.96,-11.74,-16.01,4.27,-11.93,7.24,12.26,0.36,11.9,8.66,14.93,0.45,14.48,
13045,2016-06-28,3.81,98.2,15.55,26.28,20.53,20.53,31.57,22.39,9.18,26.19,1.19,1.78,0.46,1.32,2.56,3.34,0.75,2.59,2.1646
17001,2006-11-21,0.0,100.27,3.11,3.94,-2.75,-2.68,13.22,-2.36,15.57,3.47,4.69,6.47,3.63,2.84,7.91,9.76,5.71,4.05,2.0
40055,2009-01-13,0.0,96.44,1.91,1.24,-9.13,-8.84,10.13,-5.72,15.85,1.31,4.07,6.37,2.16,4.2,6.98,9.99,2.53,7.46,2.0
46061,2003-04-19,0.95,95.83,4.8,6.2,2.62,2.63,10.66,1.95,8.71,6.89,4.85,6.15,2.95,3.2,6.58,7.74,5.69,2.05,
55093,2001-05-23,7.27,96.61,5.06,6.02,3.46,3.47,8.72,3.55,5.17,6.77,3.17,5.97,0.32,5.65,4.5,8.09,0.35,7.74,
22051,2015-10-05,0.22,101.37,12.32,21.3,17.32,17.32,26.05,16.29,9.76,22.55,3.29,5.62,1.44,4.18,4.24,7.67,1.8,5.87,
16047,2007-05-12,0.0,86.94,5.06,21.18,1.81,1.86,29.66,13.44,16.22,21.55,3.67,5.65,2.17,3.47,5.54,7.31,4.19,3.12,
30023,2012-02-25,4.5,79.36,2.56,-7.25,-8.08,-8.07,-5.37,-9.25,3.88,-7.34,4.56,6.17,2.71,3.46,7.85,10.01,5.14,4.87,
40033,2001-09-11,0.01,98.22,8.39,22.35,10.99,10.99,29.72,14.82,14.9,22.94,2.36,3.88,0.14,3.75,4.17,8.1,0.13,7.96,2.0
37111,2002-06-27,6.86,93.78,14.26,22.93,18.49,18.49,28.92,18.44,10.48,22.98,1.58,2.31,1.09,1.22,3.61,4.9,2.21,2.69,
37133,2010-06-22,0.85,101.71,17.47,29.35,23.05,23.05,34.64,24.57,10.07,30.22,3.04,4.01,2.21,1.79,4.56,6.5,2.77,3.73,0.9785
17155,2005-11-12,4.87,98.39,5.79,11.79,5.02,5.04,17.12,5.64,11.48,11.31,9.4,13.9,6.1,7.8,12.8,18.61,8.42,10.19,
27123,2015-10-16,0.0,99.52,2.55,3.03,-5.34,-5.2,8.11,-1.31,9.41,2.92,4.71,7.12,0.78,6.34,6.88,9.02,1.13,7.9,
46019,2006-07-02,1.17,89.26,8.7,24.53,10.04,10.04,31.83,16.39,15.44,25.69,2.99,3.95,1.85,2.11,4.49,5.36,3.54,1.82,
17069,2006-07-12,28.15,100.0,18.24,25.67,23.51,23.51,30.03,22.48,7.55,25.74,4.31,6.05,2.12,3.92,6.46,7.59,4.95,2.64,
40119,2002-09-10,0.08,98.37,10.68,27.03,14.7,14.7,33.92,20.45,13.48,27.76,2.14,5.54,0.53,5.01,3.19,8.7,0.77,7.93,0.0
31081,2005-11-01,0.0,95.26,4.45,11.55,1.18,1.22,20.94,3.6,17.33,10.36,4.36,7.47,1.07,6.39,6.58,11.11,1.52,9.59,1.3168
5057,2001-07-13,6.99,100.05,16.5,29.02,21.88,21.88,36.62,22.27,14.35,29.33,1.72,3.18,0.62,2.56,3.32,5.46,1.08,4.37,
39003,2015-06-28,0.39,98.13,9.79,18.62,13.35,13.35,24.2,11.92,12.28,18.78,4.45,7.3,1.52,5.78,6.07,10.28,2.38,7.9,
21239,2010-03-22,2.38,97.79,5.18,5.97,3.76,3.77,10.31,3.53,6.78,6.26,3.61,4.78,1.99,2.79,5.34,6.62,3.57,3.05,
55065,2003-05-14,17.66,97.78,7.48,12.02,9.19,9.19,15.31,8.14,7.17,12.02,4.88,6.38,3.5,2.87,7.07,8.59,5.74,2.85,
38049,2005-04-10,0.08,94.88,4.63,9.08,1.9,1.92,15.45,3.46,11.99,10.53,6.54,10.88,2.88,8.0,8.38,14.28,4.18,10.1,
48205,2002-10-06,0.06,88.38,5.45,16.65,2.98,3.01,23.66,10.05,13.61,17.32,5.21,7.83,2.84,4.99,7.65,9.4,6.23,3.17,
27063,2001-02-08,0.86,96.6,1.96,-8.09,-8.93,-8.9,-4.81,-11.83,7.02,-8.03,6.22,9.22,4.6,4.62,7.85,11.0,5.14,5.86,
56027,2004-09-25,0.0,87.62,6.47,16.5,5.55,5.56,25.12,8.39,16.73,17.12,4.54,5.45,3.12,2.33,7.21,9.79,4.33,5.47,
26095,2003-07-02,0.57,98.54,9.27,13.79,12.21,12.21,16.58,9.9,6.68,10.64,2.7,4.81,0.15,4.66,4.24,7.5,0.23,7.26,
13149,2006-01-08,0.0,98.84,5.82,7.86,5.14,5.15,15.95,-1.24,17.19,7.92,2.73,3.57,1.82,1.75,5.87,7.47,2.9,4.57,
51640,2007-09-13,0.19,94.84,9.03,19.59,11.36,11.36,26.73,12.15,14.58,19.51,1.6,2.12,0.95,1.18,3.17,4.75,1.93,2.83,
26143,2012-08-17,0.17,97.46,7.38,15.35,8.79,8.79,20.45,9.68,10.76,15.39,3.5,4.81,2.0,2.8,6.03,6.9,3.84,3.06,
12097,2003-07-05,0.62,101.66,18.37,27.3,23.94,23.93,31.45,23.44,8.01,27.47,3.39,4.85,2.08,2.76,5.3,6.15,3.69,2.45,
9003,2012-11-30,0.09,101.01,2.97,-0.02,-3.33,-3.28,3.67,-2.08,5.75,0.25,1.83,2.41,1.18,1.23,3.51,5.2,1.73,3.47,
1043,2001-12-09,0.25,99.28,5.17,8.33,4.08,4.09,12.27,4.79,7.48,8.43,2.89,3.87,1.45,2.43,5.11,6.33,3.2,3.14,
6001,2012-04-15,0.0,100.14,6.74,12.1,8.1,8.11,20.08,6.92,13.16,13.14,3.3,4.78,2.41,2.37,4.78,6.35,2.92,3.42,
38027,2008-12-10,1.27,95.84,1.84,-8.69,-10.3,-10.23,-1.99,-14.92,12.93,-8.87,7.42,11.63,4.73,6.9,9.7,15.08,6.52,8.55,
26087,2005-08-03,0.07,98.88,13.74,26.27,18.75,18.75,31.74,20.58,11.15,26.37,3.62,4.95,2.61,2.34,5.75,8.52,3.32,5.19,
53057,2001-01-09,1.06,92.57,3.53,-0.61,-2.25,-2.24,1.85,-4.32,6.17,-0.89,3.01,3.99,1.57,2.42,5.24,6.64,3.07,3.57,0.999
10005,2002-11-11,13.21,101.05,11.72,17.34,16.54,16.54,19.61,14.6,5.01,15.95,6.77,9.84,1.92,7.92,9.65,13.45,3.08,10.36,
1075,2011-07-22,0.78,100.11,16.17,29.44,21.54,21.54,36.3,23.87,12.43,29.73,1.78,2.92,1.01,1.91,3.73,5.17,2.12,3.05,
20163,2006-04-20,0.02,94.48,3.72,13.7,-1.18,-1.09,22.03,4.2,17.83,14.39,3.47,5.53,0.37,5.16,5.09,8.61,0.51,8.09,
21145,2004-01-15,0.0,100.59,2.48,-0.58,-5.49,-5.4,4.71,-5.06,9.77,-0.69,2.3,4.69,0.75,3.95,3.88,8.08,1.02,7.06,
13265,2004-04-27,0.03,99.63,6.07,17.12,6.14,6.16,23.87,10.39,13.47,17.45,3.17,5.1,1.63,3.46,6.1,8.59,2.32,6.27,2.0
35039,2007-04-20,0.0,75.36,2.52,7.27,-9.05,-8.81,15.73,-1.26,16.99,7.07,4.23,6.97,2.03,4.94,6.3,9.1,3.55,5.56,
48291,2014-09-07,17.16,101.1,18.23,27.27,23.69,23.69,32.15,24.17,7.98,27.27,1.04,1.66,0.33,1.33,2.23,3.63,0.59,3.04,
36111,2003-07-02,0.0,97.58,11.96,21.03,16.25,16.25,26.49,14.83,11.66,20.8,1.47,2.17,0.4,1.77,3.34,5.04,0.87,4.17,
20005,2002-01-22,0.0,97.06,4.23,3.77,0.66,0.68,10.23,-0.4,10.63,2.58,6.93,10.71,2.97,7.74,10.94,13.86,5.77,8.1,0.6291
42031,2012-06-26,0.0,95.86,7.27,15.9,8.55,8.56,22.19,8.6,13.59,15.91,2.36,3.39,1.47,1.92,5.55,6.75,2.81,3.94,0.0
29117,2004-12-31,0.0,98.79,4.55,4.79,1.96,1.97,11.23,0.64,10.6,4.94,3.76,6.83,0.9,5.93,5.53,10.76,0.92,9.84,
48135,2013-02-05,0.0,91.46,3.57,12.72,-2.27,-2.17,21.55,4.57,16.98,12.05,2.21,3.42,0.35,3.07,3.2,6.25,0.5,5.75,0.9385
1129,2007-10-08,0.28,100.85,15.16,27.38,20.65,20.65,33.95,21.99,11.96,27.32,1.39,2.06,0.77,1.29,2.96,4.57,1.44,3.13,
27023,2000-09-12,0.02,97.29,4.78,17.71,2.59,2.63,27.49,7.96,19.53,17.84,4.4,8.45,2.06,6.39,6.87,10.79,3.62,7.17,0.0
6033,2005-03-31,0.03,96.46,5.49,10.45,4.34,4.35,17.93,3.09,14.84,9.62,1.82,2.78,0.56,2.22,2.84,5.25,0.38,4.87,
51065,2008-05-31,0.62,99.38,14.43,24.01,19.61,19.61,30.3,18.64,11.65,24.0,2.38,3.58,1.26,2.32,5.33,6.87,3.74,3.13,
17103,2016-12-19,0.03,100.82,0.78,-17.66,-19.02,-18.93,-9.58,-26.92,17.34,-18.63,5.89,7.98,3.79,4.19,8.46,10.5,5.72,4.78,
27015,2016-03-24,0.34,97.35,2.52,1.33,-5.78,-5.66,7.9,-3.79,11.69,1.12,5.53,8.24,0.81,7.43,7.26,10.47,1.14,9.34,
36005,2014-10-27,0.0,100.97,5.8,11.73,5.95,5.96,16.48,7.5,8.97,12.27,4.03,5.01,2.43,2.58,5.56,7.04,3.57,3.47,
26145,2008-01-14,3.53,98.34,3.11,-1.19,-2.94,-2.92,0.65,-2.62,3.28,-1.23,7.07,8.34,5.12,3.21,9.08,10.25,7.31,2.94,
29061,2010-01-15,0.0,99.47,2.99,-2.29,-3.29,-3.28,0.05,-3.78,3.84,-2.47,1.57,2.77,0.11,2.66,2.12,3.98,0.14,3.84,
39145,2005-04-14,0.0,98.92,5.69,10.43,5.35,5.36,17.88,3.04,14.85,10.44,2.27,3.27,1.47,1.8,4.71,7.03,2.13,4.9,
48265,2006-11-02,0.0,96.05,4.84,9.92,2.68,2.69,15.2,5.5,9.7,10.55,4.83,6.85,2.68,4.18,6.81,8.73,4.21,4.52,
41001,2005-08-13,0.0,86.24,4.6,16.02,0.06,0.15,23.86,9.1,14.76,16.8,3.43,4.89,2.4,2.5,5.6,6.38,4.52,1.86,
20133,2009-01-12,0.0,98.42,3.21,1.1,-2.84,-2.79,7.78,-6.39,14.17,0.74,6.4,11.61,2.48,9.14,9.11,14.81,4.47,10.34,
30083,2006-04-06,5.07,92.46,4.1,6.89,-0.32,-0.28,11.0,-0.41,11.42,6.75,9.65,12.89,4.36,8.53,12.63,15.76,8.08,7.69,
12077,2005-03-12,0.0,101.14,6.42,12.76,7.33,7.33,20.21,4.3,15.91,12.81,3.4,5.23,2.08,3.15,6.22,8.13,3.31,4.81,
13103,2002-03-02,57.32,101.46,10.99,16.63,15.39,15.39,20.01,11.54,8.47,16.36,4.77,6.66,3.48,3.19,8.72,11.67,6.82,4.85,
37127,2006-12-03,4.62,102.15,5.47,7.38,5.14,5.15,12.85,2.93,9.92,7.38,4.13,5.88,3.01,2.87,6.15,7.42,4.66,2.76,
19179,2011-02-25,1.26,99.25,2.02,-4.02,-8.19,-8.08,-0.4,-6.81,6.41,-2.74,5.09,7.05,3.41,3.63,6.09,8.79,3.97,4.82,
5007,2001-08-20,0.19,97.06,11.12,27.36,15.01,15.01,37.18,18.02,19.17,27.85,2.44,3.12,1.92,1.19,4.78,6.84,2.88,3.96,
51111,2000-03-24,0.0,100.83,6.45,11.85,7.49,7.49,21.04,3.36,17.69,11.38,1.58,2.29,0.1,2.19,3.36,6.72,0.26,6.46,
40077,2003-05-11,0.0,98.85,6.59,17.42,7.44,7.45,24.45,10.78,13.67,17.83,3.19,4.26,1.7,2.56,5.54,7.36,3.96,3.4,
42071,2000-04-27,0.52,99.35,5.56,7.12,5.21,5.21,10.52,4.4,6.12,7.32,2.34,2.8,1.56,1.24,3.84,4.28,3.01,1.27,
24033,2013-07-17,0.02,101.55,16.6,28.37,22.22,22.22,33.47,22.96,10.51,28.25,1.95,2.85,0.6,2.26,3.16,5.46,0.79,4.68,
1055,2016-09-16,0.11,98.79,13.3,27.71,18.17,18.17,34.62,21.99,12.63,28.14,2.39,3.19,1.52,1.67,4.69,6.0,3.13,2.87,
48363,2002-06-15,3.46,97.4,11.56,25.97,15.71,15.71,32.71,18.8,13.91,27.13,4.04,5.83,2.15,3.68,5.95,8.68,3.83,4.85,
55039,2009-01-10,0.44,98.87,1.91,-7.94,-9.04,-9.01,-5.4,-14.35,8.95,-8.03,4.8,5.94,2.66,3.28,6.62,7.6,3.64,3.97,
26161,2010-06-30,0.0,99.42,7.16,16.16,8.83,8.84,21.92,9.29,12.63,16.96,3.97,5.3,2.49,2.81,6.17,7.65,3.35,4.3,
42005,2002-08-27,0.01,96.79,8.67,21.43,11.25,11.25,29.27,13.14,16.13,21.2,1.6,1.98,0.94,1.04,3.56,4.85,1.45,3.4,0.025
18157,2003-11-20,0.08,98.51,5.94,9.29,5.71,5.71,17.6,1.68,15.91,8.26,5.79,8.98,1.39,7.59,8.63,11.85,1.97,9.88,
49035,2004-10-11,0.11,81.64,5.53,10.48,2.25,2.26,19.09,3.67,15.41,10.35,1.66,3.2,0.96,2.24,2.17,3.76,1.3,2.46,
21037,2000-06-28,0.2,98.69,10.43,20.64,14.41,14.41,27.35,15.3,12.05,20.7,1.56,1.99,1.04,0.95,3.18,4.77,1.51,3.26,
21087,2010-09-05,0.0,99.06,6.57,18.47,7.49,7.5,27.02,10.2,16.83,19.16,1.61,2.6,0.12,2.48,2.93,5.53,0.26,5.26,
20071,2012-11-23,0.0,90.68,1.88,2.65,-10.0,-9.65,9.8,-2.79,12.59,3.15,3.04,5.16,1.26,3.9,5.4,9.24,1.56,7.67,
22109,2007-04-29,0.0,102.04,13.03,24.58,18.38,18.38,28.18,21.21,6.97,24.47,1.51,2.81,0.6,2.21,1.92,3.54,0.78,2.76,
13149,2008-07-20,0.01,98.67,12.33,29.48,16.9,16.9,37.59,20.46,17.13,28.75,1.56,1.91,1.07,0.84,3.14,4.84,1.5,3.34,
31137,2014-04-07,1.22,93.35,4.34,7.2,0.73,0.75,13.42,1.52,11.89,7.58,6.62,9.88,2.13,7.74,9.17,12.0,3.64,8.36,
45069,2007-04-15,45.28,98.59,10.85,16.73,13.97,13.97,23.38,5.9,17.48,16.58,8.72,11.46,7.06,4.4,12.56,16.4,9.5,6.9,
6023,2001-06-12,0.12,94.32,5.53,12.95,3.81,3.86,19.96,5.83,14.13,12.95,2.6,4.32,1.34,2.98,4.18,6.29,2.46,3.82,2.0
28147,2006-04-09,0.0,100.7,6.42,13.88,7.38,7.39,21.48,8.73,12.75,13.87,2.02,2.46,1.37,1.09,4.29,5.69,2.93,2.76,
25003,2014-04-24,0.0,97.58,3.27,4.76,-2.41,-2.35,10.6,0.03,10.58,4.75,4.23,5.54,1.8,3.74,8.33,10.07,5.19,4.88,
53009,2006-10-02,0.02,96.66,6.02,9.48,5.9,5.9,13.41,7.25,6.17,9.01,1.08,1.7,0.55,1.16,1.62,2.44,0.73,1.71,
30105,2016-03-02,4.65,92.24,3.63,0.83,-1.75,-1.74,5.6,-3.65,9.25,0.66,3.35,5.51,0.42,5.1,5.06,7.63,0.84,6.79,
22057,2014-03-07,0.0,101.79,6.82,11.3,8.47,8.47,13.23,9.06,4.18,15.47,3.57,6.75,1.18,5.57,4.03,7.45,1.25,6.2,
55029,2012-07-25,14.19,98.27,15.47,24.0,20.43,20.43,27.56,20.86,6.7,23.74,5.36,9.58,1.71,7.87,7.3,11.91,3.18,8.74,
48447,2002-05-11,0.78,96.2,13.3,26.8,17.8,17.8,32.59,21.1,11.49,26.98,8.74,11.04,6.58,4.47,12.03,13.94,9.85,4.09,
29217,2016-01-18,0.0,99.57,1.32,-9.93,-13.21,-12.98,-4.85,-15.45,10.6,-8.67,1.92,3.85,0.46,3.39,2.88,6.26,0.56,5.7,
21221,2002-07-26,0.83,99.69,15.73,27.91,21.04,21.04,33.57,21.89,11.68,28.19,2.57,3.5,1.7,1.8,4.41,5.3,2.96,2.34,
13309,2005-06-01,19.66,100.13,15.65,23.02,21.07,21.07,26.26,20.96,5.3,22.99,3.7,4.98,2.46,2.52,5.75,6.72,3.21,3.5,
1085,2005-03-31,53.85,100.14,14.31,20.26,19.55,19.55,23.16,17.86,5.3,20.21,2.35,3.98,1.22,2.76,4.56,7.48,1.72,5.75,
39167,2012-01-07,0.01,98.1,4.87,3.61,2.89,2.89,9.84,-2.99,12.83,3.5,2.51,3.3,1.74,1.56,5.41,6.39,4.07,2.32,
48221,2013-04-02,27.47,98.13,10.0,16.05,13.53,13.53,22.41,11.43,10.98,16.44,3.73,5.26,1.83,3.43,5.05,6.65,2.71,3.95,3.3911
13053,2011-09-20,15.2,99.96,14.81,22.09,20.07,20.07,25.1,19.56,5.54,22.17,2.31,2.76,1.84,0.92,4.21,5.5,3.42,2.08,4.0
48115,2013-02-21,0.36,90.78,3.47,8.38,-3.28,-3.14,16.05,-0.03,16.08,8.19,7.34,13.65,0.27,13.38,9.5,16.43,0.4,16.02,
39087,2009-04-15,0.28,98.82,5.67,7.2,5.41,5.41,8.91,5.63,3.28,6.96,1.74,2.5,0.59,1.91,3.11,4.66,0.87,3.79,
53017,2002-12-10,5.89,92.6,3.55,-1.32,-2.05,-2.05,1.32,-3.61,4.94,-1.77,2.45,4.18,0.37,3.81,3.83,6.12,0.71,5.41,1.0343
37005,2003-11-28,8.33,94.02,6.8,8.21,5.57,5.6,15.14,-2.18,17.32,8.06,5.13,6.95,2.95,4.0,9.04,11.26,6.15,5.11,
46043,2014-10-10,0.0,96.96,3.47,7.75,-1.7,-1.63,14.71,2.34,12.37,8.31,2.51,3.18,0.82,2.36,4.02,6.37,0.86,5.5,
31027,2010-10-22,0.01,95.94,6.96,13.01,7.24,7.25,23.24,4.84,18.4,13.03,4.57,6.22,3.26,2.96,7.24,9.03,4.22,4.81,
37125,2012-06-26,0.67,99.85,8.3,22.99,10.34,10.36,29.12,17.67,11.45,23.25,3.59,6.01,1.68,4.32,5.52,8.64,3.26,5.38,1.0
19185,2011-07-21,3.69,97.59,18.2,28.28,22.99,22.99,33.4,22.99,10.42,28.18,2.85,4.73,0.47,4.26,5.08,9.7,0.67,9.03,
48469,2006-06-03,0.0,101.16,15.78,25.83,21.36,21.36,30.75,20.89,9.86,26.5,2.63,3.85,1.2,2.65,4.04,6.87,1.28,5.59,
48087,2014-03-23,0.0,95.39,2.41,5.23,-6.62,-6.42,12.66,-0.97,13.63,7.47,5.03,10.15,1.42,8.73,6.62,12.99,1.2,11.79,
48357,2009-08-21,0.0,92.09,10.79,24.33,13.87,13.87,32.1,16.57,15.53,25.25,2.44,4.85,0.82,4.04,3.67,7.62,0.95,6.67,
48099,2000-09-27,0.01,98.97,6.72,18.23,7.84,7.85,27.09,10.33,16.76,18.51,1.96,2.77,0.48,2.29,2.76,4.37,0.44,3.93,
48065,2009-09-03,10.03,90.8,11.41,22.16,14.49,14.49,27.2,17.76,9.44,22.43,3.94,7.93,1.76,6.16,5.65,9.73,3.24,6.49,
46091,2007-03-16,0.01,97.45,1.89,-2.38,-9.26,-9.05,3.83,-8.03,11.85,-0.23,1.88,3.11,0.54,2.58,2.51,5.29,0.58,4.72,
28121,2012-03-17,0.0,100.71,12.2,20.23,17.16,17.16,26.15,15.18,10.96,20.21,1.74,2.45,1.3,1.14,3.94,6.31,1.88,4.43,
19059,2013-07-07,4.31,96.22,15.65,25.29,20.37,20.37,29.45,20.14,9.31,25.49,2.55,5.18,0.63,4.55,3.6,8.03,0.9,7.13,
26001,2008-06-01,0.2,98.99,6.11,8.95,6.51,6.51,11.57,6.99,4.58,6.29,5.01,6.44,3.19,3.25,7.47,9.45,4.84,4.61,
19121,2006-09-02,2.88,97.99,10.34,19.41,14.14,14.14,25.13,14.8,10.33,19.99,1.9,3.59,0.05,3.53,2.88,5.77,0.13,5.64,
28137,2002-08-07,0.0,100.39,9.52,26.96,12.79,12.79,34.77,20.53,14.23,27.76,4.05,5.17,3.17,2.0,6.38,7.65,5.12,2.53,
51650,2008-01-21,0.09,104.01,1.69,-2.87,-9.77,-9.47,-0.68,-4.86,4.18,0.31,3.32,5.47,0.3,5.17,4.21,7.32,0.19,7.13,
29105,2013-02-23,2.3,97.84,2.34,-5.74,-6.81,-6.79,-0.38,-10.29,9.91,-8.19,1.63,2.4,0.16,2.23,2.4,3.44,0.2,3.23,
51181,2011-09-03,0.04,101.34,13.32,22.9,18.62,18.62,28.39,18.16,10.23,23.06,1.75,2.54,1.06,1.48,3.14,5.46,1.54,3.92,
31117,2015-07-01,0.44,89.64,11.26,26.32,14.02,14.02,33.58,18.74,14.84,27.35,4.87,7.95,1.69,6.26,6.95,9.7,3.62,6.08,
18103,2010-06-21,34.22,98.91,17.03,24.2,22.07,22.07,27.66,19.55,8.11,24.1,3.45,5.76,2.29,3.46,5.4,8.48,3.49,4.99,
29177,2005-07-08,0.02,98.86,11.75,26.41,16.28,16.27,33.08,18.21,14.88,26.54,2.62,3.58,1.11,2.47,4.02,6.48,1.75,4.73,
21089,2008-03-29,0.03,99.71,3.45,2.73,-1.56,-1.51,7.4,-2.16,9.56,2.76,2.55,3.54,1.86,1.68,4.94,5.89,4.35,1.55,
21147,2000-01-22,3.14,96.95,2.71,-3.15,-5.22,-5.17,1.25,-8.43,9.68,-3.38,1.92,2.69,0.93,1.76,3.5,4.8,1.51,3.29,
29221,2004-06-13,1.58,98.03,16.39,24.3,21.46,21.46,29.06,21.05,8.01,24.31,1.61,2.18,0.97,1.2,3.85,4.79,2.96,1.83,
21053,2008-11-30,6.59,95.95,5.43,5.91,4.17,4.17,7.79,1.84,5.95,5.86,3.34,4.62,2.53,2.08,5.65,6.99,4.85,2.14,
54043,2001-10-25,4.92,97.77,4.81,12.88,2.02,2.09,19.16,8.81,10.35,12.82,3.74,5.35,1.91,3.45,7.59,10.81,4.04,6.76,
18153,2007-08-30,0.14,99.68,12.7,23.93,17.45,17.45,29.81,18.38,11.43,24.71,4.87,6.33,3.2,3.14,6.75,8.09,5.42,2.67,
27113,2007-05-08,0.0,97.64,6.75,17.91,7.7,7.7,26.9,8.27,18.62,17.91,3.83,5.64,1.49,4.15,6.05,9.97,2.28,7.7,1.0482
51149,2003-02-02,0.01,100.79,3.86,1.95,0.17,0.18,8.54,-2.52,11.06,1.28,2.4,2.88,1.16,1.72,3.98,4.84,1.67,3.17,
45011,2005-01-06,0.1,100.8,10.37,17.26,14.67,14.67,23.36,13.47,9.89,17.02,4.87,7.58,3.43,4.15,8.11,10.26,6.67,3.59,
36019,2002-08-03,0.5,98.96,11.63,23.32,15.99,15.99,28.43,17.62,10.81,22.88,1.47,2.01,0.59,1.43,2.77,3.78,0.79,2.99,
40035,2001-07-20,0.0,98.46,15.47,31.14,20.53,20.53,37.77,24.82,12.95,32.18,3.61,4.88,2.42,2.46,5.63,6.73,4.14,2.59,
5029,2015-01-30,0.0,100.59,3.17,2.59,-2.44,-2.38,9.4,-3.54,12.94,2.1,1.94,3.11,0.74,2.37,3.44,4.89,1.15,3.74,
39175,2014-03-27,3.14,98.13,3.78,3.69,-0.91,-0.87,9.09,-2.62,11.72,3.31,8.7,12.22,5.95,6.26,11.77,17.02,8.17,8.85,
5011,2013-02-07,0.21,100.73,9.45,15.21,13.2,13.2,21.11,10.66,10.45,14.88,1.33,1.78,0.78,1.0,2.75,4.66,1.52,3.14,
31113,2010-04-22,2.93,90.57,8.12,11.25,9.33,9.33,13.68,8.71,4.97,11.43,6.31,8.59,3.39,5.2,8.33,11.04,5.86,5.18,
37055,2012-07-22,7.23,101.95,18.64,26.79,24.22,24.22,28.1,25.85,2.25,27.14,4.22,4.95,3.23,1.72,5.08,6.22,4.03,2.18,
26119,2005-05-29,0.29,98.07,6.31,11.84,6.83,6.83,17.59,5.62,11.97,11.48,2.67,3.5,1.96,1.54,4.29,5.0,3.21,1.79,
12023,2006-12-12,0.02,102.19,8.86,16.6,12.48,12.48,23.61,10.51,13.1,16.67,2.39,3.53,1.58,1.95,4.71,5.28,3.32,1.96,2.2267
1073,2013-01-26,0.15,100.1,4.55,6.09,2.35,2.37,13.35,1.55,11.81,6.08,1.8,2.49,1.16,1.32,3.54,5.79,1.68,4.11,
21197,2010-10-21,0.0,97.61,4.1,12.14,0.62,0.67,20.01,5.5,14.51,12.13,3.06,4.69,1.85,2.84,5.97,7.39,4.07,3.32,
1063,2000-10-02,0.0,100.76,8.57,23.04,11.72,11.72,33.08,14.55,18.53,23.16,1.38,2.23,0.74,1.49,3.13,5.98,1.04,4.94,
51091,2005-03-28,28.77,91.16,6.26,6.21,5.51,5.51,10.27,3.22,7.04,6.23,2.69,3.78,0.7,3.09,4.72,6.51,1.36,5.15,
6067,2011-06-15,0.0,99.55,9.04,24.72,12.24,12.25,34.59,15.84,18.75,25.26,3.47,5.34,1.34,4.0,4.63,6.68,2.23,4.45,
18007,2004-08-10,0.36,98.82,10.39,19.17,14.36,14.36,23.66,14.62,9.04,19.49,4.71,6.64,3.06,3.58,7.11,8.11,5.73,2.38,0.0
26091,2012-01-14,0.33,98.78,1.97,-5.78,-8.45,-8.37,-4.55,-7.29,2.74,-5.44,3.09,6.28,0.08,6.21,3.8,7.88,0.15,7.73,
20029,2005-10-04,2.07,96.09,14.32,26.58,18.98,18.98,31.75,22.99,8.75,26.77,10.08,11.22,8.78,2.44,13.4,14.68,11.98,2.7,0.0
48053,2006-07-21,0.01,97.38,13.37,31.24,18.05,18.05,37.87,23.75,14.12,34.16,3.17,4.74,1.37,3.36,4.51,7.14,1.46,5.69,
26023,2007-03-23,10.73,98.71,5.53,6.94,4.88,4.88,10.5,3.81,6.69,6.9,4.44,5.84,1.81,4.03,6.13,6.87,3.12,3.74,
5055,2006-05-27,0.11,99.87,16.03,25.84,21.4,21.4,30.88,21.75,9.13,25.81,2.82,4.13,1.62,2.52,5.11,7.15,2.97,4.17,
36089,2008-11-11,0.97,98.57,3.21,-0.09,-2.54,-2.52,3.08,-3.47,6.54,-0.17,2.21,3.07,1.39,1.68,4.26,5.35,2.08,3.27,0.0
37007,2005-06-09,4.57,100.32,16.84,25.48,22.27,22.28,30.19,21.71,8.48,25.61,2.23,3.01,1.48,1.53,4.14,5.39,2.9,2.49,
40013,2004-09-10,0.0,99.62,9.3,24.4,12.8,12.8,32.21,15.81,16.4,24.75,1.77,2.84,0.79,2.05,2.68,4.69,0.98,3.71,
41057,2009-08-13,0.25,99.19,8.26,13.66,10.97,10.97,17.12,11.28,5.84,13.75,2.0,2.69,1.49,1.2,3.42,3.93,2.18,1.75,
31019,2000-03-23,14.4,93.27,7.65,9.66,8.88,8.88,13.31,7.16,6.16,9.49,4.47,7.65,2.62,5.03,6.71,9.54,5.37,4.17,
55115,2013-07-26,19.52,97.61,11.46,18.22,15.5,15.5,22.67,10.14,12.53,18.22,4.09,6.4,1.02,5.39,5.99,8.2,1.7,6.5,
48435,2010-04-19,0.0,93.66,7.66,14.52,9.0,9.0,21.31,9.27,12.04,16.59,3.11,4.33,2.14,2.19,4.22,5.79,2.17,3.62,
21163,2011-08-18,4.29,99.15,13.73,25.39,18.69,18.69,33.23,19.44,13.78,25.32,1.45,1.88,0.88,1.0,2.83,5.01,1.57,3.44,
21107,2000-05-17,1.03,99.59,12.3,21.16,17.09,17.09,27.76,16.31,11.45,20.86,4.76,6.92,2.93,3.99,7.89,9.72,5.28,4.44,
39125,2000-01-17,2.27,100.3,1.32,-8.32,-12.86,-12.55,-4.55,-12.41,7.86,-7.66,5.94,6.89,4.87,2.02,7.27,8.07,6.26,1.8,
18075,2005-03-25,11.88,98.06,4.61,3.25,2.34,2.34,6.01,0.84,5.17,3.36,4.49,5.9,1.5,4.4,6.01,7.27,2.8,4.47,
36039,2012-07-09,0.0,96.68,9.15,19.49,12.08,12.08,25.67,13.37,12.3,19.38,1.65,2.29,0.72,1.57,3.68,4.8,1.22,3.58,
19171,2000-06-23,6.92,97.69,14.91,22.52,19.41,19.41,27.35,15.51,11.85,22.22,4.09,5.26,3.15,2.12,6.57,7.74,4.95,2.8,
8013,2004-08-23,0.32,78.37,6.33,17.29,3.48,3.49,24.56,11.21,13.35,17.63,3.45,5.75,1.59,4.15,5.92,8.36,2.94,5.42,
34027,2016-02-23,7.25,100.39,3.58,0.18,-0.93,-0.92,2.5,-2.29,4.79,0.23,3.84,5.0,2.58,2.42,6.18,7.98,4.48,3.5,0.0
47169,2001-07-23,0.9,98.71,14.74,28.97,19.83,19.83,34.47,22.51,11.96,29.89,1.3,1.78,0.71,1.06,1.92,2.95,0.82,2.14,
18157,2008-06-26,9.9,98.59,16.78,24.08,21.93,21.93,26.98,21.03,5.95,23.72,3.6,4.9,2.05,2.85,5.59,8.4,3.8,4.61,
20013,2015-07-20,11.04,97.17,17.52,25.38,22.32,22.32,29.95,19.39,10.56,25.42,2.57,4.51,0.71,3.8,4.38,7.5,0.89,6.61,
53061,2000-08-26,1.74,93.8,7.75,11.34,9.09,9.09,14.22,8.65,5.57,11.22,1.49,2.2,0.7,1.5,2.63,3.46,1.41,2.05,
1133,2007-09-18,0.0,99.67,9.75,20.79,13.54,13.54,28.51,14.4,14.11,20.76,2.15,3.16,1.68,1.49,4.22,5.94,3.1,2.84,4.2215
35055,2000-01-21,0.11,74.6,3.71,1.7,-4.26,-4.23,8.13,-2.55,10.68,1.13,4.92,8.68,1.89,6.79,7.61,11.33,3.27,8.06,
6089,2016-12-20,0.22,92.92,4.76,4.18,1.77,1.78,7.32,2.49,4.84,2.74,1.29,2.69,0.12,2.57,2.44,4.87,0.34,4.53,0.0002
46105,2002-11-15,0.02,93.15,3.62,1.75,-1.67,-1.65,7.89,-1.9,9.79,1.58,3.63,5.64,2.35,3.29,5.21,6.92,3.68,3.25,
6009,2010-08-27,0.0,94.5,5.84,21.76,4.77,4.81,30.58,14.04,16.54,22.93,3.3,4.9,1.88,3.02,4.7,6.04,3.04,3.0,
18051,2012-12-27,0.0,100.48,2.59,-2.74,-5.03,-5.0,1.34,-6.43,7.77,-3.31,2.58,4.39,0.28,4.12,4.29,7.79,0.39,7.4,
5081,2002-12-06,0.0,101.31,2.91,0.57,-3.44,-3.4,8.04,-4.95,12.99,0.05,1.61,2.68,0.59,2.09,2.84,5.08,0.67,4.41,
20003,2001-11-04,0.11,99.05,9.27,16.34,12.62,12.62,22.42,12.32,10.1,15.59,1.86,2.49,1.24,1.26,2.66,3.49,2.06,1.43,
21119,2012-01-09,3.42,96.22,4.89,3.29,2.79,2.79,7.53,0.24,7.29,2.6,1.32,2.0,0.17,1.82,2.46,4.12,0.11,4.0,
48371,2000-07-30,0.74,90.61,10.15,27.46,12.55,12.55,32.45,21.9,10.55,29.53,2.9,4.19,0.78,3.41,4.12,6.39,1.4,4.99,
36073,2014-07-03,1.42,100.05,11.24,19.21,15.75,15.74,20.65,16.8,3.85,19.56,2.68,6.07,0.39,5.68,3.55,7.49,0.53,6.95,
19179,2001-02-19,0.16,98.65,3.32,-0.6,-2.05,-2.04,4.34,-3.48,7.83,-0.7,5.09,7.11,2.81,4.29,7.39,10.71,4.45,6.25,
27109,2012-07-21,3.59,97.92,12.51,25.74,17.03,17.03,32.91,20.33,12.58,25.95,2.83,4.36,1.02,3.34,4.26,7.54,2.03,5.51,
21025,2012-11-28,0.02,98.92,2.77,0.42,-4.38,-4.31,7.25,-4.24,11.49,-1.0,1.69,2.38,0.67,1.71,2.92,4.47,0.88,3.59,
48283,2005-02-09,0.24,100.13,9.19,15.62,12.35,12.35,20.1,10.17,9.92,15.95,4.67,7.05,0.74,6.31,6.04,8.57,1.32,7.25,
1093,2000-09-03,0.77,98.92,13.02,29.11,17.91,17.91,36.47,22.02,14.45,29.48,1.97,3.24,1.04,2.2,4.02,5.45,1.95,3.49,
6107,2005-01-30,0.0,86.15,3.17,1.64,-4.58,-4.53,10.8,-3.54,14.34,1.3,2.32,3.55,0.13,3.42,3.64,5.49,0.23,5.26,
55111,2014-07-14,1.2,97.72,9.02,16.89,12.04,12.04,21.91,11.97,9.95,16.77,4.39,7.18,1.68,5.5,6.1,8.96,2.67,6.29,
17143,2002-04-07,13.41,99.13,5.3,7.9,4.05,4.06,15.45,1.1,14.35,7.88,6.97,8.5,5.67,2.83,9.4,10.64,8.26,2.37,
13103,2004-07-16,0.74,100.9,13.12,27.67,18.09,18.09,33.97,20.94,13.03,27.86,1.63,1.99,1.06,0.93,3.05,4.53,1.53,3.0,
48297,2000-06-10,10.45,100.11,17.55,26.2,22.9,22.91,30.31,23.93,6.38,26.42,7.14,9.56,4.95,4.61,9.69,11.98,7.37,4.61,
27075,2008-04-04,0.03,95.56,3.25,4.3,-2.87,-2.8,10.24,-2.07,12.31,3.72,2.99,4.69,2.01,2.68,5.88,8.08,3.39,4.69,
41065,2014-04-13,0.0,93.53,3.85,7.32,-0.87,-0.82,15.03,0.83,14.2,7.4,3.43,4.99,2.42,2.57,5.76,6.98,4.36,2.62,
36017,2004-04-08,0.11,95.43,3.75,4.27,-0.9,-0.87,10.75,-1.56,12.31,3.28,1.0,1.73,0.5,1.23,1.83,3.82,0.73,3.09,
27155,2013-04-11,7.67,97.08,3.05,-0.3,-3.35,-3.32,2.59,-2.98,5.57,-0.02,7.16,10.6,4.77,5.83,9.21,13.29,6.36,6.93,
33011,2004-06-17,5.46,99.19,12.03,21.36,16.6,16.61,27.43,15.67,11.76,21.14,0.86,1.5,0.38,1.12,2.09,4.05,0.69,3.36,
19047,2011-06-24,0.26,96.62,9.23,18.48,12.19,12.19,24.48,11.29,13.19,18.83,2.26,3.42,1.13,2.3,3.71,7.53,1.18,6.34,
31025,2002-04-30,0.69,96.66,7.28,16.11,8.72,8.72,23.22,9.57,13.65,16.8,4.76,6.8,1.13,5.68,6.44,8.67,1.85,6.82,1.9992
48015,2003-08-25,0.62,100.84,17.23,28.88,22.71,22.71,33.81,24.58,9.23,29.33,2.31,3.14,1.69,1.45,3.97,6.13,2.17,3.96,
17145,2012-06-30,0.0,99.3,12.06,32.24,16.67,16.67,40.61,22.94,17.67,33.03,3.13,4.06,1.86,2.21,5.19,8.5,2.77,5.73,
17057,2014-03-28,0.15,99.41,4.39,5.68,1.87,1.88,10.83,1.34,9.49,7.25,4.32,9.72,0.67,9.05,6.03,12.99,0.71,12.27,
31093,2014-06-12,0.0,94.47,6.5,16.26,6.69,6.7,22.58,10.51,12.07,17.06,5.97,7.66,2.1,5.56,8.0,10.24,3.35,6.89,
12055,2011-08-15,7.68,100.99,19.04,27.28,24.39,24.39,30.51,24.28,6.22,27.08,2.4,3.08,1.85,1.24,4.06,5.06,2.95,2.12,
21077,2005-12-19,0.0,100.27,1.46,-8.33,-11.71,-11.53,-3.55,-11.69,8.15,-8.94,2.29,2.75,1.69,1.05,3.85,4.34,3.09,1.25,
55063,2004-04-05,0.11,98.19,4.27,6.92,1.06,1.08,15.58,-2.47,18.05,7.12,5.88,7.82,3.19,4.63,8.45,11.86,5.44,6.42,
4019,2000-09-21,0.23,92.58,11.52,28.78,14.88,14.88,35.28,23.76,11.53,30.16,5.38,7.7,3.59,4.11,7.33,8.93,5.63,3.3,
13023,2003-11-25,0.0,100.69,3.43,6.21,-1.43,-1.36,14.85,-1.11,15.95,6.35,2.68,4.08,1.79,2.29,4.66,5.94,2.73,3.21,0.0
13065,2002-09-27,2.04,100.29,18.38,26.75,23.7,23.7,31.13,23.77,7.36,26.73,3.64,5.26,1.37,3.89,6.43,8.15,3.31,4.84,
13255,2009-05-17,10.9,98.94,11.69,17.53,16.14,16.14,21.94,12.81,9.13,17.55,2.62,4.2,1.48,2.72,4.55,6.45,2.84,3.62,
37171,2010-08-28,0.16,97.16,13.43,24.11,18.12,18.11,30.57,18.03,12.54,24.44,1.54,1.94,0.86,1.08,2.53,3.63,0.81,2.82,
21079,2011-01-21,0.13,98.48,1.34,-9.01,-12.95,-12.68,-6.12,-12.06,5.94,-8.8,3.61,6.06,1.64,4.42,4.9,8.42,2.73,5.69,
39005,2001-05-01,1.38,98.11,9.58,17.91,12.69,12.69,25.71,9.64,16.07,17.43,3.45,4.54,2.5,2.04,6.26,7.73,2.94,4.79,0.0
27153,2003-10-29,1.03,95.89,3.29,-0.2,-2.51,-2.5,3.62,-2.97,6.6,-0.01,3.23,4.31,2.12,2.18,4.8,6.59,3.31,3.28,
35027,2000-10-07,4.77,84.1,4.91,7.0,0.94,0.96,10.74,3.25,7.48,8.89,5.49,6.25,4.18,2.07,6.3,7.44,4.35,3.09,
48307,2013-03-03,0.0,95.8,3.19,14.67,-3.0,-2.83,24.93,5.12,19.81,14.76,7.96,10.13,4.1,6.03,11.3,14.16,7.82,6.34,
12087,2009-06-17,2.12,101.45,17.75,28.98,23.33,23.33,31.77,26.31,5.46,29.49,2.04,2.91,0.89,2.02,2.64,3.83,1.12,2.71,
13313,2008-09-29,0.38,97.28,9.02,21.17,11.94,11.94,29.94,13.48,16.47,20.54,1.42,1.89,0.44,1.45,2.95,4.88,0.65,4.22,
29053,2003-03-19,15.97,96.79,8.13,11.62,10.35,10.35,13.19,9.8,3.39,11.51,5.02,7.69,2.14,5.55,7.33,9.99,3.38,6.61,
37063,2009-12-14,0.31,100.33,5.26,5.27,4.47,4.47,10.6,2.61,7.99,5.41,1.59,2.38,0.02,2.36,2.82,5.33,0.08,5.25,
30107,2005-03-21,0.63,84.34,3.55,2.03,-3.24,-3.2,8.46,-2.17,10.63,2.19,3.75,5.11,1.66,3.45,5.48,7.05,3.24,3.8,
37135,2004-04-16,0.01,100.44,5.9,13.29,6.14,6.15,22.32,4.01,18.3,13.17,1.57,2.81,0.17,2.64,3.02,6.85,0.03,6.82,
31117,2012-01-22,0.31,88.26,3.32,0.9,-3.78,-3.73,4.39,-1.99,6.38,0.42,9.91,17.12,1.16,15.97,13.16,21.17,1.89,19.27,
12081,2013-10-08,0.85,101.06,17.11,26.14,22.66,22.66,28.92,24.25,4.68,26.18,3.67,4.72,2.32,2.39,5.21,7.45,3.57,3.88,0.0
36091,2016-04-22,0.75,98.12,9.38,14.65,12.67,12.67,19.76,10.27,9.49,14.39,1.88,2.73,1.15,1.58,4.02,5.41,2.6,2.81,
30095,2013-12-22,4.54,86.26,1.76,-9.44,-11.37,-11.3,-6.92,-12.57,5.65,-10.13,1.82,3.12,0.27,2.85,2.41,3.68,0.74,2.94,
32015,2014-05-26,0.0,82.02,4.51,19.61,-0.71,-0.63,28.54,11.06,17.47,20.81,4.1,7.28,1.75,5.53,5.67,9.0,2.32,6.69,
13025,2007-06-21,3.35,101.26,15.98,25.75,21.57,21.56,30.34,22.61,7.73,26.16,3.69,4.99,1.86,3.13,5.94,7.42,3.76,3.66,
55023,2014-09-30,0.01,98.02,5.52,9.31,4.88,4.88,15.45,3.75,11.71,10.29,4.01,5.79,2.6,3.19,5.63,7.79,4.07,3.71,0.3421
28079,2002-02-09,0.34,100.71,5.98,7.77,6.1,6.1,14.97,0.18,14.79,7.75,2.77,3.82,2.01,1.81,5.61,7.04,3.37,3.67,
12077,2005-03-10,0.0,101.04,5.55,10.36,5.33,5.33,16.79,4.84,11.95,10.6,2.36,2.7,1.99,0.71,4.23,6.27,2.79,3.48,
24019,2003-05-12,0.01,100.4,8.76,17.0,12.02,12.02,19.5,14.44,5.06,16.0,5.61,6.74,4.06,2.69,9.07,10.17,6.87,3.29,
47175,2005-07-05,2.59,96.96,16.26,25.4,21.14,21.14,30.37,21.64,8.74,25.56,1.85,3.23,0.87,2.35,4.02,5.82,2.39,3.43,0.0
28045,2006-01-31,0.0,101.75,4.83,11.78,3.45,3.47,16.22,7.54,8.68,12.55,2.59,4.43,0.15,4.27,3.52,6.34,0.42,5.92,2.0
56041,2008-11-27,0.34,76.05,3.95,-0.55,-3.21,-3.2,5.49,-3.49,8.98,-0.71,2.53,4.14,0.3,3.84,3.67,4.88,0.46,4.42,
13087,2011-02-25,4.92,100.89,11.59,18.45,16.35,16.35,24.65,12.99,11.66,18.2,3.2,5.02,1.6,3.42,5.65,7.52,3.49,4.02,
45005,2014-05-17,0.0,101.72,6.54,18.29,7.68,7.7,25.43,9.22,16.21,17.96,1.77,2.6,0.56,2.04,3.28,5.88,0.78,5.1,
19131,2011-10-13,1.63,96.25,7.22,12.98,8.39,8.39,17.55,9.01,8.55,13.04,6.66,10.05,4.1,5.95,9.46,12.66,7.64,5.02,
1023,2011-08-30,0.0,100.52,10.18,28.5,14.18,14.18,39.12,19.76,19.36,28.34,1.52,2.03,0.85,1.17,3.6,5.3,1.22,4.07,0.027
26153,2011-03-09,10.24,99.17,3.09,-2.24,-2.96,-2.95,-0.33,-4.22,3.89,-1.94,5.14,6.7,3.9,2.8,6.87,8.16,5.83,2.33,
17041,2005-11-23,0.02,97.5,4.17,5.28,0.73,0.75,12.88,0.36,12.51,4.92,7.49,10.49,3.68,6.81,10.55,13.38,7.14,6.24,
55117,2009-11-28,0.0,98.35,4.54,4.68,2.01,2.02,8.61,1.3,7.31,4.63,3.46,5.1,0.63,4.47,4.45,7.0,0.84,6.16,
29145,2006-08-31,0.0,97.57,11.12,21.76,15.25,15.25,28.69,14.85,13.84,22.57,2.88,3.76,2.06,1.7,4.87,6.9,3.32,3.58,
34033,2003-09-02,5.56,101.17,15.6,22.48,21.02,21.02,26.57,17.98,8.59,22.58,3.18,4.27,1.72,2.54,4.8,5.88,2.17,3.71,0.0
21145,2014-09-23,0.0,100.82,6.06,16.75,6.59,6.6,25.58,9.17,16.41,17.06,3.07,4.26,2.32,1.94,5.33,6.83,2.65,4.18,0.4932999999999999
36049,2000-03-07,0.76,96.96,4.02,3.58,-0.13,-0.11,11.52,-3.57,15.09,2.5,2.2,2.96,1.41,1.55,4.2,5.99,2.36,3.63,0.0
21081,2013-11-27,0.35,99.03,2.22,-3.23,-7.17,-7.07,-1.6,-5.69,4.09,-3.35,3.48,4.52,1.62,2.91,5.85,7.06,2.91,4.16,
42077,2013-04-10,14.21,97.99,11.93,17.91,16.3,16.3,23.26,12.99,10.28,17.85,2.01,2.61,1.45,1.16,4.77,7.01,2.46,4.55,
6105,2003-01-26,6.44,90.58,7.77,8.93,8.6,8.6,11.58,7.29,4.29,8.44,1.11,1.73,0.7,1.03,2.33,3.04,1.28,1.75,
10003,2016-01-10,21.55,99.27,6.91,9.91,7.22,7.23,16.16,0.12,16.04,9.35,7.49,9.86,6.48,3.37,11.43,14.34,9.66,4.67,
49021,2002-11-03,0.05,80.94,1.37,0.8,-14.81,-14.02,9.83,-4.51,14.34,0.84,3.09,5.74,0.79,4.95,4.77,7.48,1.12,6.36,
20195,2009-02-17,0.0,92.03,3.69,8.27,-1.67,-1.59,21.03,-0.36,21.4,7.94,7.55,11.33,5.86,5.46,10.68,14.74,7.6,7.14,0.0
13081,2007-07-22,0.87,100.44,12.52,26.23,17.49,17.49,32.36,20.03,12.33,27.28,4.14,6.13,2.47,3.66,6.1,7.67,4.39,3.28,
18027,2014-12-16,1.07,99.63,4.28,2.94,1.18,1.19,8.68,-3.21,11.89,2.64,6.1,8.65,3.7,4.95,8.63,11.18,6.58,4.6,0.0
48233,2013-03-30,0.52,90.53,5.76,16.35,4.16,4.19,26.11,6.94,19.17,17.6,3.49,7.1,1.55,5.55,5.18,9.72,1.69,8.03,
39105,2008-06-05,0.09,98.49,16.75,23.61,21.8,21.8,27.76,18.83,8.93,23.57,2.01,2.43,1.53,0.9,4.59,5.43,3.33,2.1,
35021,2005-06-02,0.0,84.7,6.35,22.85,4.35,4.38,30.83,13.28,17.54,23.19,5.4,8.76,2.38,6.38,7.92,10.8,4.22,6.58,
34013,2005-12-09,19.65,100.6,3.06,-2.05,-3.08,-3.07,0.67,-5.0,5.67,-1.67,3.68,7.04,0.39,6.65,5.97,10.8,0.71,10.09,
22009,2001-09-16,0.01,101.19,13.29,23.68,18.58,18.58,29.83,17.95,11.87,23.65,1.71,2.15,0.31,1.85,3.05,4.88,0.24,4.64,
8071,2013-02-01,0.02,81.14,2.27,1.22,-9.13,-8.96,10.19,-3.89,14.08,0.68,5.73,8.89,3.51,5.38,8.73,10.98,6.49,4.48,
41005,2009-08-14,0.94,95.69,7.46,12.79,8.89,8.89,18.09,8.81,9.28,12.99,1.76,2.47,1.18,1.29,3.29,4.36,2.62,1.74,
48441,2012-10-02,0.0,95.05,7.58,17.24,9.03,9.03,23.49,11.88,11.61,16.76,4.05,6.11,1.06,5.05,5.93,9.07,1.61,7.46,2.7995
21127,2015-07-03,9.65,97.78,14.51,20.65,19.39,19.39,24.0,17.92,6.08,20.56,1.09,1.84,0.13,1.71,2.34,3.87,0.18,3.69,
6101,2015-01-12,0.0,100.27,6.64,10.67,7.79,7.8,16.56,7.43,9.13,9.52,2.62,3.86,1.31,2.54,4.51,6.55,2.13,4.42,
37131,2012-09-30,1.66,100.85,9.09,17.09,12.63,12.63,23.24,11.3,11.95,17.43,1.98,2.63,1.13,1.5,3.27,4.69,1.42,3.28,
55061,2013-10-12,6.56,99.18,9.51,15.62,12.89,12.9,17.62,11.84,5.78,15.07,8.58,9.53,7.43,2.11,10.95,11.94,9.68,2.26,
55139,2016-08-05,2.52,98.12,12.42,22.22,17.04,17.04,26.99,17.34,9.65,22.99,4.79,6.31,2.99,3.32,6.87,7.97,4.93,3.04,
47121,2002-10-18,0.0,97.41,5.63,10.94,4.99,5.0,18.28,4.65,13.63,10.21,1.28,2.02,0.19,1.84,2.76,5.77,0.23,5.53,
36031,2001-10-18,0.28,96.82,2.85,1.86,-4.26,-4.18,7.38,-1.06,8.44,2.29,3.4,4.7,1.74,2.96,6.36,8.54,3.94,4.6,
48385,2015-03-22,0.13,95.62,8.9,17.68,11.52,11.52,25.16,10.94,14.22,17.95,2.91,4.49,0.9,3.59,4.07,5.32,1.35,3.97,
47079,2005-03-07,11.08,98.79,7.64,10.92,9.31,9.31,16.69,4.12,12.57,10.85,5.4,7.08,2.97,4.11,8.34,10.5,5.17,5.33,
48099,2014-11-13,0.02,99.91,1.62,0.76,-10.74,-10.23,5.63,-1.97,7.59,1.69,5.83,8.15,2.33,5.82,7.93,10.58,5.09,5.49,
51025,2005-02-06,0.0,102.26,3.61,3.06,-0.58,-0.56,12.75,-3.45,16.2,2.82,2.16,2.67,1.49,1.18,4.5,6.03,1.87,4.16,
21023,2016-07-13,3.4,98.67,17.22,26.57,22.37,22.37,31.94,22.11,9.83,26.59,2.42,3.35,1.58,1.77,4.9,5.89,3.23,2.66,
23001,2016-04-04,0.64,99.69,1.51,-6.06,-11.72,-11.35,-3.44,-9.61,6.17,-5.22,1.61,3.71,0.31,3.4,2.8,6.4,0.55,5.84,
42055,2002-09-17,0.0,98.56,8.01,21.47,10.24,10.24,29.65,14.11,15.54,21.23,1.54,1.91,1.11,0.8,2.72,4.5,1.75,2.74,3.0316
40017,2015-06-25,0.01,97.27,16.6,28.12,21.53,21.53,33.71,22.32,11.39,28.34,6.18,7.66,4.84,2.82,8.66,9.64,7.13,2.51,
30083,2004-08-13,0.0,93.98,5.72,18.43,4.82,4.84,26.45,9.67,16.78,20.31,3.17,4.07,2.4,1.66,5.13,8.44,2.45,5.99,
12011,2016-12-28,0.03,101.98,13.91,23.94,19.47,19.47,26.16,22.56,3.6,24.21,2.2,3.44,0.69,2.75,2.66,4.71,0.75,3.96,
21075,2014-08-27,0.46,100.45,16.16,29.3,21.62,21.62,34.87,24.27,10.6,30.15,1.94,3.44,0.33,3.12,3.02,4.86,0.34,4.52,
18157,2016-09-17,19.19,98.67,14.56,22.13,19.63,19.63,26.13,17.83,8.3,22.04,3.79,6.44,2.34,4.11,5.89,9.5,4.16,5.34,
39157,2005-02-23,0.12,98.47,2.85,-0.95,-4.04,-4.0,2.8,-3.05,5.85,-0.86,2.14,2.73,1.47,1.26,3.66,5.1,2.6,2.5,
39001,2006-09-30,2.78,98.21,8.2,13.44,10.54,10.54,20.27,8.44,11.83,13.46,3.03,4.24,1.51,2.72,5.85,7.35,4.29,3.07,
8065,2005-03-21,2.46,67.97,2.22,-10.27,-11.56,-11.54,-6.43,-16.02,9.58,-10.6,5.42,7.44,3.17,4.27,7.74,9.45,5.15,4.31,
37007,2002-07-28,0.24,100.25,14.93,31.58,20.27,20.27,39.3,24.22,15.08,32.27,2.18,2.95,1.35,1.6,4.04,6.34,1.9,4.44,
31051,2007-02-26,0.01,96.08,2.02,-6.19,-8.56,-8.51,-0.98,-9.98,9.0,-6.88,4.89,7.11,2.64,4.47,6.73,8.38,3.85,4.53,
36073,2011-10-02,2.87,100.04,6.55,10.44,7.41,7.41,14.24,7.34,6.9,14.08,7.55,8.75,5.84,2.91,8.93,10.35,7.25,3.1,
5087,2012-03-20,31.1,95.55,11.12,16.46,14.8,14.8,21.18,11.11,10.07,16.48,4.63,7.05,0.88,6.17,7.85,11.48,1.94,9.55,0.0
27085,2014-12-26,2.33,97.91,2.61,-2.64,-5.19,-5.15,0.57,-4.84,5.42,-2.64,5.67,6.99,4.84,2.14,7.55,8.56,6.53,2.03,
46019,2015-11-11,0.1,88.55,2.92,1.1,-5.19,-5.1,5.6,-2.7,8.31,1.06,5.74,8.47,3.99,4.47,8.54,11.97,5.53,6.44,
42053,2003-06-05,1.76,95.38,8.11,11.87,10.11,10.11,14.43,9.74,4.69,11.8,2.13,2.91,1.44,1.47,4.3,5.38,3.33,2.05,
17055,2006-02-17,0.2,101.57,2.19,-1.1,-6.92,-6.79,3.54,-4.84,8.38,-0.02,5.73,11.04,3.42,7.62,7.61,14.38,4.36,10.02,
13069,2011-07-30,1.56,100.76,17.04,30.99,22.5,22.5,36.36,25.09,11.27,31.79,2.46,3.64,1.46,2.18,4.04,5.8,3.31,2.49,
19157,2003-06-02,8.14,98.12,6.97,11.64,8.3,8.3,13.52,9.47,4.05,11.69,4.65,6.86,2.48,4.38,6.65,8.86,3.07,5.8,
41005,2000-12-11,2.47,95.1,2.75,-2.52,-5.37,-5.29,-0.9,-4.49,3.59,-2.63,3.88,5.14,1.61,3.53,6.36,8.14,3.47,4.67,
13131,2000-06-17,2.93,101.32,15.45,27.39,21.02,21.02,32.42,22.35,10.07,27.68,1.57,2.09,1.2,0.9,2.85,4.24,2.21,2.03,
6075,2006-03-26,0.06,101.73,6.18,10.75,7.07,7.07,11.91,9.69,2.22,11.36,5.73,8.83,2.69,6.14,6.52,10.38,2.98,7.4,
51007,2001-10-10,0.0,102.1,7.2,14.69,9.26,9.26,24.11,6.01,18.1,14.48,1.85,2.48,0.31,2.17,3.98,5.86,0.52,5.33,
16007,2002-04-23,0.01,78.73,3.04,3.52,-6.53,-6.39,11.11,-5.43,16.54,3.61,6.22,10.14,2.89,7.24,9.43,13.58,5.07,8.51,3.0
45041,2007-01-20,0.0,101.93,3.36,3.01,-1.46,-1.43,8.55,-1.27,9.82,2.4,3.16,5.43,1.94,3.49,5.09,7.34,2.9,4.44,
21057,2016-04-19,0.01,98.49,9.16,18.54,12.32,12.32,26.28,12.84,13.44,18.13,1.77,2.43,1.0,1.44,3.39,6.16,1.26,4.9,0.9561
49001,2004-03-19,0.0,82.26,3.36,13.4,-4.34,-4.22,23.37,4.53,18.84,13.04,4.89,7.1,2.79,4.32,7.0,8.28,4.29,3.99,
39061,2013-01-17,0.41,99.24,2.95,-1.12,-3.56,-3.54,4.25,-5.11,9.36,-1.24,3.07,4.31,1.9,2.42,5.25,7.68,3.77,3.91,
42053,2006-03-22,0.57,95.79,2.68,-2.8,-5.17,-5.14,0.1,-5.76,5.86,-2.7,3.58,5.06,1.96,3.11,6.13,8.13,4.11,4.02,
37133,2013-03-11,0.32,101.77,8.1,13.19,10.92,10.92,18.57,6.66,11.92,13.13,4.29,5.79,2.36,3.43,6.55,9.52,3.76,5.77,
37183,2014-08-11,5.36,100.4,15.42,23.41,20.81,20.81,28.07,19.34,8.73,23.5,2.96,3.9,1.9,2.01,4.95,6.71,3.41,3.3,
20085,2008-10-13,16.78,98.19,10.16,15.25,13.47,13.47,19.42,9.32,10.1,15.3,5.37,6.43,3.97,2.45,7.21,9.43,5.09,4.34,
24041,2009-10-22,0.0,101.51,8.28,14.62,11.33,11.33,20.76,10.77,9.99,14.29,3.46,4.08,2.62,1.46,5.76,7.99,3.6,4.39,
29021,2006-12-15,0.0,97.78,3.92,4.88,-0.11,-0.08,11.56,-0.96,12.52,4.5,3.77,6.14,0.8,5.33,6.38,9.73,0.87,8.86,
1123,2004-11-02,14.75,99.57,15.13,22.48,20.41,20.41,28.2,18.64,9.56,22.51,2.36,4.25,1.33,2.92,5.04,7.35,3.74,3.61,0.0
39119,2006-04-08,1.34,98.03,3.65,4.8,-1.27,-1.21,9.85,-1.94,11.79,4.78,3.37,4.16,1.68,2.48,5.94,6.99,4.36,2.64,
20093,2002-10-14,0.0,91.04,3.68,11.09,-1.82,-1.75,22.02,2.59,19.44,11.85,4.79,7.12,1.12,6.0,7.28,9.5,1.45,8.05,
48267,2016-04-17,22.41,94.16,13.16,20.26,17.22,17.22,25.44,14.49,10.95,20.8,4.15,7.49,0.51,6.98,5.67,10.63,0.75,9.88,
20073,2008-03-22,0.0,98.27,4.39,6.07,1.71,1.73,11.28,2.05,9.23,6.75,4.17,5.6,2.43,3.16,6.12,8.46,4.41,4.05,
23029,2016-11-22,1.53,99.77,3.41,1.51,-1.56,-1.54,4.15,-0.63,4.78,3.62,5.04,6.38,3.88,2.5,7.21,9.25,5.41,3.84,2.4036
19011,2008-09-14,1.83,97.61,9.14,14.77,12.23,12.23,19.38,10.84,8.54,14.92,6.53,8.41,4.2,4.21,8.78,10.44,6.33,4.11,
54027,2011-01-03,0.0,96.59,1.89,-3.39,-9.33,-9.12,1.96,-6.23,8.2,-3.56,2.58,3.39,1.66,1.73,4.91,6.45,3.72,2.74,
31173,2002-11-04,0.66,96.87,3.15,-0.53,-2.97,-2.95,5.2,-4.67,9.87,-0.24,2.93,4.7,0.4,4.3,4.73,7.55,0.51,7.05,
41065,2004-08-22,27.45,92.11,9.41,14.42,11.73,11.73,17.47,10.45,7.01,14.57,4.19,6.47,2.05,4.42,6.67,9.08,4.44,4.63,
34025,2011-03-08,0.01,102.84,2.93,1.57,-3.19,-3.13,7.05,-2.14,9.19,2.09,3.47,4.87,2.18,2.69,5.14,6.69,2.96,3.72,0.0
48041,2013-08-03,0.0,100.33,14.99,31.43,20.31,20.31,38.96,24.24,14.72,33.28,3.6,5.12,2.31,2.81,5.23,7.85,3.19,4.66,
12035,2007-10-15,0.07,101.53,13.82,23.76,19.28,19.29,27.43,20.47,6.96,23.69,3.98,5.23,3.07,2.16,6.76,7.58,5.64,1.95,
48309,2006-04-29,13.94,98.37,11.11,20.53,15.0,15.0,25.18,14.97,10.21,20.83,6.32,9.04,2.35,6.69,8.7,12.84,4.28,8.56,
55069,2006-01-02,2.85,95.79,3.52,-0.93,-1.63,-1.63,0.4,-1.76,2.16,-1.14,7.12,8.51,4.66,3.85,9.32,10.52,7.06,3.47,
12075,2007-11-12,0.0,102.22,9.43,17.5,13.35,13.36,23.86,12.43,11.43,18.24,3.03,3.89,2.22,1.67,4.62,5.85,2.82,3.03,
25021,2009-05-18,0.5,101.57,4.97,8.68,3.88,3.89,10.9,6.77,4.13,8.66,1.62,2.54,0.24,2.3,2.98,4.41,0.39,4.03,
21231,2016-08-29,0.77,97.73,14.73,26.24,19.63,19.63,33.07,20.93,12.14,26.41,1.6,2.47,0.72,1.75,3.41,5.01,1.15,3.85,
29109,2011-06-25,0.15,96.94,16.47,26.95,21.34,21.34,32.06,21.27,10.79,27.03,4.56,6.01,2.69,3.33,7.15,7.87,5.42,2.46,
8103,2000-05-14,0.1,78.88,2.76,12.37,-7.41,-7.15,21.02,2.64,18.39,12.98,4.47,7.04,2.42,4.63,6.56,8.59,3.55,5.04,
19145,2005-11-08,0.02,97.16,8.54,14.55,10.99,10.99,22.13,9.45,12.69,14.3,4.81,9.24,3.26,5.98,7.76,12.86,5.44,7.42,1.7781
21191,2013-12-14,13.92,98.29,3.86,0.14,-0.05,-0.05,0.99,-0.94,1.92,0.02,2.67,3.49,1.83,1.66,5.31,6.46,4.2,2.26,
42055,2003-08-01,6.56,98.52,15.9,23.35,21.04,21.04,27.42,20.4,7.02,23.35,1.95,2.65,1.2,1.45,3.58,5.07,2.96,2.11,
30001,2015-04-23,0.09,78.52,4.32,6.66,-1.75,-1.71,14.28,-0.81,15.09,7.43,2.52,4.93,0.76,4.17,3.7,6.28,1.04,5.25,
13009,2003-05-11,3.24,99.52,15.06,23.04,20.29,20.28,28.98,17.13,11.84,23.05,2.85,5.02,1.42,3.6,5.61,9.07,2.8,6.27,
47063,2002-01-18,2.6,96.03,2.99,0.29,-3.81,-3.75,5.94,-3.33,9.27,0.15,1.94,2.36,1.12,1.24,3.51,4.86,2.12,2.75,
36045,2012-05-25,0.46,100.03,12.17,20.7,17.04,17.04,24.32,17.2,7.12,19.27,3.77,4.82,2.18,2.64,6.73,8.67,4.24,4.42,
13061,2002-04-25,0.68,100.65,12.22,22.64,16.95,16.95,30.37,15.99,14.38,23.09,2.89,3.56,2.14,1.42,5.11,7.23,3.74,3.5,
55135,2012-03-16,0.15,98.53,7.69,11.86,8.83,8.83,21.7,1.5,20.21,12.08,3.71,6.02,2.09,3.93,5.99,10.44,2.87,7.57,
45057,2005-04-30,7.36,99.26,11.7,18.67,16.28,16.28,23.02,16.17,6.86,18.61,3.74,5.32,1.86,3.46,6.94,9.16,3.39,5.77,
48051,2006-01-16,4.49,99.32,10.15,17.8,13.45,13.45,22.73,12.51,10.22,17.72,5.46,8.54,1.9,6.64,7.98,11.59,3.24,8.35,
40029,2007-09-05,3.54,98.37,17.19,24.22,22.28,22.28,27.57,21.45,6.12,24.42,3.54,4.93,2.14,2.79,5.53,8.06,4.55,3.51,
25013,2003-11-23,0.0,99.19,3.79,3.02,-0.32,-0.3,10.8,-2.22,13.02,2.94,1.28,1.8,0.49,1.32,3.36,5.22,0.71,4.51,
45035,2002-01-24,0.28,101.33,10.82,18.09,15.4,15.4,24.32,14.09,10.23,17.87,4.36,6.86,2.84,4.01,7.47,9.97,6.08,3.89,
45075,2014-10-07,0.0,101.31,11.19,20.63,15.82,15.81,27.78,14.5,13.28,20.65,2.68,4.33,1.0,3.32,4.85,7.13,1.24,5.89,0.8797
56033,2010-01-16,0.56,84.85,2.82,3.32,-6.15,-6.04,10.82,-0.96,11.78,1.21,4.02,8.73,1.2,7.53,6.35,12.82,1.98,10.84,
47141,2001-11-23,6.85,96.88,7.5,10.53,8.93,8.93,15.4,5.13,10.27,10.5,2.77,3.36,2.26,1.1,5.51,6.94,3.62,3.33,
20209,2005-04-18,0.07,98.02,10.33,18.54,14.16,14.16,23.41,12.67,10.74,18.59,8.16,11.21,4.87,6.33,11.33,14.2,7.82,6.37,
46109,2012-12-20,0.0,97.71,1.32,-11.26,-13.1,-13.0,-6.68,-16.04,9.35,-11.88,5.57,7.37,4.06,3.31,7.71,8.76,6.21,2.55,
16081,2014-04-17,0.02,79.5,3.91,3.41,-2.92,-2.89,11.07,-3.52,14.59,3.29,3.4,4.52,2.35,2.18,5.98,9.02,3.75,5.27,
31139,2015-09-05,0.03,94.94,14.07,28.3,18.5,18.5,33.69,22.91,10.78,28.37,8.07,9.47,5.98,3.49,11.07,12.92,8.31,4.61,
18107,2006-10-11,5.67,97.45,7.83,11.9,8.69,8.71,16.99,1.14,15.85,11.7,7.36,9.31,4.72,4.58,10.14,12.17,8.19,3.98,
21111,2015-05-31,1.04,99.21,12.19,19.43,16.86,16.86,22.29,14.82,7.46,19.88,3.7,4.97,2.18,2.79,5.23,7.84,3.11,4.73,
17037,2011-02-04,0.0,99.03,1.35,-12.42,-13.41,-13.34,-4.56,-19.28,14.72,-12.99,6.08,8.07,4.77,3.3,9.08,10.18,6.34,3.85,
17095,2004-12-15,0.0,100.33,2.35,-2.77,-6.31,-6.25,3.75,-8.29,12.04,-3.11,6.48,8.74,3.69,5.05,9.31,10.75,7.53,3.22,
22073,2016-11-30,6.39,100.72,5.85,11.69,5.36,5.39,16.96,4.65,12.31,11.62,2.96,5.23,1.57,3.66,5.61,8.03,3.49,4.54,
41029,2011-12-10,0.01,89.76,3.0,1.93,-4.92,-4.83,9.49,-3.44,12.93,-0.32,1.41,2.39,0.53,1.85,2.35,4.46,0.68,3.78,
5021,2014-11-03,0.02,101.41,4.31,11.04,1.82,1.86,19.68,3.73,15.95,10.85,4.57,6.67,3.02,3.64,7.77,9.81,5.12,4.68,
18101,2016-09-30,7.1,99.4,8.65,15.51,11.68,11.68,21.22,11.02,10.2,15.82,1.84,2.93,0.97,1.95,3.47,4.67,1.52,3.16,
27115,2006-10-25,0.0,97.92,2.72,2.29,-4.69,-4.6,10.12,-3.29,13.42,2.35,3.77,5.32,2.74,2.58,6.26,7.33,4.4,2.93,
42123,2011-10-01,3.97,95.43,5.85,6.69,5.28,5.28,7.93,4.25,3.68,6.89,2.35,3.5,0.76,2.74,4.52,6.26,1.55,4.71,
33015,2009-03-26,3.97,100.7,3.9,3.51,0.25,0.27,10.47,-2.58,13.05,3.44,1.84,2.47,0.61,1.86,3.68,4.84,0.83,4.0,
4005,2010-05-07,0.0,81.27,2.75,11.26,-7.3,-7.05,22.29,-0.36,22.64,13.86,3.17,5.45,0.75,4.7,4.7,8.19,1.16,7.03,
39157,2000-01-29,0.54,99.26,1.93,-5.71,-8.81,-8.73,1.58,-11.51,13.09,-5.97,2.43,3.42,0.99,2.43,4.28,7.01,1.46,5.55,
55099,2013-05-03,11.16,96.69,3.5,-0.98,-1.66,-1.65,0.27,-2.77,3.04,-0.78,5.55,6.54,3.75,2.79,7.57,9.01,5.48,3.53,
48393,2003-12-25,0.01,91.07,3.22,7.75,-3.56,-3.46,17.42,-0.06,17.48,7.45,6.82,9.6,5.15,4.46,9.91,12.44,6.41,6.03,
18183,2011-06-09,19.77,98.45,15.15,21.66,20.09,20.09,24.04,18.43,5.61,21.63,3.57,4.53,2.92,1.61,5.23,7.35,3.46,3.89,
12079,2016-05-23,0.0,101.09,9.62,23.2,13.48,13.48,30.6,15.47,15.13,23.86,1.71,2.22,0.92,1.29,3.03,4.8,1.08,3.72,
46077,2000-03-10,0.01,96.42,1.45,-3.71,-12.16,-11.74,1.05,-6.33,7.38,-1.64,2.43,4.77,1.38,3.39,3.21,5.49,1.55,3.94,
31075,2001-12-10,0.0,88.44,3.05,-1.19,-4.55,-4.52,3.44,-4.27,7.72,-1.34,5.68,7.58,3.62,3.96,8.13,9.77,5.62,4.15,
48033,2013-02-13,0.0,93.02,2.34,5.7,-7.54,-7.16,15.99,-2.78,18.77,6.03,4.22,6.1,2.51,3.59,6.58,9.24,4.4,4.84,
56003,2010-09-25,0.0,82.57,5.32,14.23,1.78,1.8,23.43,6.3,17.12,13.58,1.86,3.0,0.37,2.63,3.1,6.2,0.58,5.63,
27071,2012-02-19,0.01,97.14,2.19,-3.26,-7.5,-7.43,4.21,-10.65,14.86,-3.46,3.01,3.95,2.1,1.85,5.8,7.69,2.63,5.06,
36089,2012-10-11,1.18,97.93,4.32,6.49,1.29,1.32,9.42,3.14,6.28,6.74,3.27,4.02,2.06,1.96,6.25,7.84,4.02,3.82,
49043,2001-08-24,0.1,74.98,4.67,15.28,-1.32,-1.27,23.25,8.61,14.64,13.68,2.17,2.66,0.9,1.76,3.95,5.74,1.57,4.17,
19065,2014-11-15,3.01,98.75,1.73,-6.94,-10.08,-9.95,-4.62,-9.53,4.9,-7.08,1.67,2.81,0.31,2.5,2.2,3.63,0.43,3.2,
55063,2006-08-12,0.0,98.22,9.43,22.47,12.76,12.76,30.31,14.42,15.89,23.7,3.78,4.88,2.43,2.45,5.57,7.94,4.13,3.81,
48261,2005-10-09,0.05,100.68,13.83,25.31,19.04,19.04,30.22,20.16,10.06,26.86,3.9,6.36,1.42,4.94,4.99,8.56,2.27,6.3,
5023,2010-09-25,0.05,98.99,9.44,20.68,12.82,12.82,28.34,13.79,14.55,20.37,1.28,1.99,0.16,1.83,2.44,4.18,0.23,3.95,
46033,2016-05-07,1.36,89.01,6.25,13.36,5.2,5.21,20.19,8.21,11.99,14.54,5.65,7.53,3.09,4.44,7.54,10.22,4.81,5.4,
1013,2013-08-28,0.01,100.61,13.74,24.38,18.97,18.97,32.06,17.41,14.65,24.2,1.35,1.79,0.88,0.91,3.01,4.68,1.36,3.32,
29227,2001-09-18,20.49,97.64,10.34,15.64,14.15,14.15,18.02,13.37,4.65,15.59,5.79,8.63,2.86,5.77,8.0,10.93,5.21,5.72,0.0014
17121,2005-11-03,0.0,99.62,5.18,14.73,4.24,4.26,21.24,8.96,12.27,14.04,8.35,10.55,5.59,4.95,12.2,14.88,8.51,6.37,
21223,2003-04-05,1.84,98.93,4.8,6.57,2.41,2.43,16.11,-0.83,16.94,7.01,4.57,6.53,2.53,4.0,6.83,9.38,5.01,4.36,
13085,2010-03-16,0.0,97.11,5.7,8.15,5.16,5.16,14.95,2.75,12.2,8.3,2.03,2.93,1.09,1.84,3.79,6.14,1.59,4.55,0.0
13181,2003-11-08,2.72,100.74,9.22,16.14,12.73,12.73,19.39,11.87,7.51,16.39,3.17,4.1,2.11,1.99,5.2,5.97,4.44,1.53,
1033,2011-09-03,0.02,98.83,12.06,28.52,16.68,16.68,35.15,23.21,11.94,28.67,2.09,3.35,0.99,2.36,3.82,4.95,1.55,3.4,
33017,2012-12-06,0.0,100.41,1.95,-1.51,-8.42,-8.22,2.86,-4.37,7.22,-2.5,2.31,3.81,0.71,3.1,4.03,7.06,0.92,6.14,
47123,2015-11-27,0.0,96.9,8.13,12.31,10.35,10.35,18.65,8.36,10.29,12.12,1.99,2.58,1.3,1.28,4.45,5.23,3.08,2.15,
5047,2001-11-15,0.0,97.8,7.03,13.47,8.35,8.35,21.6,7.71,13.9,12.41,1.51,2.34,0.61,1.73,2.71,4.55,0.91,3.64,
8069,2001-12-13,0.28,78.11,1.59,-6.58,-13.69,-13.4,-1.73,-11.28,9.55,-6.78,9.17,10.46,7.02,3.44,12.01,13.27,9.53,3.73,
18081,2007-02-09,0.11,99.83,1.27,-11.15,-13.38,-13.24,-5.49,-14.83,9.34,-11.18,2.61,3.39,2.12,1.27,3.72,5.28,2.38,2.91,
16039,2011-01-12,2.37,86.35,2.38,-6.1,-8.29,-8.23,-1.31,-11.12,9.81,-7.29,3.25,5.95,1.07,4.88,4.61,8.72,1.7,7.02,
13129,2005-08-01,2.98,97.59,15.29,24.44,20.23,20.23,30.41,19.7,10.71,24.57,1.25,1.57,0.87,0.7,2.84,4.28,1.51,2.77,
51017,2009-09-28,1.96,91.93,7.57,13.32,8.22,8.23,19.24,9.81,9.42,13.31,3.22,5.21,1.56,3.64,6.48,9.9,3.58,6.32,
28069,2007-01-01,0.0,100.86,4.62,5.28,2.72,2.72,10.64,0.19,10.45,5.26,1.98,2.66,1.42,1.24,4.36,5.6,3.46,2.14,
28035,2007-02-25,3.86,100.16,8.39,14.92,10.9,10.9,20.1,7.41,12.69,14.88,2.42,4.0,1.46,2.54,5.56,8.13,3.87,4.26,
51091,2012-10-06,0.34,92.89,6.82,10.78,6.84,6.84,14.49,4.28,10.21,10.74,2.2,3.27,1.28,1.99,4.74,5.84,3.66,2.18,
50027,2000-04-29,0.15,96.94,5.57,10.29,4.63,4.64,18.29,2.07,16.22,9.09,1.54,2.65,0.42,2.23,2.96,5.61,0.79,4.82,
22125,2012-07-19,18.64,101.33,18.9,27.02,24.31,24.31,31.81,23.54,8.28,27.02,1.69,2.41,1.15,1.26,3.38,4.61,1.69,2.92,
20181,2010-11-19,0.0,88.71,3.25,4.02,-3.73,-3.66,10.1,-0.77,10.87,3.87,4.34,6.57,2.41,4.17,6.8,8.7,4.9,3.8,
54089,2001-04-13,4.86,93.39,7.93,14.01,9.38,9.38,19.13,7.68,11.44,13.96,2.62,3.75,1.56,2.19,5.52,6.95,4.12,2.83,
12019,2016-01-02,0.09,101.75,7.83,14.57,10.48,10.48,17.76,12.06,5.7,15.69,2.72,4.06,2.12,1.94,3.81,5.42,2.91,2.51,
17007,2000-02-05,0.03,99.34,2.04,-6.51,-8.21,-8.17,-0.27,-12.32,12.05,-6.68,5.87,9.08,2.4,6.67,7.96,10.91,3.32,7.59,
49005,2006-11-21,0.02,81.7,4.11,4.69,-1.76,-1.73,10.16,0.97,9.18,3.35,3.71,4.69,3.23,1.47,7.51,8.58,6.14,2.44,0.7464
53075,2007-09-09,0.0,94.93,3.72,17.0,-1.1,-0.99,24.69,8.44,16.24,16.84,3.34,4.78,1.35,3.43,4.87,6.95,1.89,5.06,
13195,2016-03-16,0.01,97.99,10.15,17.56,13.73,13.73,24.37,10.37,14.0,17.56,2.28,3.1,1.82,1.28,5.52,7.11,3.98,3.13,
48213,2007-07-10,1.8,99.8,19.32,26.69,24.45,24.45,29.94,24.01,5.94,26.46,5.03,7.26,2.84,4.42,7.73,9.5,6.34,3.16,0.0
38047,2002-03-24,0.01,95.59,1.09,-8.57,-15.36,-14.77,-2.72,-13.18,10.46,-7.42,5.95,8.97,3.86,5.11,7.61,10.53,6.08,4.45,
21127,2011-05-09,0.0,98.33,8.95,16.75,11.96,11.96,24.21,9.65,14.57,16.61,1.39,1.87,0.99,0.88,3.25,6.53,1.67,4.86,
48359,2002-03-17,0.0,87.68,1.95,8.36,-9.96,-9.52,15.84,2.44,13.4,8.91,6.58,9.19,3.73,5.46,9.53,12.26,7.49,4.77,
31151,2008-01-23,0.03,96.65,1.36,-9.62,-13.26,-13.0,-2.84,-16.09,13.25,-9.87,7.04,11.66,2.07,9.59,9.45,14.03,3.3,10.73,
48459,2008-12-17,0.37,100.87,5.42,6.11,4.82,4.82,11.18,2.02,9.16,6.48,1.28,1.86,0.76,1.1,2.19,4.37,0.81,3.56,
47131,2007-02-19,0.0,100.44,4.29,4.7,1.42,1.43,11.13,-1.63,12.76,4.01,8.29,11.69,4.84,6.85,11.79,15.52,8.1,7.42,
41035,2008-05-24,2.22,83.94,5.63,6.93,2.94,2.95,12.67,0.39,12.28,7.12,2.14,3.02,1.16,1.85,3.71,4.86,2.48,2.38,
29095,2002-04-25,0.49,99.45,3.63,10.33,-1.05,-0.95,16.92,1.98,14.93,10.44,3.62,6.55,0.58,5.97,5.13,7.78,0.79,6.99,
35007,2010-12-12,0.0,77.45,2.59,-0.29,-8.42,-8.31,9.02,-6.86,15.88,-0.57,3.29,4.89,1.16,3.73,5.54,8.78,2.24,6.54,
47157,2013-04-30,0.0,100.17,10.27,19.25,14.31,14.31,26.33,11.48,14.85,19.15,3.39,4.18,2.75,1.43,5.92,7.91,3.18,4.73,0.0
8069,2004-12-19,0.05,78.93,2.85,-0.19,-6.92,-6.85,6.0,-4.67,10.67,-0.92,9.17,10.83,7.39,3.44,12.19,14.94,9.91,5.03,
55023,2001-01-08,0.31,98.33,1.3,-12.78,-13.47,-13.43,-7.17,-17.16,9.99,-14.71,2.48,3.33,1.18,2.14,3.66,5.71,1.58,4.13,
26139,2014-02-01,6.46,99.35,2.67,-3.06,-4.83,-4.8,-2.44,-3.75,1.31,-0.41,5.17,6.54,1.77,4.77,5.83,7.57,2.02,5.55,
28101,2002-06-13,2.5,99.68,14.74,29.68,19.89,19.89,37.53,22.35,15.18,29.41,1.24,1.91,0.5,1.41,2.55,3.5,1.16,2.33,
40117,2004-12-18,0.0,98.92,3.89,4.6,0.1,0.12,12.15,-0.53,12.68,3.99,4.85,7.03,3.02,4.01,7.84,11.14,4.6,6.53,
40051,2005-12-11,0.0,97.59,2.73,3.59,-4.7,-4.6,14.41,-1.27,15.68,2.6,4.25,5.1,3.33,1.77,7.63,9.15,3.75,5.4,
49049,2009-12-29,1.55,80.87,2.03,-9.79,-10.73,-10.7,-5.06,-14.57,9.51,-11.28,2.15,3.3,1.15,2.15,3.05,4.96,1.7,3.26,0.4282999999999999
56043,2004-11-12,0.07,83.45,3.08,1.23,-5.13,-5.08,7.8,-2.76,10.56,0.75,1.51,3.07,0.22,2.85,2.47,5.66,0.36,5.3,
40013,2012-04-11,0.15,99.57,11.74,20.58,16.39,16.39,26.88,15.12,11.75,20.74,2.65,6.05,0.17,5.88,3.66,8.45,0.49,7.97,
20181,2000-10-04,4.22,88.96,7.6,13.1,8.02,8.02,19.2,8.75,10.45,14.4,4.31,5.9,3.19,2.71,5.34,7.56,3.82,3.74,
45023,2015-01-08,0.0,101.26,1.16,-5.77,-14.5,-13.68,0.02,-9.69,9.71,-5.3,2.46,4.59,0.64,3.95,4.07,7.45,0.92,6.53,
19191,2007-05-27,0.0,97.92,5.77,13.41,5.44,5.45,20.13,4.96,15.17,13.6,3.9,5.41,1.82,3.59,5.57,7.43,2.68,4.75,
55033,2008-03-11,0.0,97.67,3.01,-2.43,-3.78,-3.77,3.41,-8.11,11.52,-3.85,5.18,6.95,2.12,4.83,7.77,10.18,3.06,7.12,0.0
54105,2012-12-21,4.3,96.9,3.03,-0.87,-3.47,-3.44,1.48,-1.81,3.29,-0.89,5.31,5.85,4.53,1.32,9.5,10.21,8.62,1.59,
30069,2002-06-22,10.43,91.06,12.47,22.48,15.93,15.93,28.18,16.34,11.84,23.23,2.44,4.31,0.83,3.48,3.43,6.51,1.09,5.41,
8081,2006-08-30,0.37,79.67,4.82,20.75,-0.02,0.03,28.91,13.27,15.64,21.29,5.77,9.03,3.66,5.37,8.95,10.73,7.44,3.29,
4019,2016-11-06,0.0,93.62,7.14,20.56,7.93,7.94,28.13,14.85,13.28,20.5,2.06,2.68,1.56,1.13,2.78,4.12,1.69,2.43,
21117,2001-06-15,8.0,98.54,16.01,25.09,21.15,21.15,31.17,19.49,11.68,25.11,2.29,3.66,1.26,2.39,4.59,6.39,2.82,3.57,
30035,2005-05-27,0.02,87.31,4.48,13.52,0.16,0.21,21.76,4.19,17.56,13.79,2.25,3.3,0.68,2.62,3.28,5.82,1.05,4.77,
34035,2013-07-03,4.14,100.42,16.32,23.85,21.77,21.77,27.05,20.59,6.46,23.86,1.87,2.49,1.43,1.06,4.06,4.77,2.59,2.18,
20007,2003-03-16,3.34,94.24,10.01,17.38,13.1,13.1,25.12,10.99,14.12,17.52,5.8,8.25,2.45,5.8,8.46,12.05,5.09,6.96,
54105,2009-06-18,0.97,97.84,14.2,22.66,19.08,19.08,26.56,19.76,6.8,22.29,1.53,2.44,0.58,1.86,3.27,4.61,0.81,3.8,
29059,2004-11-04,0.28,98.21,5.52,7.71,4.9,4.91,12.93,2.57,10.36,7.8,3.6,5.22,2.12,3.09,6.01,7.44,4.43,3.01,
50015,2016-07-04,0.01,98.15,10.13,19.68,13.76,13.76,26.06,12.04,14.03,19.91,1.92,2.3,1.54,0.76,4.2,5.4,2.47,2.93,
29123,2004-11-01,25.15,98.63,14.29,20.49,19.31,19.31,24.12,16.68,7.45,20.36,4.25,6.66,0.52,6.14,7.23,10.49,0.73,9.76,
48123,2000-07-22,0.68,100.46,14.77,31.1,19.91,19.91,38.34,24.89,13.45,33.3,3.61,5.68,1.67,4.01,4.59,7.71,1.88,5.82,
29171,2005-01-10,0.37,98.64,2.27,-6.52,-7.45,-7.42,-1.79,-12.65,10.85,-6.93,4.48,5.68,3.34,2.34,6.4,8.07,5.16,2.91,
31175,2014-06-01,8.91,93.48,12.9,21.75,16.86,16.86,28.49,15.12,13.37,22.28,5.0,7.93,2.38,5.54,7.0,10.02,4.58,5.45,
34031,2003-01-15,0.05,99.36,1.7,-8.34,-10.28,-10.2,-4.37,-11.54,7.17,-8.59,2.55,3.48,1.48,2.0,4.73,6.71,2.86,3.85,
45001,2000-03-06,0.2,99.95,6.54,13.54,7.5,7.5,23.28,4.92,18.35,12.69,1.82,2.34,0.76,1.59,3.44,5.17,1.1,4.07,
13051,2007-07-23,0.0,101.68,11.59,26.31,16.48,16.48,30.27,22.33,7.93,26.8,3.27,4.08,2.23,1.85,4.56,5.82,2.87,2.95,
5039,2012-08-31,42.86,100.2,18.63,26.7,23.88,23.88,32.18,22.77,9.41,26.71,3.0,4.39,1.79,2.6,6.28,8.56,4.44,4.12,
18123,2002-01-18,1.42,100.35,2.93,-0.19,-3.45,-3.41,4.85,-4.51,9.36,-1.05,2.08,3.88,0.02,3.86,3.45,5.14,0.03,5.1,
48125,2005-07-29,0.4,93.95,12.3,26.34,16.08,16.08,34.01,17.35,16.66,28.44,2.97,4.66,1.35,3.31,4.48,6.78,1.65,5.14,
39137,2005-06-09,0.95,98.55,16.47,25.49,21.6,21.6,30.24,20.28,9.97,25.61,3.72,5.52,2.8,2.72,5.98,7.43,3.54,3.89,
37107,2004-01-01,0.01,102.48,4.14,6.16,1.3,1.31,15.58,-1.21,16.79,5.09,2.48,3.58,0.61,2.97,4.27,7.19,0.76,6.44,
36059,2001-07-16,0.65,101.13,10.81,22.71,15.19,15.19,27.83,17.16,10.67,22.97,2.54,4.4,1.06,3.34,3.78,6.81,1.77,5.04,
53043,2007-12-28,2.31,92.51,3.06,-3.5,-4.11,-4.1,-0.39,-6.95,6.56,-3.92,3.15,4.07,1.97,2.1,5.05,6.81,3.44,3.37,
48109,2001-07-21,0.66,86.95,11.63,28.31,14.04,14.04,34.31,20.75,13.55,30.92,1.28,1.78,0.94,0.84,1.8,2.94,1.0,1.94,
48023,2006-06-10,0.0,96.16,9.31,31.8,12.3,12.3,39.48,24.11,15.38,32.98,5.97,8.0,3.97,4.03,8.47,9.9,6.99,2.91,
13033,2003-10-24,0.0,100.51,7.81,16.73,10.28,10.28,24.37,10.47,13.9,16.92,3.34,4.79,0.56,4.23,5.27,7.34,1.17,6.17,
6111,2012-01-04,0.02,97.76,5.19,16.88,3.28,3.34,23.87,12.86,11.0,14.25,2.87,4.0,0.32,3.67,4.8,6.86,0.5,6.36,
38069,2002-01-23,0.13,95.95,0.77,-15.94,-18.99,-18.47,-11.56,-19.23,7.67,-15.16,2.57,4.65,0.6,4.05,3.33,6.05,0.76,5.29,
37037,2000-04-27,4.06,99.67,6.68,12.74,7.83,7.84,19.09,7.57,11.52,12.84,1.5,2.52,0.53,1.99,3.0,6.49,0.88,5.61,
1015,2006-05-13,2.75,98.0,9.83,16.15,13.26,13.26,21.95,9.0,12.95,16.27,2.33,3.31,1.67,1.65,4.94,5.83,3.03,2.81,
35047,2005-10-27,0.0,83.58,6.1,11.13,4.02,4.02,18.14,5.32,12.81,11.95,3.51,4.66,2.11,2.55,5.71,8.28,2.29,5.99,
36087,2010-06-16,5.03,99.33,11.47,18.96,15.74,15.74,22.65,13.19,9.45,19.06,2.28,3.25,1.19,2.06,4.44,5.66,2.0,3.66,
34015,2002-06-19,8.1,102.1,12.14,21.47,17.3,17.3,26.47,16.75,9.72,21.74,1.85,2.32,0.7,1.62,2.86,4.78,1.01,3.77,
35055,2000-04-25,0.13,75.46,2.43,9.16,-9.44,-9.14,19.37,-1.24,20.6,8.83,3.34,5.56,2.05,3.52,4.77,7.07,3.13,3.94,0.0
21091,2012-06-21,0.1,99.62,11.91,27.21,16.56,16.56,34.55,19.66,14.88,27.61,2.43,3.4,1.19,2.2,4.41,5.94,1.44,4.5,
42011,2008-07-12,0.05,99.99,13.08,25.6,18.16,18.16,31.07,19.16,11.91,25.74,1.79,2.81,0.24,2.57,3.45,5.13,0.32,4.81,
41053,2011-03-13,19.03,98.53,6.6,8.77,7.54,7.54,11.75,6.81,4.94,8.38,5.74,7.42,3.53,3.89,9.63,11.78,7.11,4.67,
55027,2005-02-11,0.19,98.34,2.81,-1.72,-4.34,-4.31,3.61,-7.15,10.76,-1.7,6.42,7.93,4.47,3.46,8.75,10.87,6.78,4.09,
38029,2015-02-10,1.37,94.6,2.45,-3.94,-6.95,-6.87,2.53,-10.73,13.26,-3.65,8.85,13.99,0.99,13.0,10.9,16.66,1.69,14.97,0.9393
8079,2014-06-30,0.57,71.24,5.14,17.39,-0.63,-0.6,27.06,7.69,19.36,18.16,3.95,5.59,2.11,3.48,5.82,6.93,3.21,3.72,
21103,2001-10-08,0.01,100.19,4.24,10.64,1.39,1.43,18.94,2.73,16.21,10.69,3.11,4.57,2.28,2.29,5.77,7.01,3.27,3.74,
20087,2001-05-22,0.86,97.55,5.49,12.73,4.66,4.68,19.1,6.15,12.94,12.72,5.84,8.71,2.94,5.77,8.76,11.13,6.37,4.76,0.0
28129,2016-07-12,2.37,100.32,16.38,28.19,21.75,21.76,35.12,22.9,12.22,28.22,1.39,1.98,0.98,1.01,3.13,5.16,1.59,3.57,1.3094
26055,2007-02-11,0.03,98.83,1.57,-9.12,-11.21,-11.11,-5.97,-12.01,6.04,-8.32,7.19,10.18,4.27,5.91,9.81,11.88,5.95,5.93,
54087,2002-02-13,0.09,98.6,2.71,-0.56,-4.91,-4.82,4.21,-5.82,10.04,-0.61,2.41,2.92,1.57,1.35,4.71,6.65,3.52,3.13,
20047,2008-03-21,0.0,94.29,3.81,10.49,-0.99,-0.91,17.5,5.82,11.67,10.83,5.91,8.67,2.61,6.06,8.4,11.67,4.93,6.74,
37115,2001-11-11,0.0,93.68,4.21,7.23,0.29,0.33,15.89,0.65,15.24,7.17,2.11,2.66,1.71,0.95,4.44,5.42,3.41,2.01,
17047,2003-07-17,0.05,100.43,14.66,25.7,20.03,20.04,31.73,19.07,12.66,26.04,1.76,3.0,0.59,2.41,3.0,6.57,0.69,5.88,
1001,2001-07-27,0.31,100.39,16.26,27.77,21.69,21.69,34.72,21.12,13.61,28.14,1.67,2.25,1.17,1.09,3.34,5.47,2.19,3.28,
33009,2007-12-06,0.03,97.33,1.54,-10.67,-11.81,-11.75,-5.9,-17.09,11.2,-10.91,2.54,3.23,1.8,1.43,5.16,5.98,3.8,2.18,
19057,2015-05-15,2.92,99.07,12.63,20.59,17.42,17.42,26.42,14.36,12.06,21.04,2.85,4.36,2.09,2.27,4.84,7.84,2.54,5.29,
42079,2001-03-31,0.14,96.13,3.52,-0.42,-1.63,-1.63,3.76,-3.58,7.35,-0.64,1.59,2.15,1.14,1.01,3.27,4.21,1.92,2.3,
48431,2016-03-19,0.0,93.5,3.32,6.8,-2.79,-2.71,14.23,0.69,13.53,8.67,5.44,8.3,2.73,5.57,7.33,10.54,4.85,5.7,
38103,2010-08-04,0.02,95.69,8.8,20.01,11.29,11.29,25.46,14.72,10.74,20.41,5.53,8.25,2.96,5.29,8.34,10.19,5.13,5.06,
36025,2006-11-10,0.17,95.55,5.1,6.45,3.41,3.41,10.72,2.64,8.08,5.56,2.3,3.84,0.45,3.39,4.3,7.65,0.67,6.98,
8057,2008-01-23,2.76,73.12,1.42,-15.47,-15.73,-15.73,-10.08,-20.69,10.62,-16.25,3.48,4.29,2.56,1.74,6.12,7.53,4.65,2.88,
1003,2005-01-15,0.0,102.49,5.15,8.7,4.45,4.46,13.79,4.97,8.82,9.85,3.62,4.77,3.13,1.64,5.62,6.64,5.2,1.44,
5113,2006-08-15,0.7,98.6,15.37,31.23,20.42,20.42,39.07,23.7,15.37,31.07,1.02,1.91,0.33,1.58,2.25,5.1,0.43,4.68,3.0
23013,2006-09-12,0.01,101.69,6.2,12.66,7.05,7.05,17.67,7.54,10.13,12.33,2.49,3.16,1.49,1.66,4.09,5.86,2.63,3.23,0.0
53053,2003-02-14,1.44,96.59,5.63,6.28,4.91,4.91,9.91,4.72,5.19,5.9,1.44,2.22,0.85,1.37,2.83,4.07,1.56,2.51,
56033,2012-09-18,0.0,85.43,3.87,17.97,-1.92,-1.83,26.99,10.11,16.88,18.48,5.59,7.01,3.39,3.62,8.65,10.27,6.92,3.35,3.1931
40069,2012-03-19,35.58,97.62,13.21,19.67,17.89,17.89,23.02,13.58,9.44,19.4,8.96,13.1,2.81,10.29,12.11,17.14,4.01,13.13,
8083,2014-05-06,0.0,80.0,3.24,13.81,-5.11,-4.96,20.32,6.31,14.01,14.45,4.97,7.8,2.31,5.49,7.78,10.69,4.87,5.82,2.4593
6021,2014-01-02,0.0,97.8,4.2,10.74,0.91,0.95,18.12,4.55,13.57,8.34,1.94,2.65,1.23,1.42,3.0,4.16,1.99,2.17,
13071,2009-08-23,0.0,100.33,12.05,23.35,16.94,16.94,29.1,17.41,11.69,23.72,2.72,3.69,1.91,1.78,4.29,6.79,2.82,3.97,
28095,2009-07-27,1.4,100.18,15.84,27.32,21.2,21.2,33.55,22.0,11.55,27.5,1.34,1.59,0.98,0.62,2.81,3.77,1.92,1.85,
20043,2001-01-10,0.99,98.11,3.78,1.58,-0.53,-0.52,6.86,-2.44,9.29,1.04,6.41,8.06,5.51,2.56,9.45,11.12,8.34,2.77,
18015,2000-04-28,0.1,98.69,4.61,12.04,2.22,2.25,20.5,2.1,18.4,12.73,3.33,4.71,0.93,3.79,4.96,7.67,1.46,6.21,
18057,2007-05-08,4.48,98.85,12.61,19.71,17.24,17.24,23.06,14.73,8.33,19.14,2.69,4.6,0.43,4.17,4.01,8.46,0.83,7.63,0.0
19131,2013-07-27,0.19,97.45,7.15,12.93,8.57,8.57,17.15,8.17,8.98,13.1,4.85,6.96,2.82,4.14,7.35,8.85,6.17,2.68,
9013,2012-03-01,10.7,99.33,3.87,0.76,0.04,0.05,2.89,-2.99,5.88,0.92,3.41,5.31,2.37,2.94,5.71,8.27,3.99,4.28,
19105,2014-05-30,0.0,98.7,11.89,21.5,16.28,16.28,28.15,14.2,13.94,21.66,3.95,4.76,2.86,1.89,6.33,9.19,3.91,5.28,
13281,2005-06-09,3.9,95.04,15.66,23.2,20.19,20.19,27.91,19.42,8.49,23.18,1.38,2.14,0.87,1.28,3.11,4.61,1.74,2.87,
38041,2004-12-31,0.43,93.0,0.97,-12.51,-16.68,-16.25,-10.19,-14.16,3.96,-11.77,7.83,12.74,4.18,8.56,9.42,15.8,4.74,11.06,
54101,2004-02-18,0.0,93.37,2.75,-2.75,-5.23,-5.2,2.08,-6.9,8.98,-2.85,2.79,3.9,2.15,1.75,5.2,6.52,3.7,2.82,
13277,2008-03-31,0.0,101.33,9.35,14.84,12.71,12.71,22.01,7.68,14.33,15.59,3.63,5.27,1.72,3.55,5.26,6.93,2.45,4.49,
17139,2000-01-28,0.32,101.03,1.34,-8.7,-12.7,-12.43,-4.84,-12.74,7.9,-8.54,4.88,6.05,2.73,3.33,6.41,7.49,4.01,3.48,
16059,2015-08-23,0.0,79.08,3.54,16.54,-4.32,-4.18,26.12,5.71,20.41,15.41,1.74,2.65,0.52,2.13,2.3,3.85,0.63,3.23,
26003,2004-05-27,6.38,98.11,4.97,4.62,3.43,3.44,6.74,2.99,3.75,2.94,6.89,11.12,1.76,9.36,9.64,15.88,2.9,12.98,
18005,2007-01-06,0.37,98.62,5.51,6.42,4.63,4.64,10.1,0.36,9.74,5.86,4.21,6.45,1.55,4.9,6.0,7.9,2.43,5.47,
38065,2013-09-15,0.0,95.39,5.4,11.48,4.2,4.21,18.23,5.48,12.75,12.54,3.63,4.85,2.46,2.39,5.62,8.72,3.06,5.67,
18105,2010-11-14,0.0,99.18,3.4,4.32,-1.71,-1.66,11.04,-0.19,11.23,4.32,3.24,5.0,2.11,2.89,5.54,6.66,4.46,2.2,
1089,2002-08-21,0.17,98.96,14.0,28.59,19.0,19.0,36.66,21.08,15.59,28.95,1.85,2.3,1.34,0.96,3.49,5.44,1.84,3.6,
51009,2008-02-28,0.04,96.99,1.7,-4.18,-10.49,-10.22,0.58,-6.9,7.48,-4.24,2.66,3.77,0.74,3.03,4.82,6.14,1.26,4.88,
55057,2011-05-07,0.05,97.44,7.06,11.85,8.34,8.34,17.0,7.01,9.99,12.1,4.39,6.13,2.85,3.29,6.54,7.09,5.74,1.36,
8083,2005-11-24,0.0,80.74,2.39,3.77,-8.68,-8.47,11.48,-0.92,12.4,1.49,1.72,3.8,0.36,3.45,2.47,5.22,0.49,4.72,
41015,2013-05-01,0.0,98.76,5.76,10.06,5.39,5.4,15.15,4.65,10.5,9.31,5.01,5.88,4.34,1.54,7.28,7.97,6.17,1.81,
6083,2008-09-24,0.06,97.58,8.3,21.28,10.23,10.24,26.74,17.11,9.63,21.45,2.07,3.87,0.72,3.15,2.5,4.13,1.01,3.12,
23003,2002-04-28,1.02,98.2,2.53,-0.14,-5.74,-5.62,6.11,-5.17,11.28,-0.05,1.63,2.68,0.52,2.16,3.2,5.52,0.61,4.91,
28063,2001-12-18,0.02,101.02,6.01,10.46,6.55,6.55,16.17,6.48,9.69,9.98,1.48,2.44,0.61,1.83,2.64,5.78,0.84,4.93,0.0
8021,2008-10-06,0.08,73.17,3.78,5.78,-4.49,-4.42,14.72,-1.2,15.92,5.57,2.19,3.29,0.88,2.41,3.74,6.16,1.6,4.56,
20123,2009-06-12,3.68,95.62,11.85,20.94,15.9,15.9,26.7,15.77,10.93,21.65,3.88,5.42,2.66,2.76,5.77,7.06,4.74,2.33,
13321,2002-05-11,1.11,101.08,13.08,28.51,18.29,18.29,35.05,22.7,12.35,29.63,3.68,4.99,2.54,2.45,5.54,8.17,3.84,4.32,
53045,2008-08-26,4.82,98.16,7.37,11.85,9.06,9.06,16.66,7.73,8.93,11.84,1.52,2.48,0.46,2.02,2.76,4.77,0.75,4.02,0.0
48167,2014-05-20,0.0,101.84,14.96,24.26,20.6,20.6,26.23,22.62,3.61,25.02,6.78,8.15,5.69,2.46,8.14,10.22,6.94,3.28,2.6075
55023,2005-07-04,2.06,97.67,12.08,22.08,16.29,16.29,25.67,17.78,7.89,22.18,3.21,4.02,1.83,2.2,5.06,7.68,3.67,4.01,
21059,2013-01-18,0.02,101.34,2.87,-0.57,-3.69,-3.66,5.57,-5.44,11.0,-1.04,3.86,5.77,1.89,3.88,6.43,9.93,2.9,7.04,
48063,2004-02-03,0.0,101.17,3.31,3.65,-1.91,-1.86,11.56,-3.96,15.52,3.88,2.67,3.35,2.03,1.32,4.98,6.37,3.07,3.3,1.0
35013,2003-06-29,0.95,86.89,8.62,28.09,9.53,9.54,35.47,21.08,14.39,31.25,3.34,6.82,1.13,5.68,4.67,9.88,1.1,8.78,
21147,2001-02-26,0.0,97.8,3.91,4.34,-0.02,0.0,11.97,-1.2,13.17,4.36,2.04,2.46,1.53,0.93,4.36,5.72,3.32,2.4,
56019,2013-07-10,0.0,82.17,8.02,22.45,7.43,7.44,32.19,12.12,20.07,23.79,3.19,4.5,2.26,2.24,5.03,6.4,3.68,2.72,
37043,2012-01-10,2.11,93.12,7.78,9.87,9.01,9.01,13.44,6.33,7.11,9.55,1.22,2.64,0.42,2.21,2.55,5.1,0.84,4.27,0.0
30069,2011-05-18,2.72,90.56,5.93,8.34,4.75,4.76,11.17,3.27,7.89,7.82,2.91,4.99,0.16,4.84,3.77,5.84,0.24,5.61,
39075,2007-04-30,1.12,97.81,7.43,14.0,9.06,9.06,19.34,8.39,10.95,14.16,3.25,4.99,1.87,3.12,5.42,8.96,3.83,5.13,
18031,2015-10-09,0.16,98.66,9.37,17.42,12.56,12.56,22.68,11.87,10.81,17.51,3.83,5.46,2.64,2.82,6.1,7.02,4.14,2.88,
28139,2006-07-08,0.0,100.37,11.82,25.38,16.53,16.54,32.95,16.53,16.42,25.49,1.31,2.08,0.69,1.39,2.38,5.62,0.98,4.65,
45047,2015-03-19,18.59,99.91,6.76,9.43,8.12,8.12,11.15,7.81,3.34,9.69,2.27,3.16,1.52,1.64,4.08,5.24,2.88,2.36,
12027,2009-04-19,0.0,101.55,9.29,22.98,13.02,13.02,30.81,15.28,15.53,24.45,3.36,4.34,1.43,2.91,5.04,7.01,2.52,4.49,
31115,2010-03-23,0.0,92.38,4.32,4.84,0.6,0.61,9.6,0.76,8.85,5.51,7.84,9.77,5.03,4.73,9.81,11.34,8.0,3.34,0.0
1133,2008-04-18,20.65,99.02,8.67,15.7,11.58,11.58,22.35,8.8,13.55,15.69,3.26,4.82,2.17,2.65,6.13,7.58,3.98,3.6,
51770,2000-10-11,0.0,97.41,3.81,9.24,-0.54,-0.48,20.27,0.84,19.43,9.21,1.99,2.23,1.54,0.69,4.71,6.63,2.47,4.16,
1059,2009-03-14,24.84,99.22,8.66,12.34,11.56,11.56,16.25,8.59,7.65,12.32,2.12,3.28,1.24,2.05,4.04,5.65,2.62,3.02,
8005,2007-05-16,0.15,84.19,6.15,15.57,4.2,4.22,24.19,6.87,17.33,17.59,3.3,4.76,0.44,4.32,4.91,7.72,0.37,7.36,
13039,2012-03-13,0.21,102.27,10.85,19.69,15.6,15.6,25.28,15.72,9.56,19.65,1.61,2.3,0.64,1.66,3.13,4.93,0.87,4.06,3.5253
30001,2000-12-06,0.01,79.73,2.7,-5.34,-7.56,-7.53,2.23,-10.7,12.92,-6.32,3.37,4.02,2.6,1.41,5.23,6.19,4.07,2.11,
27169,2003-08-19,0.39,97.84,12.93,28.44,17.61,17.61,35.45,21.64,13.82,29.46,5.07,6.68,3.63,3.06,7.06,8.4,5.78,2.62,2.0
31157,2008-04-12,0.41,86.82,2.71,1.7,-6.24,-6.15,7.37,-4.06,11.43,1.92,7.45,10.72,3.34,7.38,10.38,13.34,6.47,6.87,
51109,2008-03-26,0.0,100.9,5.98,12.59,6.15,6.16,20.66,5.65,15.01,12.56,3.11,4.18,1.97,2.21,6.3,7.87,4.73,3.15,
37001,2013-09-11,0.73,99.93,13.81,25.64,19.01,19.01,33.28,19.13,14.16,25.95,1.82,2.34,1.46,0.88,3.49,4.45,1.84,2.61,
48211,2010-05-13,1.11,92.92,5.7,14.09,4.47,4.49,22.08,6.82,15.27,16.01,5.29,9.98,2.49,7.5,7.06,12.43,2.56,9.87,
16027,2008-09-27,0.0,91.31,4.39,18.25,0.6,0.66,26.36,11.36,15.0,16.9,1.27,1.95,0.52,1.43,1.72,2.66,0.8,1.85,
29097,2013-12-06,1.95,99.09,1.55,-6.78,-11.26,-11.02,-4.62,-11.14,6.52,-6.09,6.75,8.08,5.13,2.95,8.38,10.05,6.78,3.27,
41037,2009-06-17,0.69,84.32,7.58,15.19,7.24,7.25,22.07,8.84,13.22,17.18,3.62,6.24,2.16,4.08,5.11,7.71,2.83,4.88,
19083,2007-03-10,0.0,98.56,3.41,2.31,-1.78,-1.75,10.41,-2.82,13.23,1.11,3.23,4.8,1.83,2.98,5.16,8.36,2.67,5.68,
31099,2006-11-03,0.0,94.55,3.45,5.32,-2.38,-2.32,13.48,-2.37,15.85,5.11,6.7,9.9,3.74,6.16,9.79,12.2,6.94,5.26,
18013,2013-03-04,0.11,99.05,2.92,-0.28,-3.87,-3.82,4.29,-5.35,9.64,-0.37,3.31,4.86,1.16,3.7,5.09,7.12,1.84,5.28,
29145,2013-03-25,0.05,98.12,2.41,-2.46,-6.18,-6.11,1.99,-6.87,8.86,-2.05,5.45,7.37,3.05,4.32,7.82,9.53,5.41,4.12,
55045,2016-05-01,2.98,98.3,6.05,8.34,6.24,6.25,13.24,5.05,8.18,8.67,5.65,6.58,3.28,3.3,7.63,8.76,5.91,2.84,
54009,2007-07-02,0.0,98.4,6.03,17.3,6.15,6.16,25.25,8.75,16.49,17.25,1.53,2.11,1.05,1.06,3.44,5.13,1.76,3.37,
18173,2009-03-13,0.0,100.92,3.24,2.17,-2.2,-2.16,8.27,-3.89,12.15,2.49,3.16,4.67,2.18,2.48,5.03,6.84,3.55,3.29,
17139,2003-03-19,12.83,97.77,7.81,12.16,9.85,9.85,18.39,8.7,9.69,11.83,7.61,10.12,3.92,6.2,10.56,12.99,8.11,4.88,
5029,2011-05-29,0.0,98.63,14.56,23.36,19.58,19.58,29.03,17.24,11.78,23.31,3.02,4.15,2.23,1.92,5.98,6.94,3.93,3.0,
12049,2001-03-02,0.01,101.1,11.11,23.19,15.44,15.44,31.29,17.05,14.24,24.38,3.31,6.07,1.72,4.35,4.93,7.22,2.53,4.69,
27125,2008-12-15,0.19,98.91,0.35,-24.77,-26.4,-25.73,-22.48,-26.17,3.69,-24.48,7.46,10.97,4.93,6.03,9.55,13.34,7.57,5.76,
55047,2011-11-01,0.02,98.41,5.39,8.11,4.38,4.39,16.34,1.71,14.63,7.87,5.42,8.27,4.1,4.17,8.41,10.32,6.79,3.52,0.0
37033,2002-03-05,0.0,100.82,2.3,0.66,-6.65,-6.48,8.89,-6.21,15.1,0.84,2.57,3.47,1.49,1.97,4.58,7.33,2.54,4.79,3.0
13037,2011-03-20,0.0,101.3,11.53,19.56,16.37,16.37,25.87,13.58,12.29,19.17,2.83,3.98,0.93,3.04,4.42,6.89,1.29,5.6,
48377,2010-12-08,0.0,87.17,2.52,6.87,-7.38,-7.1,15.88,-0.43,16.3,6.63,2.52,3.88,1.14,2.75,3.75,6.39,1.48,4.9,
21187,2015-11-07,0.0,99.55,5.15,8.85,4.06,4.07,12.61,5.11,7.5,8.84,2.41,3.86,1.7,2.16,4.57,5.46,3.34,2.12,
54037,2007-08-09,23.07,98.83,17.9,28.24,22.96,22.96,32.52,24.33,8.19,28.52,1.42,1.62,0.96,0.66,2.58,4.06,1.41,2.65,
46049,2006-01-06,0.07,95.32,3.24,-1.22,-2.97,-2.95,4.31,-7.4,11.72,-2.1,5.18,7.53,3.24,4.29,8.48,10.25,5.77,4.48,
6035,2006-03-02,4.6,82.94,3.05,-2.87,-5.45,-5.42,0.23,-7.46,7.69,-3.46,3.53,6.92,1.51,5.41,5.35,10.99,2.3,8.68,
26055,2012-12-24,2.34,98.66,2.26,-5.04,-7.04,-7.0,-4.04,-6.04,2.01,-3.67,1.95,3.88,0.26,3.62,2.47,5.01,0.33,4.68,
51700,2011-10-05,0.0,101.94,8.85,15.95,12.4,12.4,22.1,11.14,10.96,16.05,2.89,3.59,2.26,1.33,5.02,6.17,3.92,2.25,
29201,2016-06-13,0.89,99.63,17.96,27.07,23.18,23.18,31.74,22.02,9.72,27.05,1.66,1.95,1.09,0.87,2.95,4.87,1.35,3.52,
18067,2012-11-02,0.01,98.63,4.13,4.08,0.91,0.93,10.57,-0.73,11.3,4.05,3.54,4.64,2.55,2.09,6.03,7.17,4.86,2.3,
45051,2012-01-23,0.78,101.99,9.17,13.39,12.52,12.52,18.13,8.6,9.53,14.0,4.36,5.91,2.8,3.1,5.79,7.57,3.2,4.37,
8081,2002-10-03,3.35,79.29,4.28,4.16,-1.78,-1.75,7.51,0.41,7.1,4.96,3.74,5.9,0.51,5.39,5.01,6.92,0.75,6.16,
55043,2009-04-23,0.06,97.82,6.61,11.6,6.9,6.91,21.57,2.72,18.85,11.76,7.36,9.5,3.72,5.78,10.06,11.86,7.48,4.37,
48367,2001-08-18,2.61,98.24,16.17,28.43,21.23,21.23,33.78,22.9,10.89,28.94,2.38,4.64,1.06,3.57,3.64,5.67,1.68,3.98,
16079,2010-09-21,1.47,86.52,5.97,7.74,4.15,4.15,13.2,2.53,10.67,7.28,1.57,2.02,1.22,0.81,2.86,3.38,2.27,1.1,0.0
38105,2001-09-04,0.0,93.52,6.67,23.09,6.87,6.89,32.57,14.78,17.8,23.64,3.66,6.65,0.91,5.74,5.51,10.34,1.2,9.14,0.0
13123,2012-11-19,0.0,96.2,5.57,8.56,4.71,4.71,15.79,3.68,12.1,7.33,1.43,1.88,0.8,1.08,2.85,4.02,1.24,2.78,
47099,2016-11-27,0.0,99.21,2.9,5.59,-3.77,-3.65,12.72,-2.25,14.97,5.48,2.33,3.31,1.33,1.98,4.53,6.94,1.58,5.36,
48269,2015-07-16,0.0,94.67,13.99,29.27,18.35,18.35,36.42,22.52,13.9,29.84,5.36,8.26,3.75,4.51,7.69,10.19,4.66,5.52,
29155,2008-11-23,1.7,101.45,4.04,5.26,-0.06,-0.0,12.28,-2.39,14.67,4.86,3.32,7.21,1.88,5.33,5.08,10.76,2.88,7.88,
28041,2014-02-11,28.1,101.21,4.82,4.19,3.42,3.42,5.94,2.44,3.5,4.42,2.78,3.24,2.06,1.18,4.4,5.09,3.42,1.67,0.0
47073,2004-10-08,0.03,95.39,7.49,13.94,8.77,8.77,21.71,6.34,15.37,13.95,2.16,2.95,1.61,1.35,4.46,5.17,2.69,2.48,
48259,2009-05-22,0.0,96.93,11.54,23.33,15.68,15.68,28.82,18.33,10.49,24.67,2.29,3.6,1.31,2.29,3.4,5.03,1.92,3.11,
16011,2003-03-30,0.03,84.68,3.85,6.3,-2.13,-2.09,16.24,-2.81,19.05,6.85,4.17,6.14,2.99,3.15,6.16,8.03,4.08,3.95,
51700,2009-06-18,12.06,100.89,15.88,24.59,21.38,21.38,29.58,20.26,9.32,24.58,3.79,4.85,2.41,2.44,6.15,7.32,4.22,3.09,
38027,2010-08-05,0.0,96.1,8.19,19.45,10.33,10.33,25.66,13.45,12.21,19.82,4.53,6.89,1.6,5.29,6.55,8.43,2.57,5.87,
26049,2016-04-06,8.15,97.84,4.26,2.36,0.85,0.86,6.1,-1.76,7.87,2.05,5.7,8.34,2.37,5.97,7.99,11.31,4.58,6.73,
12027,2016-06-09,29.37,101.23,19.1,26.07,24.5,24.5,28.49,24.03,4.46,26.1,1.73,2.83,0.32,2.51,2.75,5.26,0.56,4.7,
21079,2003-11-05,18.79,98.49,12.09,17.51,16.51,16.51,21.27,12.59,8.68,17.25,2.9,4.44,1.89,2.55,5.2,8.33,3.78,4.56,
12029,2005-06-07,0.82,101.14,17.54,27.16,23.07,23.07,30.34,23.56,6.78,27.03,1.39,2.1,0.77,1.33,1.83,2.58,1.01,1.58,0.0
23005,2008-06-23,6.25,100.58,11.87,18.16,16.7,16.7,21.52,15.42,6.09,18.08,2.24,3.26,1.32,1.94,3.91,5.32,2.14,3.18,
12051,2009-12-14,1.16,101.76,14.26,22.41,19.82,19.82,28.23,18.05,10.18,22.13,2.28,2.9,1.63,1.27,3.65,5.15,2.75,2.4,
31185,2012-04-05,0.18,95.44,5.68,12.75,4.67,4.7,19.5,7.67,11.83,13.99,4.27,6.12,2.54,3.58,6.28,8.21,4.64,3.57,
9003,2008-02-02,0.21,99.74,3.79,1.09,-0.17,-0.16,4.57,-3.14,7.7,0.95,3.58,4.88,1.86,3.02,6.79,8.79,4.36,4.43,
20091,2001-07-13,0.02,98.6,11.46,21.5,15.86,15.86,26.72,16.21,10.51,21.98,4.15,5.82,2.18,3.64,5.73,7.12,3.87,3.25,
48319,2004-04-22,0.0,94.61,13.12,23.86,17.28,17.28,31.46,18.02,13.44,24.9,5.64,6.53,5.03,1.5,7.64,8.77,6.16,2.61,
46119,2015-01-03,0.09,95.4,1.27,-12.18,-15.75,-15.13,-2.62,-19.87,17.25,-12.09,9.03,12.96,3.81,9.15,11.48,15.64,6.38,9.27,
51185,2015-05-21,4.2,93.89,8.49,12.51,10.48,10.48,16.15,7.55,8.6,12.48,2.05,3.05,0.26,2.79,4.0,5.64,0.7,4.94,
12037,2007-08-29,0.77,101.64,17.78,29.83,23.36,23.36,32.26,27.28,4.98,30.37,1.75,3.28,0.31,2.97,2.2,3.84,0.52,3.33,
26051,2016-05-01,3.25,99.01,5.38,5.94,4.69,4.69,7.95,3.73,4.22,6.19,5.08,6.25,3.59,2.66,6.91,7.85,6.08,1.77,
30071,2008-07-22,0.17,91.77,10.11,27.66,12.67,12.68,35.7,19.18,16.52,28.65,1.89,3.93,0.37,3.56,2.92,7.63,0.74,6.88,1.0
26097,2007-10-22,0.62,98.9,6.45,10.29,7.15,7.16,12.95,7.36,5.59,11.16,3.7,4.73,1.93,2.81,5.11,6.27,3.12,3.16,
48109,2016-10-07,2.27,87.43,7.76,14.49,8.02,8.02,17.95,10.68,7.26,15.25,6.15,10.54,2.24,8.3,8.04,12.67,3.75,8.92,
8111,2011-07-07,1.7,72.05,8.39,16.91,6.42,6.42,23.76,10.33,13.43,16.06,1.63,3.19,0.41,2.78,2.5,4.71,0.54,4.17,
41027,2005-07-13,0.05,93.73,8.4,14.7,10.35,10.35,20.66,10.07,10.59,14.85,2.12,2.63,1.32,1.31,3.68,4.21,2.88,1.33,
55033,2016-02-07,0.27,96.83,3.11,-1.93,-3.39,-3.37,1.4,-9.99,11.39,-2.65,7.77,10.57,5.99,4.58,10.55,12.88,9.33,3.54,
48135,2006-02-14,0.05,91.37,2.37,11.01,-7.4,-7.09,21.06,0.92,20.14,10.45,3.78,5.31,0.99,4.32,6.02,10.25,1.83,8.42,2.0
48269,2015-12-23,0.0,93.43,4.85,12.15,2.37,2.39,18.91,8.12,10.79,11.64,5.04,8.48,1.92,6.56,7.52,12.53,3.34,9.19,
51149,2016-11-10,0.0,101.22,4.88,9.08,3.54,3.55,15.18,4.71,10.47,9.05,2.79,3.67,1.41,2.26,5.42,6.87,3.06,3.81,
6031,2004-02-16,1.45,100.07,6.58,13.62,7.63,7.63,20.37,9.0,11.38,13.08,2.17,4.27,0.49,3.77,3.54,6.87,0.77,6.1,
33009,2013-01-03,0.03,97.14,0.67,-20.56,-20.87,-20.82,-13.4,-26.86,13.46,-21.25,2.38,3.11,1.36,1.75,4.11,5.36,2.98,2.38,
30055,2011-09-27,0.0,92.83,6.88,19.98,7.15,7.16,29.7,12.11,17.59,19.45,3.91,5.39,2.79,2.6,6.21,8.85,3.64,5.22,0.0
18025,2016-02-17,0.35,99.96,3.4,-0.03,-1.55,-1.54,3.21,-3.74,6.95,-1.2,1.71,2.42,0.51,1.92,2.8,5.07,0.66,4.41,
55067,2006-12-20,0.09,96.89,2.67,-2.35,-5.13,-5.09,3.08,-6.19,9.28,-2.84,4.67,6.28,2.63,3.65,7.33,9.9,5.17,4.73,
40133,2006-10-31,0.0,98.28,3.73,7.78,-0.91,-0.84,12.91,3.95,8.96,8.38,6.05,9.97,2.78,7.19,8.34,12.32,5.53,6.79,3.0
48125,2001-04-14,0.51,93.05,9.58,21.54,11.2,11.21,30.88,14.82,16.06,21.66,4.84,7.75,2.33,5.42,7.61,10.15,4.74,5.41,
6057,2010-08-11,0.0,87.76,6.01,17.05,4.39,4.4,23.89,10.48,13.41,16.93,2.5,4.15,0.48,3.67,4.22,5.91,0.79,5.12,
29199,2003-04-22,0.0,99.03,4.75,11.3,2.85,2.87,19.53,3.19,16.34,11.89,2.25,3.3,0.81,2.49,3.52,7.01,1.04,5.97,3.0
54107,2002-01-17,0.18,98.74,3.15,0.38,-2.85,-2.81,2.86,-2.47,5.33,0.34,2.51,3.19,1.18,2.0,5.04,6.41,3.1,3.31,
19127,2001-03-09,0.02,98.42,2.25,-4.29,-7.06,-7.01,1.4,-9.64,11.05,-3.67,2.91,4.34,1.1,3.24,4.09,7.03,1.58,5.44,
23015,2013-04-30,0.01,102.36,5.66,9.35,5.85,5.86,13.01,6.18,6.83,9.16,2.17,2.99,0.28,2.72,3.18,5.01,0.33,4.68,1.0
29177,2000-10-24,1.07,99.71,12.34,19.04,17.19,17.19,24.42,15.58,8.84,18.36,2.66,4.15,1.05,3.11,4.21,6.58,1.49,5.09,0.0
45065,2010-01-27,0.0,100.73,3.65,3.33,-0.55,-0.53,10.45,-2.46,12.91,2.92,1.41,2.24,0.3,1.93,2.55,4.88,0.37,4.51,
13095,2006-12-16,0.0,100.85,6.99,12.9,8.75,8.75,21.58,7.48,14.1,12.37,2.2,2.94,1.28,1.66,3.71,6.01,1.38,4.63,
5135,2015-03-17,0.03,100.17,7.37,12.86,9.08,9.09,18.86,6.51,12.35,12.82,3.13,4.74,2.15,2.59,5.9,6.78,3.28,3.5,0.0
39167,2001-11-29,1.07,98.33,9.0,13.53,12.11,12.11,19.1,9.77,9.33,13.54,1.96,2.63,1.54,1.09,4.95,6.17,3.46,2.71,
1093,2016-04-01,1.17,98.91,8.46,14.62,11.09,11.09,19.17,8.79,10.38,14.59,2.12,3.8,1.1,2.7,4.18,6.92,1.74,5.18,
28071,2016-02-16,0.47,99.79,5.73,7.25,5.54,5.55,15.19,3.08,12.11,7.12,3.56,7.1,1.03,6.07,5.86,10.91,1.71,9.2,0.0
29205,2000-05-27,7.04,97.98,12.07,20.15,16.34,16.34,22.94,14.11,8.83,20.25,4.65,6.95,1.62,5.33,6.89,8.79,2.86,5.94,
37151,2007-03-24,0.0,100.17,10.96,19.21,15.4,15.4,26.63,13.23,13.4,19.02,2.13,2.9,1.09,1.81,4.11,6.31,1.54,4.77,
51111,2012-09-07,0.07,99.93,13.11,23.99,18.11,18.11,30.88,18.8,12.08,23.85,1.24,1.89,0.68,1.22,2.52,4.43,1.09,3.34,
31067,2013-06-24,10.27,96.13,15.71,25.31,20.42,20.42,29.06,21.54,7.52,24.86,6.49,7.75,5.07,2.68,9.5,11.37,8.11,3.25,
28035,2016-07-28,1.43,100.71,16.88,27.05,22.35,22.35,32.92,22.12,10.8,27.09,1.71,2.57,1.13,1.43,3.92,4.55,2.51,2.05,
47013,2009-04-14,6.36,96.05,7.21,10.68,8.36,8.36,13.86,5.36,8.5,10.54,2.18,3.07,0.1,2.97,4.18,5.22,0.57,4.65,0.0
54009,2003-12-06,0.62,97.84,3.0,-1.59,-3.47,-3.45,1.99,-4.8,6.79,-1.71,2.39,3.23,1.93,1.3,4.56,5.88,3.89,1.99,
18001,2013-07-05,2.57,98.84,14.47,22.28,19.59,19.59,26.46,18.79,7.67,22.62,2.19,3.3,1.29,2.01,3.54,5.83,1.39,4.44,
8121,2011-07-20,0.18,85.35,11.25,28.21,13.24,13.24,35.98,20.29,15.69,30.09,3.49,4.96,1.01,3.95,4.77,6.14,1.06,5.08,
29227,2008-10-03,0.0,98.03,7.53,14.62,9.29,9.29,23.22,6.74,16.48,14.37,2.22,3.26,0.62,2.64,3.95,6.8,0.75,6.05,
51740,2010-06-08,0.04,101.8,10.06,22.41,14.19,14.19,26.05,18.55,7.5,23.26,2.79,3.63,0.37,3.26,3.65,5.68,0.44,5.24,0.0
28033,2002-10-05,0.03,100.68,9.65,17.95,13.45,13.45,23.53,13.93,9.6,18.03,3.35,5.34,2.18,3.16,5.39,6.95,3.52,3.43,
27017,2000-01-30,0.0,97.69,1.45,-11.65,-12.39,-12.39,-3.88,-17.78,13.9,-12.98,4.52,7.02,2.68,4.34,6.7,10.29,3.7,6.59,
48127,2002-11-06,0.0,100.32,5.43,13.84,4.95,4.96,22.51,6.21,16.3,13.49,2.3,3.69,0.66,3.04,4.0,7.75,0.66,7.1,
45027,2006-03-16,0.0,101.47,5.56,11.79,5.45,5.46,19.53,5.54,13.98,11.83,2.61,3.76,0.89,2.87,4.6,8.01,1.11,6.9,
39153,2016-02-04,0.83,98.73,3.09,-0.52,-3.01,-2.98,1.59,-3.01,4.6,-0.31,4.85,6.46,3.93,2.53,6.52,9.26,5.01,4.25,
47187,2003-05-07,37.44,98.46,16.14,22.01,21.27,21.27,24.69,20.12,4.57,21.72,3.5,5.63,0.65,4.98,6.12,8.16,1.46,6.71,
37055,2002-11-30,0.0,100.46,6.66,12.93,7.84,7.84,15.48,10.35,5.13,15.07,10.42,11.63,9.4,2.23,12.63,14.22,11.34,2.87,
44003,2000-04-18,9.19,100.9,4.53,4.37,2.47,2.48,6.65,2.34,4.31,4.55,4.37,5.13,3.09,2.04,6.91,8.09,4.84,3.25,0.0
18169,2000-05-14,0.12,99.09,4.54,11.16,2.26,2.29,18.17,4.24,13.93,11.77,5.49,8.52,2.49,6.03,8.08,10.74,4.17,6.57,
51107,2010-06-05,2.24,98.57,15.89,24.16,21.05,21.05,28.41,20.44,7.97,24.04,2.66,4.05,1.87,2.19,5.0,6.22,3.42,2.79,
41065,2008-07-01,0.26,92.86,11.05,20.42,14.33,14.33,28.22,13.77,14.44,21.12,2.32,3.18,1.89,1.3,3.58,4.71,2.38,2.33,0.2686
54011,2001-09-21,0.05,98.15,8.4,19.8,11.06,11.06,28.49,11.67,16.82,19.26,1.62,2.12,1.08,1.04,3.6,5.7,1.57,4.14,
13295,2003-03-05,22.67,97.42,9.06,13.02,12.05,12.05,17.24,9.8,7.44,12.95,2.08,2.72,1.38,1.34,4.28,5.58,3.09,2.49,
4007,2015-12-02,0.0,86.36,1.84,4.82,-11.15,-10.63,15.98,-1.88,17.85,4.16,3.41,5.27,1.03,4.24,5.76,8.8,2.02,6.78,
13295,2012-11-22,0.0,98.61,5.78,11.45,5.58,5.58,19.5,4.34,15.16,9.96,1.72,2.25,1.04,1.21,3.0,4.79,1.77,3.02,
20185,2001-08-12,0.15,95.3,9.2,27.09,11.95,11.96,36.0,17.7,18.3,28.6,3.15,5.29,1.09,4.2,4.93,8.19,1.27,6.92,
13095,2003-07-28,4.28,100.47,17.67,26.29,23.08,23.08,30.8,21.77,9.04,26.37,2.7,3.26,2.16,1.09,4.59,5.95,2.97,2.98,
24005,2006-09-20,0.02,99.86,7.51,16.07,9.58,9.58,20.35,11.21,9.14,16.67,4.94,6.81,3.4,3.41,7.6,8.6,6.69,1.91,
37161,2010-08-17,7.06,97.86,17.56,25.08,22.52,22.52,27.75,22.79,4.96,25.01,1.05,1.81,0.36,1.45,1.72,2.77,0.57,2.2,0.0233
29179,2004-05-02,2.84,98.81,5.59,10.57,5.09,5.1,17.8,6.41,11.39,10.62,1.91,2.38,1.34,1.04,3.45,4.27,2.4,1.87,
1089,2002-05-15,0.0,99.26,7.76,16.24,9.98,9.98,23.39,8.16,15.23,15.98,2.35,2.88,1.74,1.14,4.05,6.83,2.41,4.42,
5099,2015-10-15,0.0,100.6,4.61,24.86,2.69,2.75,36.44,15.12,21.33,24.78,2.09,3.03,0.66,2.37,5.01,6.33,0.93,5.41,
18145,2002-06-22,0.0,99.23,14.54,25.28,19.69,19.69,30.76,19.64,11.12,24.98,2.27,3.27,1.54,1.73,3.82,7.57,1.64,5.93,
5135,2000-04-12,0.01,100.95,4.36,8.84,1.89,1.92,14.59,4.3,10.29,8.97,3.15,4.75,1.78,2.97,5.59,7.28,4.39,2.89,
54029,2012-01-27,6.42,96.64,4.29,1.3,0.82,0.82,7.38,-2.89,10.26,1.15,3.45,5.04,1.88,3.15,6.27,8.08,3.43,4.65,
13047,2003-09-17,0.0,98.37,9.83,21.01,13.45,13.45,29.55,15.04,14.5,21.05,1.66,2.06,1.21,0.85,3.63,5.01,1.96,3.05,
55043,2008-09-11,9.25,98.23,12.21,18.35,16.36,16.36,24.25,11.97,12.27,18.19,5.84,8.3,4.12,4.18,8.55,10.61,7.06,3.55,
49037,2001-08-18,0.11,82.41,5.7,24.76,2.78,2.81,33.19,14.99,18.2,25.39,2.69,4.42,1.36,3.06,3.74,5.55,2.08,3.47,
5047,2006-06-27,0.0,97.47,8.11,23.06,10.29,10.3,30.91,13.34,17.57,22.42,1.69,2.27,0.18,2.09,3.18,4.3,0.22,4.08,1.0
26101,2000-09-05,0.0,100.73,7.27,16.61,9.24,9.24,18.54,14.56,3.98,19.46,5.34,8.22,3.86,4.35,5.93,9.28,4.32,4.96,0.0
13109,2012-08-21,3.36,101.02,16.23,24.34,21.8,21.8,27.36,21.48,5.88,24.49,0.94,2.24,0.1,2.15,1.44,2.91,0.18,2.72,0.0
46107,2009-02-27,1.52,96.28,0.63,-18.9,-20.79,-20.37,-16.71,-21.98,5.27,-18.19,3.47,5.99,1.51,4.48,4.39,7.21,1.9,5.31,
40057,2010-08-22,0.1,95.41,13.11,31.72,17.37,17.37,39.39,24.44,14.95,33.52,2.48,3.64,1.28,2.35,3.86,6.15,1.3,4.85,
18063,2016-03-21,0.0,99.38,3.68,3.99,-0.64,-0.61,10.28,-2.45,12.73,4.48,4.18,6.0,2.53,3.47,6.53,8.45,3.94,4.51,
35003,2006-09-28,0.0,78.05,4.08,13.82,-2.69,-2.6,23.55,6.09,17.46,14.05,3.13,4.1,2.21,1.89,4.97,7.37,2.66,4.71,
27129,2004-04-26,0.0,98.06,2.92,6.91,-3.89,-3.75,12.64,1.31,11.33,7.93,7.55,11.24,3.21,8.03,10.29,13.28,6.5,6.79,
28153,2001-02-19,0.01,101.51,5.66,8.58,5.14,5.14,17.76,-0.64,18.4,8.6,1.48,1.92,0.56,1.36,3.82,5.97,0.8,5.18,
21227,2013-12-31,0.0,100.22,2.64,-1.62,-4.78,-4.74,3.76,-5.14,8.9,-1.81,2.42,3.45,0.54,2.91,4.2,6.64,0.68,5.96,0.0
47145,2008-03-18,0.13,97.08,8.38,13.32,10.63,10.63,17.07,8.59,8.48,13.35,4.14,5.0,2.9,2.11,7.83,9.86,5.72,4.14,3.0254
47135,2001-08-26,12.72,99.23,13.05,27.03,17.86,17.86,35.05,20.5,14.54,27.09,1.72,2.65,1.16,1.49,3.72,4.66,2.78,1.88,
21143,2001-03-15,11.51,98.71,6.95,10.6,8.33,8.33,14.33,7.49,6.84,10.85,4.54,7.02,2.04,4.98,6.7,9.84,4.17,5.67,
38065,2009-01-20,0.02,94.54,2.3,-6.35,-7.35,-7.33,-2.1,-9.72,7.62,-7.32,5.9,7.97,3.72,4.25,9.13,10.79,6.84,3.94,0.9272
1081,2015-04-19,23.97,98.62,14.68,20.56,19.78,19.78,23.12,17.89,5.23,20.55,2.85,3.67,1.59,2.08,5.94,7.01,4.63,2.37,
12086,2004-12-01,0.07,101.86,12.56,24.27,17.82,17.82,25.57,23.23,2.34,25.06,1.9,3.73,1.23,2.5,2.09,4.27,1.31,2.96,
36001,2007-02-08,0.48,98.2,1.49,-10.22,-11.76,-11.68,-8.04,-12.5,4.46,-10.31,4.08,5.56,3.16,2.4,7.43,9.2,6.35,2.85,
29137,2012-04-26,0.0,98.51,9.48,18.49,12.85,12.85,24.67,12.92,11.74,18.65,4.49,5.54,2.95,2.58,7.0,9.65,4.57,5.08,
18099,2007-05-23,0.0,99.41,11.5,21.59,15.93,15.93,28.29,14.04,14.25,20.98,4.68,6.33,3.39,2.94,7.9,9.83,5.39,4.44,
41013,2014-04-20,0.05,87.48,3.74,8.38,-2.37,-2.27,18.37,-0.45,18.82,9.19,2.65,3.99,1.03,2.96,3.66,4.78,1.63,3.14,
19061,2002-04-13,0.04,98.85,6.74,11.37,7.87,7.87,18.56,4.16,14.4,11.9,2.41,3.89,1.23,2.67,3.98,8.26,1.36,6.9,
12027,2012-05-25,2.21,101.28,14.87,28.42,20.4,20.4,35.24,21.81,13.43,30.23,2.65,4.15,1.5,2.65,3.78,5.75,2.43,3.32,
20171,2010-01-12,0.0,92.15,2.95,2.09,-4.55,-4.47,11.2,-2.41,13.61,1.4,5.65,8.0,3.02,4.98,8.93,12.58,5.96,6.62,0.0
37097,2004-09-24,0.0,98.91,11.38,19.44,15.75,15.75,26.05,14.14,11.91,19.35,3.26,4.61,2.57,2.05,5.62,7.21,3.4,3.81,
27135,2002-11-14,0.16,97.73,1.27,-11.31,-13.45,-13.32,-6.47,-14.47,8.0,-11.7,2.49,3.44,1.64,1.8,3.39,4.63,2.57,2.06,
51013,2006-03-28,0.59,101.13,5.2,9.4,4.24,4.25,15.77,3.48,12.29,9.09,1.49,2.4,0.68,1.72,2.51,5.24,0.67,4.57,1.0
27003,2001-02-12,1.0,98.8,1.83,-8.33,-9.51,-9.47,-2.56,-12.87,10.31,-8.9,3.41,5.53,2.04,3.49,5.15,8.12,3.5,4.62,
19019,2005-04-10,0.29,97.75,10.1,18.11,13.73,13.73,24.56,10.96,13.6,18.31,5.95,7.27,3.96,3.31,8.66,10.95,6.63,4.32,
36089,2009-03-03,0.01,98.69,0.92,-14.12,-16.83,-16.52,-8.56,-18.43,9.87,-14.05,3.46,4.49,1.88,2.61,5.71,6.41,3.87,2.55,0.0
29183,2004-01-03,10.43,99.03,5.78,6.93,4.88,4.89,12.34,1.47,10.87,6.83,4.39,6.15,2.29,3.86,6.22,8.24,3.52,4.71,
21237,2005-08-04,0.04,98.06,10.41,29.08,14.22,14.22,37.51,19.34,18.18,28.24,0.99,1.92,0.12,1.8,1.86,3.99,0.11,3.88,
39151,2006-08-04,0.63,97.75,12.32,23.22,16.7,16.7,28.57,18.57,10.0,23.17,2.21,2.97,1.6,1.37,4.1,4.83,3.11,1.71,
29015,2006-11-04,1.56,99.08,4.39,7.91,1.77,1.79,11.89,4.83,7.06,7.84,3.69,5.06,2.73,2.33,6.42,7.3,5.35,1.95,
23011,2013-01-21,0.03,100.41,1.36,-8.69,-12.64,-12.37,-5.8,-12.08,6.27,-7.86,2.94,4.84,1.34,3.51,4.75,7.82,2.39,5.44,
47173,2012-03-21,0.05,97.17,11.38,19.14,15.53,15.53,25.11,14.32,10.79,19.03,2.11,2.56,1.71,0.85,4.42,6.81,2.64,4.18,
49017,2010-05-31,0.0,81.59,3.13,18.06,-5.35,-5.15,27.48,8.0,19.48,18.97,4.05,7.64,0.52,7.12,5.74,9.19,0.58,8.61,
47083,2007-02-02,1.03,99.36,2.67,-2.02,-4.78,-4.73,1.19,-6.61,7.8,-1.88,3.08,4.91,1.85,3.06,4.97,7.03,2.95,4.08,
13031,2008-12-06,0.0,101.26,5.6,7.04,5.45,5.46,11.2,3.41,7.79,7.09,1.77,3.09,0.5,2.59,3.45,6.33,0.64,5.69,
37159,2009-07-03,0.02,98.45,10.73,21.84,14.82,14.83,27.64,15.92,11.72,22.72,3.1,3.89,2.45,1.44,5.05,6.74,3.66,3.08,
33003,2015-05-12,2.85,97.03,8.77,14.27,11.15,11.15,22.35,7.77,14.58,14.52,2.63,5.23,0.98,4.24,4.98,9.95,1.6,8.35,1.0
22003,2000-07-21,1.03,100.92,16.02,30.81,21.4,21.4,38.16,25.53,12.64,31.33,2.16,3.24,1.06,2.18,3.62,6.06,1.05,5.01,
13279,2011-02-13,0.0,101.86,4.45,6.5,2.31,2.32,15.58,-1.34,16.92,6.43,3.19,4.0,2.07,1.93,5.59,8.09,2.37,5.72,
27073,2016-07-07,10.37,96.03,13.11,22.26,17.39,17.39,28.1,17.83,10.27,22.52,3.55,5.98,1.66,4.32,5.44,9.03,2.08,6.95,
34021,2010-01-07,0.08,100.47,2.77,-1.91,-4.2,-4.17,2.62,-5.16,7.77,-1.86,3.53,4.82,1.95,2.87,6.06,7.96,3.14,4.82,
21153,2016-07-14,2.52,97.77,16.7,25.41,21.72,21.72,30.28,21.73,8.56,25.42,1.92,2.68,1.34,1.34,4.11,5.03,3.15,1.89,
31171,2010-08-21,0.0,90.75,10.78,26.52,13.55,13.55,35.13,18.46,16.67,26.63,5.63,6.93,3.33,3.6,8.54,10.6,6.45,4.15,
55099,2012-10-04,0.01,95.75,5.05,8.31,2.65,2.68,12.07,2.25,9.82,8.5,7.15,10.1,3.08,7.03,10.44,13.38,6.5,6.88,
21043,2005-02-20,4.82,98.65,4.8,3.69,2.54,2.55,7.27,-1.37,8.63,3.67,3.53,5.33,1.75,3.58,6.56,9.83,3.54,6.29,
37173,2000-11-17,2.49,93.48,3.83,2.28,-1.61,-1.56,5.47,-4.1,9.57,2.33,2.34,3.54,1.45,2.09,4.27,5.64,3.0,2.64,
47159,2011-09-23,6.28,98.26,8.91,15.5,11.78,11.78,18.89,10.78,8.11,14.97,1.96,2.77,0.96,1.82,3.06,4.08,1.46,2.62,
36045,2006-09-06,2.95,99.95,10.45,18.04,14.66,14.66,20.7,15.6,5.09,18.2,1.66,2.85,0.9,1.95,2.39,4.66,1.18,3.48,
40003,2003-01-18,0.03,97.52,2.32,0.27,-6.7,-6.57,5.75,-3.16,8.9,-0.56,4.4,6.09,0.62,5.47,6.34,8.34,0.82,7.52,
48069,2012-07-02,0.0,88.52,10.73,27.94,13.2,13.2,34.83,20.89,13.93,30.12,6.26,7.72,4.16,3.55,8.07,9.64,6.65,2.99,
4019,2009-05-02,0.03,93.36,5.62,23.54,4.33,4.36,30.62,17.37,13.25,25.13,5.15,8.81,2.03,6.78,7.04,10.0,3.55,6.45,
4019,2015-05-30,0.0,93.25,4.21,29.73,0.4,0.45,39.05,19.89,19.16,32.77,1.87,2.71,0.39,2.31,2.76,5.33,0.45,4.88,
27005,2008-08-19,0.01,96.66,10.51,23.2,14.15,14.15,30.89,14.82,16.07,24.09,4.5,5.88,3.04,2.84,6.52,8.87,3.63,5.25,0.3273
13101,2004-12-09,2.23,101.02,13.73,20.27,19.07,19.07,24.88,16.39,8.49,20.16,2.92,4.34,1.86,2.48,5.66,6.83,4.52,2.3,
53045,2011-04-14,15.75,98.22,4.73,3.41,2.69,2.69,5.57,1.11,4.46,3.53,2.34,3.77,1.09,2.67,4.16,6.37,1.84,4.53,
45033,2014-07-08,0.09,101.19,15.21,29.78,20.57,20.56,36.34,23.93,12.41,30.63,5.31,6.22,4.08,2.14,7.55,9.85,6.03,3.82,0.0
29101,2015-10-10,0.01,99.09,6.47,13.56,7.32,7.32,21.54,5.81,15.73,13.72,2.58,4.07,0.78,3.29,4.24,8.52,1.08,7.44,
18163,2006-08-31,0.48,99.86,13.4,22.6,18.54,18.54,27.38,18.87,8.5,23.37,4.24,5.92,2.85,3.07,6.02,7.13,5.17,1.96,
17157,2012-04-11,0.0,100.56,3.79,7.28,-0.06,-0.01,13.55,-0.02,13.57,7.58,3.09,4.45,1.86,2.59,4.57,7.42,2.81,4.62,
37185,2004-02-16,0.15,101.86,2.17,-2.75,-7.0,-6.9,2.57,-6.28,8.85,-2.73,3.63,5.03,2.01,3.02,5.93,7.76,4.08,3.68,
48123,2011-07-27,0.0,99.98,15.09,31.69,20.14,20.14,39.21,25.89,13.32,33.67,5.01,6.82,3.41,3.41,6.27,8.22,4.86,3.36,
47043,2006-05-01,4.66,99.63,9.28,16.11,12.41,12.41,23.45,8.89,14.56,16.28,3.12,4.35,1.62,2.73,5.44,6.59,3.73,2.86,
40145,2009-04-24,0.0,98.7,12.56,21.74,17.32,17.32,26.73,17.7,9.03,21.67,8.5,10.06,6.75,3.32,11.79,13.14,9.96,3.18,
1119,2015-06-23,0.85,101.05,18.01,28.81,23.45,23.45,34.51,24.09,10.42,28.8,1.51,1.84,1.26,0.58,3.45,4.98,2.07,2.91,0.1012
35023,2015-05-03,0.0,84.99,6.2,20.65,4.42,4.44,28.35,12.19,16.16,23.08,3.89,5.05,2.38,2.67,5.95,8.61,2.55,6.06,
51175,2000-06-03,2.37,101.21,12.3,22.44,17.28,17.28,27.86,15.68,12.18,22.44,2.76,4.58,1.49,3.09,4.93,6.84,3.58,3.25,
40089,2002-01-23,18.68,98.24,12.29,17.52,16.75,16.75,21.98,11.39,10.59,17.38,2.92,3.82,1.37,2.44,5.8,6.74,3.21,3.54,
8015,2009-04-21,0.0,70.34,3.4,4.71,-6.06,-6.0,13.58,-1.86,15.44,5.05,3.76,6.72,1.94,4.78,5.03,7.8,2.84,4.96,0.2132
27173,2006-03-28,0.0,97.84,4.05,4.6,0.55,0.56,12.37,-1.09,13.46,5.12,3.71,5.87,0.29,5.58,5.21,9.76,0.4,9.36,0.0
48305,2012-09-05,3.2,90.85,11.38,31.57,14.42,14.42,39.77,24.58,15.19,33.09,3.77,5.47,1.43,4.04,5.44,7.74,2.36,5.38,
31145,2014-08-05,2.28,92.45,11.99,27.9,15.35,15.35,33.99,22.68,11.31,28.22,4.81,7.6,1.67,5.94,7.15,9.46,3.47,5.99,1.9553
49053,2010-01-24,0.0,82.73,1.98,-7.71,-11.03,-10.96,-0.05,-15.23,15.18,-11.51,2.17,2.82,1.41,1.41,3.13,4.6,2.02,2.58,
55085,2010-01-27,0.22,95.38,0.67,-19.75,-20.18,-20.1,-17.68,-21.12,3.44,-19.93,5.45,6.59,4.31,2.28,7.74,10.06,6.21,3.85,
8055,2012-01-26,0.1,79.43,2.72,2.95,-7.4,-7.27,10.97,-3.32,14.29,2.38,4.22,6.92,1.52,5.41,6.75,10.02,1.66,8.35,
36111,2004-12-11,1.6,95.54,4.95,2.99,2.95,2.95,5.3,1.17,4.13,2.79,1.52,2.21,0.09,2.13,3.21,4.36,0.28,4.08,
39045,2005-01-22,4.14,97.46,2.16,-6.27,-8.01,-7.94,-1.27,-10.58,9.31,-6.16,6.68,8.88,3.15,5.73,9.11,12.28,4.95,7.33,
48437,2001-03-12,1.79,89.01,4.01,8.23,-0.92,-0.88,17.36,0.77,16.59,9.02,4.12,6.45,2.23,4.22,6.35,10.53,2.98,7.55,
19043,2009-03-30,0.78,97.69,3.28,3.3,-2.53,-2.48,9.19,-2.41,11.6,3.44,6.97,10.28,1.82,8.46,9.19,12.73,2.74,9.99,
55125,2005-08-19,2.11,95.82,12.4,20.51,16.64,16.64,26.97,15.4,11.57,20.77,2.33,3.6,0.39,3.2,4.07,5.94,0.72,5.22,
27093,2013-02-02,0.93,97.65,0.89,-16.44,-17.7,-17.55,-11.85,-22.98,11.13,-16.25,3.39,7.79,0.65,7.13,4.61,10.51,0.73,9.78,
5101,2014-05-14,10.16,97.9,5.98,9.06,5.96,5.96,12.08,5.07,7.0,9.2,2.65,3.91,1.15,2.75,5.1,6.97,3.21,3.76,
6003,2015-10-17,10.23,80.55,7.72,10.55,6.83,6.83,15.58,7.0,8.58,10.28,2.27,3.9,0.98,2.92,3.27,5.14,1.69,3.45,
31155,2002-03-29,0.24,96.38,3.28,8.16,-2.91,-2.75,15.35,1.64,13.71,8.63,5.7,8.22,3.15,5.08,8.42,10.12,5.72,4.4,
42103,2004-12-20,0.05,97.02,0.77,-14.96,-18.59,-18.05,-13.23,-16.77,3.54,-14.97,4.78,6.01,1.66,4.35,7.94,9.73,2.9,6.83,
37045,2012-01-26,1.02,97.61,8.77,12.16,11.12,11.12,17.06,6.39,10.68,11.89,3.2,6.07,1.74,4.33,5.75,10.14,3.38,6.76,
9013,2000-07-15,24.42,99.61,12.94,19.4,17.94,17.94,21.87,17.95,3.92,19.38,3.29,4.5,2.07,2.44,6.39,8.56,4.64,3.92,
32009,2016-03-03,0.0,82.05,3.12,11.12,-5.46,-5.28,19.28,6.03,13.25,9.75,1.81,3.3,0.18,3.12,2.34,3.77,0.18,3.59,
40075,2006-05-03,5.32,96.35,14.12,22.04,18.79,18.79,25.87,18.6,7.27,22.14,4.27,6.78,1.6,5.18,6.05,9.28,2.97,6.32,
48409,2012-01-05,0.01,101.6,9.8,16.81,13.88,13.88,22.84,12.06,10.77,16.43,2.55,4.41,0.42,3.99,3.99,5.83,0.65,5.18,
19173,2009-11-01,0.0,97.55,6.58,10.78,7.11,7.11,19.0,4.68,14.33,10.39,4.8,6.93,2.6,4.33,7.44,10.32,4.9,5.42,
28015,2007-03-11,0.0,101.08,9.54,17.42,13.4,13.4,24.83,11.22,13.61,17.34,1.61,2.22,1.04,1.18,3.51,5.97,1.39,4.58,
27099,2003-10-13,1.5,96.88,5.54,10.48,4.75,4.76,14.27,7.77,6.5,10.24,3.74,6.82,1.85,4.97,5.92,10.12,2.84,7.28,
27037,2014-06-11,2.2,97.46,10.27,19.96,13.92,13.93,25.73,12.49,13.24,19.9,2.83,5.53,1.46,4.07,4.54,9.73,2.25,7.48,
46129,2002-12-19,0.29,93.91,2.61,0.39,-5.81,-5.71,2.78,-0.78,3.56,-0.24,11.65,13.18,9.82,3.36,15.23,17.06,13.08,3.97,
48327,2014-06-26,0.44,94.31,15.11,25.65,19.51,19.51,31.48,21.22,10.25,26.82,5.28,6.64,3.67,2.97,7.1,8.63,5.89,2.73,
8025,2008-05-03,0.0,85.82,2.07,7.9,-9.52,-9.16,16.97,-2.1,19.07,10.96,3.26,5.59,0.37,5.22,4.76,8.81,0.41,8.4,
50015,2011-04-09,0.18,98.63,4.19,5.62,0.99,1.0,12.01,-1.4,13.41,4.9,1.95,2.58,1.05,1.53,3.62,5.45,1.71,3.74,
26015,2015-01-15,0.0,98.55,2.35,-6.06,-7.02,-7.0,-1.36,-12.85,11.49,-6.24,6.86,9.16,4.89,4.27,9.19,12.08,6.54,5.54,
19085,2005-09-11,0.06,97.16,11.66,26.7,15.82,15.82,32.78,20.89,11.89,27.16,7.61,9.36,5.78,3.58,10.27,12.44,7.35,5.09,
29019,2005-01-13,12.07,98.83,2.68,-3.44,-5.43,-5.38,2.17,-12.58,14.75,-3.26,5.94,7.37,4.93,2.44,8.01,9.41,6.61,2.8,
17075,2014-06-24,10.91,98.63,15.77,23.51,20.93,20.93,27.05,20.95,6.1,23.1,2.63,4.18,1.46,2.72,4.04,5.28,2.78,2.5,0.0
20039,2009-06-17,0.16,91.93,14.36,25.63,18.11,18.11,32.76,18.12,14.64,25.82,4.01,6.74,1.91,4.82,6.09,11.01,3.59,7.42,
8014,2014-04-26,0.2,75.71,4.69,9.95,-1.08,-1.05,17.29,3.52,13.77,10.22,4.84,7.54,1.91,5.63,7.26,9.59,3.63,5.97,
48449,2008-08-13,0.0,99.73,15.74,26.77,21.08,21.08,32.23,20.92,11.3,27.3,1.59,2.26,1.16,1.11,2.59,3.86,1.9,1.96,
37163,2006-09-30,0.0,101.55,8.55,17.02,11.7,11.71,24.3,9.84,14.46,16.75,2.19,2.73,1.84,0.89,3.98,6.85,2.41,4.44,
47009,2005-01-10,0.0,95.49,6.17,8.6,6.09,6.09,13.7,4.0,9.7,7.74,1.62,2.6,0.35,2.25,3.11,6.37,0.46,5.92,
18025,2013-04-30,0.0,99.16,9.8,17.6,13.43,13.43,26.13,9.3,16.84,17.61,2.03,2.54,1.48,1.06,4.29,6.96,1.91,5.06,0.0
13011,2004-11-07,0.0,98.32,7.9,12.62,9.8,9.8,21.22,5.08,16.15,12.74,1.7,2.11,0.74,1.38,4.29,6.39,1.05,5.34,
29007,2006-08-16,0.0,99.22,9.25,24.9,12.62,12.62,32.58,17.16,15.42,25.67,2.76,3.88,2.01,1.87,4.46,7.13,2.51,4.62,
18025,2016-02-12,0.14,99.93,2.24,-3.57,-6.95,-6.87,0.02,-7.88,7.91,-3.49,3.46,5.92,0.2,5.72,5.49,9.42,0.2,9.22,
37003,2007-06-02,1.7,97.22,10.77,20.81,14.69,14.69,25.41,16.88,8.53,21.1,2.07,3.23,1.32,1.91,3.58,6.0,1.62,4.37,
4007,2005-05-05,0.0,85.7,5.64,18.0,3.11,3.14,26.44,10.31,16.13,17.98,4.54,8.07,2.06,6.01,6.76,10.3,3.03,7.28,
34019,2003-11-24,4.98,99.51,6.55,8.61,7.41,7.41,14.03,4.91,9.12,8.49,2.47,4.46,1.33,3.13,4.38,7.54,2.13,5.41,
51093,2010-02-14,0.0,101.0,2.81,-1.13,-3.97,-3.93,3.98,-5.26,9.24,-1.03,4.18,6.01,2.85,3.16,6.44,7.82,5.47,2.35,
20145,2009-03-08,0.0,93.71,3.52,8.49,-2.12,-2.02,17.68,-0.52,18.21,9.06,6.04,8.6,2.71,5.89,8.35,12.74,3.66,9.09,
13061,2010-11-04,4.57,99.42,6.71,14.06,7.11,7.13,19.87,7.94,11.93,14.32,3.56,5.48,0.64,4.83,5.87,7.67,1.57,6.1,
37001,2012-10-02,4.81,99.01,16.82,23.62,21.99,21.99,28.28,19.21,9.07,23.58,2.72,3.7,1.86,1.84,5.26,6.27,3.87,2.4,0.0
16017,2009-08-18,0.0,90.16,7.92,20.42,8.89,8.89,28.77,12.27,16.5,19.56,2.08,3.05,1.29,1.76,3.77,5.63,2.12,3.51,0.0
37153,2000-06-24,0.25,100.27,12.77,27.63,17.79,17.79,34.36,22.01,12.35,28.13,2.15,3.16,1.47,1.68,3.99,6.23,2.03,4.19,
46033,2016-06-26,0.01,89.53,5.35,23.26,2.94,2.98,32.41,13.38,19.02,24.98,2.3,4.36,0.97,3.39,3.55,8.64,0.65,7.99,
36047,2013-06-23,0.73,101.54,14.51,22.39,20.04,20.04,25.73,18.96,6.77,22.29,4.17,5.71,3.14,2.57,6.24,7.99,4.5,3.49,
17181,2008-11-21,0.0,101.95,1.72,-3.23,-9.74,-9.46,1.71,-6.36,8.07,-3.13,3.23,5.18,1.65,3.52,4.92,8.11,2.67,5.44,
48249,2015-06-02,0.01,100.4,16.03,25.44,21.5,21.5,30.73,19.99,10.74,25.93,2.97,4.17,2.0,2.17,4.65,7.81,2.85,4.96,0.0
19105,2007-08-11,1.54,98.35,16.34,25.26,21.4,21.39,30.55,20.23,10.32,25.09,4.45,7.15,2.42,4.73,6.87,8.89,5.19,3.7,
17129,2009-03-02,0.0,101.05,1.6,-6.37,-10.64,-10.45,-0.97,-11.08,10.1,-5.05,4.37,5.6,3.08,2.52,5.72,6.52,5.06,1.46,
1011,2013-03-04,0.0,100.4,4.56,6.62,1.86,1.89,14.5,-1.27,15.77,5.99,1.87,2.74,0.59,2.15,3.66,6.25,0.8,5.45,
21203,2006-02-23,0.06,97.88,3.95,4.05,0.18,0.2,10.33,-0.49,10.81,4.11,2.74,4.2,1.45,2.75,5.11,7.9,2.03,5.86,
20201,2016-05-28,1.62,96.04,10.49,18.62,14.09,14.09,23.41,13.14,10.27,18.82,4.22,8.06,2.0,6.06,5.66,9.85,3.03,6.82,
48243,2007-05-24,1.01,86.4,10.15,22.08,11.46,11.47,30.01,15.11,14.9,25.03,5.01,8.35,0.56,7.79,6.19,10.95,1.06,9.89,
16039,2013-07-16,2.15,85.51,9.92,27.49,11.32,11.32,35.19,19.78,15.41,28.93,3.82,5.92,1.11,4.81,5.6,7.86,2.14,5.72,2.375
6067,2007-10-26,0.0,99.88,6.59,15.82,7.67,7.68,24.26,8.99,15.27,16.03,1.77,2.64,0.92,1.72,2.68,4.4,1.31,3.09,
37113,2011-09-26,7.17,92.63,13.5,20.55,17.43,17.43,25.83,17.25,8.58,20.57,2.62,3.65,1.43,2.22,5.46,6.48,3.88,2.6,
23003,2000-01-08,0.41,98.07,1.45,-10.99,-12.21,-12.14,-6.3,-14.41,8.12,-11.38,2.66,3.64,1.42,2.23,4.91,6.78,2.3,4.48,
5021,2003-07-18,11.42,100.61,16.06,27.29,21.48,21.48,33.06,21.5,11.56,27.25,1.95,2.97,0.26,2.71,3.21,5.04,0.39,4.64,
54069,2013-09-05,0.0,98.04,7.87,18.94,9.82,9.83,26.27,11.48,14.79,18.93,1.94,2.89,1.26,1.63,4.46,5.35,2.64,2.7,
40053,2000-09-02,0.0,96.91,9.14,33.42,12.12,12.12,42.84,24.83,18.01,34.1,4.28,4.86,3.42,1.44,7.15,9.87,4.87,5.0,
29225,2015-08-01,0.17,97.4,14.3,25.51,19.08,19.08,31.75,18.57,13.18,24.79,1.48,2.12,0.47,1.65,2.57,4.94,0.66,4.28,
31097,2004-06-05,5.78,96.89,11.62,18.56,15.78,15.78,21.57,15.41,6.15,18.59,4.87,7.54,2.07,5.46,7.16,9.51,4.23,5.28,
5049,2010-05-02,4.1,97.93,10.9,18.17,14.89,14.89,22.5,13.54,8.97,18.18,2.0,4.22,1.36,2.86,4.15,7.73,2.12,5.61,
42047,2015-08-17,0.02,95.76,10.96,23.75,14.7,14.7,31.11,15.42,15.69,22.97,1.52,2.08,0.74,1.34,2.82,4.02,1.12,2.9,
24011,2002-11-09,0.0,101.64,7.48,12.02,9.77,9.77,17.23,7.36,9.87,11.62,5.68,7.11,3.84,3.27,8.84,10.84,7.11,3.73,
51155,2012-07-24,9.18,93.66,15.66,23.72,19.99,19.99,29.64,20.49,9.15,23.72,2.53,3.72,1.77,1.95,5.19,7.34,4.05,3.29,1.0
21033,2008-12-31,0.0,100.97,2.14,-2.54,-7.32,-7.19,2.1,-5.98,8.08,-2.35,5.61,10.39,2.47,7.92,8.11,14.49,4.89,9.61,
21165,2015-09-27,0.46,98.3,11.24,20.88,15.53,15.53,28.19,14.84,13.35,21.08,2.1,2.73,1.45,1.27,4.18,5.34,3.44,1.9,
6031,2015-05-16,0.07,99.29,5.83,18.06,5.73,5.76,26.81,9.07,17.74,20.38,2.49,3.65,1.71,1.94,3.49,6.41,2.24,4.18,
31159,2015-08-14,0.0,96.55,12.87,24.75,17.35,17.35,31.05,19.1,11.95,25.22,3.78,4.49,2.71,1.77,5.97,7.43,4.65,2.78,
42063,2005-04-05,0.0,96.7,6.17,10.31,4.91,4.93,20.26,0.27,19.99,8.95,1.74,2.52,0.15,2.37,4.01,6.82,0.19,6.63,0.0
45053,2008-04-26,2.45,101.64,11.56,22.0,16.49,16.49,28.08,17.24,10.84,22.27,2.04,2.61,1.55,1.05,3.94,5.39,2.22,3.17,
20135,2014-12-20,0.02,93.43,4.01,2.59,-0.25,-0.23,10.88,-1.94,12.83,2.59,4.18,5.61,2.97,2.64,6.48,8.48,3.62,4.85,
27163,2003-04-10,0.0,97.96,4.37,9.26,1.12,1.15,20.45,-0.49,20.94,9.04,5.75,8.62,3.15,5.47,8.68,10.65,6.22,4.43,
47005,2011-07-02,0.01,100.0,14.92,27.39,20.23,20.23,33.23,19.93,13.3,26.77,1.24,2.0,0.4,1.6,1.92,3.49,0.43,3.06,
21021,2004-12-14,0.06,99.76,2.35,-3.68,-6.25,-6.2,-1.57,-5.31,3.74,-3.5,3.73,5.03,1.8,3.23,5.39,6.63,3.29,3.34,0.0
40101,2001-10-12,13.25,98.23,9.24,15.71,12.43,12.43,22.7,9.5,13.21,15.41,2.7,3.91,1.25,2.66,4.45,6.06,1.82,4.24,
13091,2010-12-05,0.0,100.72,3.39,6.15,-1.86,-1.78,11.98,-0.63,12.61,6.29,4.84,6.56,2.82,3.74,7.57,9.35,5.84,3.51,
37187,2015-10-26,0.05,102.5,8.17,14.62,11.24,11.25,17.4,12.51,4.88,14.88,5.01,6.56,3.84,2.72,7.39,8.64,6.73,1.9,
46103,2014-01-23,0.0,92.66,1.01,-9.59,-16.81,-16.15,-0.81,-17.83,17.03,-9.65,3.6,7.26,1.78,5.49,5.66,11.97,2.8,9.17,
27133,2002-03-22,0.0,96.96,1.27,-6.74,-13.92,-13.43,1.66,-14.88,16.54,-6.12,5.35,7.82,2.26,5.57,6.9,9.0,3.57,5.42,
31019,2011-08-10,7.95,93.5,11.09,18.73,14.52,14.52,23.18,15.07,8.11,19.42,2.41,4.58,0.22,4.36,3.64,6.6,0.45,6.14,
29095,2005-08-04,6.93,98.62,13.39,28.35,18.17,18.17,35.06,21.64,13.41,29.14,4.06,6.09,2.98,3.11,6.01,8.72,3.35,5.37,
5077,2009-06-27,0.01,100.33,18.35,30.62,23.65,23.65,35.65,24.55,11.1,30.65,2.31,3.22,0.8,2.42,3.54,5.51,1.29,4.23,
28077,2012-06-17,0.0,100.38,13.42,24.97,18.55,18.55,32.5,17.24,15.25,24.92,1.63,2.01,0.88,1.13,3.57,5.46,1.52,3.93,
18131,2012-08-10,4.45,98.52,10.06,18.48,13.81,13.81,21.53,15.76,5.77,18.83,7.34,10.2,4.6,5.6,10.09,12.87,7.54,5.33,
40111,2004-02-26,0.0,99.56,3.38,4.26,-1.69,-1.64,12.07,-3.47,15.54,4.35,2.12,3.61,0.98,2.63,3.31,7.01,1.06,5.95,
30049,2008-08-14,0.04,85.7,7.09,16.95,6.52,6.53,23.34,10.75,12.6,16.93,2.83,5.14,1.3,3.84,4.52,7.23,1.88,5.35,
22109,2010-11-20,0.02,102.28,10.37,18.13,14.76,14.76,21.24,15.27,5.97,19.16,2.39,5.28,0.38,4.89,3.01,7.29,0.38,6.91,
46123,2005-07-05,2.76,94.51,9.46,22.92,12.22,12.22,30.08,14.78,15.3,23.94,3.05,5.59,1.09,4.5,4.36,8.67,1.52,7.15,0.0
21183,2011-04-27,54.97,97.84,13.07,18.73,17.47,17.47,22.93,9.68,13.25,18.55,6.75,9.51,4.44,5.07,10.12,14.32,6.15,8.17,
21179,2002-01-19,7.84,98.53,3.28,-1.32,-2.23,-2.23,1.11,-4.67,5.78,-1.62,3.0,4.44,1.74,2.69,4.77,6.14,2.59,3.54,
6051,2002-10-16,0.0,75.83,1.58,8.41,-13.87,-13.15,15.97,3.3,12.67,7.31,3.53,6.26,1.85,4.42,4.53,7.06,2.72,4.34,
48491,2012-09-05,0.0,98.18,12.15,31.24,16.18,16.18,40.07,23.48,16.59,33.28,3.83,5.0,2.65,2.35,5.51,8.44,3.09,5.35,
47149,2015-05-15,2.43,98.96,14.25,21.09,19.33,19.33,25.15,18.33,6.82,20.96,3.04,4.09,2.39,1.7,5.37,6.55,4.25,2.3,
29211,2006-11-01,0.0,99.19,2.02,0.42,-8.2,-7.95,7.88,-3.59,11.47,0.6,3.45,4.93,2.57,2.36,5.91,8.54,2.89,5.65,
17187,2001-08-14,1.68,99.57,7.49,20.92,9.42,9.43,28.6,12.44,16.17,22.19,2.14,2.8,1.24,1.56,3.46,6.06,1.5,4.56,1.0
27117,2001-01-20,0.0,96.09,1.27,-12.84,-14.18,-14.11,-3.74,-20.16,16.42,-13.16,5.16,7.04,1.7,5.34,6.99,9.13,2.74,6.38,
19011,2009-04-20,1.51,97.59,4.42,5.6,1.71,1.72,9.38,1.41,7.97,5.95,7.85,10.34,3.79,6.54,10.55,12.79,6.86,5.92,
28123,2015-03-16,0.0,100.77,10.54,18.2,14.82,14.82,25.56,11.71,13.85,18.05,1.69,2.46,0.3,2.16,3.69,5.8,0.35,5.46,
24017,2015-06-22,0.07,100.89,14.77,28.0,20.15,20.15,34.22,23.07,11.15,27.97,1.57,2.1,1.04,1.06,3.37,5.5,1.68,3.83,
8047,2010-07-25,0.54,72.77,8.11,16.81,5.97,5.97,25.33,9.21,16.12,16.76,1.79,3.04,0.29,2.74,2.58,3.53,0.55,2.97,
17125,2006-04-30,14.07,98.76,9.15,16.35,12.46,12.46,20.26,13.59,6.67,16.46,9.56,13.38,5.72,7.66,12.6,17.74,8.28,9.47,
47019,2010-03-06,0.11,93.98,2.85,-0.92,-4.74,-4.7,7.32,-7.46,14.78,-1.22,2.08,2.77,1.6,1.17,3.86,5.01,2.51,2.51,
13193,2004-08-28,0.92,99.82,14.62,28.13,19.9,19.9,34.13,21.52,12.61,28.35,1.92,3.46,0.79,2.67,2.93,4.53,1.2,3.33,
37037,2015-04-18,0.97,99.76,12.14,20.2,16.93,16.92,26.84,13.89,12.95,20.34,1.51,1.85,1.3,0.55,3.11,4.73,1.71,3.02,
34035,2009-01-25,0.0,100.64,1.47,-8.66,-11.74,-11.58,-3.39,-13.38,9.98,-9.0,2.05,3.01,1.04,1.97,3.8,4.64,1.73,2.91,
13225,2011-04-24,0.12,100.3,11.81,22.78,16.58,16.58,30.51,14.91,15.6,22.91,1.99,2.61,0.56,2.05,4.08,6.09,0.95,5.14,
48303,2003-09-06,0.24,90.65,9.42,24.59,11.56,11.56,32.33,16.39,15.94,25.93,4.41,5.69,2.9,2.79,6.56,9.08,4.75,4.34,
23029,2012-12-06,0.56,101.55,2.41,-1.74,-5.86,-5.77,0.84,-3.35,4.19,0.64,4.57,6.02,2.24,3.78,6.69,8.8,3.3,5.5,
18011,2008-05-07,11.21,97.74,11.26,17.46,15.43,15.43,20.14,14.58,5.57,17.28,6.32,10.59,2.11,8.48,9.08,13.58,3.66,9.92,
13213,2006-07-29,2.39,97.61,15.89,23.92,20.87,20.87,27.37,21.54,5.83,24.01,1.5,2.4,0.94,1.47,3.33,4.31,2.41,1.9,
47189,2002-08-18,4.48,98.97,15.77,26.66,20.99,20.99,31.95,21.21,10.74,26.91,2.3,3.91,0.66,3.25,3.64,5.05,0.94,4.12,
48281,2010-09-01,1.33,96.91,15.36,30.38,20.2,20.2,36.58,24.67,11.91,32.2,3.92,4.97,2.58,2.39,5.29,7.41,3.86,3.54,
20167,2013-05-26,0.01,94.51,13.02,25.53,17.21,17.21,32.97,18.77,14.2,26.19,9.06,10.87,5.68,5.19,11.79,14.73,7.97,6.76,
34003,2015-05-08,0.01,100.9,10.25,17.74,14.38,14.38,25.31,10.75,14.56,17.79,2.23,3.49,1.1,2.39,3.97,5.44,1.55,3.89,
13007,2010-11-21,0.0,101.68,8.09,16.43,11.02,11.02,25.01,8.82,16.19,16.4,2.68,4.01,2.14,1.87,4.78,7.99,2.77,5.22,
27133,2014-01-29,0.06,95.29,1.29,-9.54,-14.85,-14.41,1.24,-19.58,20.82,-10.47,6.2,10.26,4.35,5.91,9.59,12.35,7.52,4.83,
5017,2002-05-31,0.19,100.67,13.79,24.71,19.1,19.1,30.55,18.38,12.17,24.8,1.71,2.3,0.49,1.81,2.38,3.77,0.75,3.01,
54079,2000-04-10,0.25,99.02,5.04,9.16,3.53,3.55,17.52,2.48,15.04,8.91,1.36,2.02,0.33,1.69,2.88,4.93,0.6,4.33,
12011,2016-11-04,1.36,101.67,13.92,23.98,19.44,19.44,26.53,21.82,4.71,24.67,3.68,4.46,2.68,1.78,4.56,5.39,3.21,2.18,
41055,2008-07-04,0.63,93.36,9.7,18.44,12.44,12.44,23.69,13.99,9.7,19.77,3.4,5.27,1.46,3.82,4.54,6.13,2.72,3.41,
56035,2014-07-04,1.15,76.53,7.95,17.86,6.46,6.46,26.13,9.48,16.65,18.15,2.1,4.4,0.04,4.36,3.16,5.95,0.11,5.84,
13233,2013-02-09,0.0,98.99,4.46,6.05,1.78,1.79,15.36,-1.87,17.23,6.04,1.68,2.38,1.07,1.31,3.76,6.81,1.67,5.14,
47127,2014-06-13,2.81,97.79,13.74,21.17,18.58,18.58,24.82,16.62,8.2,21.34,1.92,3.5,1.16,2.34,3.51,5.05,1.61,3.44,
8035,2006-03-26,0.29,78.43,2.39,4.19,-9.24,-8.96,10.23,-2.52,12.75,4.64,8.72,14.64,4.13,10.51,12.09,17.54,7.89,9.66,
29057,2000-08-03,0.03,97.56,13.77,26.8,18.58,18.57,33.05,19.54,13.5,26.94,2.25,3.03,1.34,1.69,3.43,5.29,2.07,3.22,
41065,2013-12-30,0.08,93.33,3.92,0.84,-0.57,-0.56,2.62,-1.21,3.82,-0.17,1.65,2.51,1.07,1.44,3.16,5.76,1.58,4.18,
49005,2008-05-08,1.82,81.22,4.47,6.41,-0.77,-0.74,13.2,0.72,12.48,6.5,2.86,4.58,1.56,3.02,3.9,5.8,2.46,3.34,
48299,2000-02-14,0.0,96.38,5.14,14.42,3.46,3.48,26.89,5.22,21.67,15.34,2.4,5.11,0.31,4.81,4.08,8.96,0.79,8.17,
50027,2001-12-01,0.34,97.06,6.35,7.77,6.5,6.5,11.72,2.02,9.7,7.61,2.35,3.69,1.41,2.28,5.12,6.8,3.66,3.14,
17193,2013-09-04,0.0,100.4,10.27,21.67,14.43,14.43,27.65,14.94,12.71,21.51,1.66,2.82,0.54,2.27,2.21,3.25,0.81,2.44,
50009,2002-05-18,3.57,95.56,4.08,2.89,0.31,0.32,5.93,-0.13,6.06,2.98,1.7,2.97,0.63,2.35,3.39,5.14,1.4,3.74,
39003,2003-06-27,0.0,98.53,9.06,19.08,12.24,12.24,24.92,12.46,12.46,19.3,3.46,4.41,2.41,2.01,5.61,8.35,2.69,5.66,
37159,2011-11-20,0.06,99.31,8.28,11.58,10.73,10.73,18.9,5.3,13.6,11.59,2.99,5.61,1.38,4.23,5.03,7.09,1.79,5.31,
30079,2011-09-07,0.0,92.9,6.72,21.49,6.82,6.84,30.97,13.47,17.5,21.82,3.31,3.96,1.71,2.24,5.33,8.3,2.18,6.12,
13091,2010-04-08,22.74,99.94,12.34,19.64,17.15,17.15,24.84,14.55,10.29,19.52,5.6,8.85,3.02,5.82,8.51,12.54,5.54,7.0,
46019,2005-06-02,0.44,88.05,5.35,14.6,2.73,2.76,21.66,6.93,14.73,15.18,4.16,6.59,0.93,5.66,6.11,9.04,1.98,7.06,
13149,2012-06-18,0.0,98.68,10.74,24.61,14.85,14.85,33.06,15.71,17.35,24.66,1.47,1.9,0.84,1.06,3.56,5.83,1.38,4.44,
48475,2010-06-18,0.21,91.15,12.44,30.72,15.81,15.81,39.01,22.39,16.62,32.93,4.94,6.93,3.5,3.43,6.58,10.29,3.87,6.41,
48435,2001-09-05,5.15,93.48,14.43,23.91,18.6,18.6,29.18,19.41,9.77,25.24,2.35,5.28,0.5,4.79,3.46,7.69,0.94,6.74,
17171,2000-08-29,0.01,99.17,15.26,28.56,20.41,20.41,36.69,20.73,15.96,29.18,3.0,3.91,1.83,2.08,4.68,6.72,2.84,3.88,0.0
21105,2015-01-27,0.0,100.37,3.68,1.72,-0.45,-0.44,7.71,-2.79,10.5,1.38,4.02,6.0,1.95,4.05,6.39,8.08,2.89,5.19,2.0
53037,2011-08-30,0.17,90.21,6.79,12.89,6.64,6.64,18.19,8.92,9.27,13.31,3.55,4.32,2.81,1.51,5.5,6.39,3.9,2.48,0.0
37143,2002-05-31,0.02,100.96,13.52,25.31,18.83,18.83,30.87,18.88,11.99,25.48,3.19,5.4,0.58,4.81,4.6,8.18,0.86,7.32,
37191,2014-04-09,0.46,100.64,7.1,13.44,8.95,8.95,19.26,9.26,10.01,13.47,3.53,4.82,2.65,2.17,5.67,6.9,3.24,3.67,
36019,2001-01-05,0.95,97.07,1.79,-10.38,-10.82,-10.81,-4.53,-20.12,15.6,-11.07,3.26,4.27,2.07,2.2,5.66,6.86,3.51,3.35,
24023,2011-01-08,1.86,93.28,1.69,-8.62,-10.99,-10.87,-7.22,-10.91,3.69,-8.67,3.45,4.85,0.8,4.06,5.76,7.97,1.37,6.6,
51800,2007-11-04,0.0,101.26,4.79,10.57,3.31,3.33,17.71,4.64,13.07,10.22,2.55,3.38,1.2,2.18,4.16,6.37,1.63,4.74,
48101,2013-05-16,0.01,94.16,10.84,25.47,14.09,14.09,34.64,17.43,17.21,28.02,3.78,7.2,1.42,5.78,4.78,10.09,0.92,9.17,
47163,2016-03-21,0.01,94.17,3.18,1.23,-3.28,-3.23,7.49,-4.09,11.58,1.36,3.2,4.77,1.93,2.85,5.87,7.34,4.75,2.59,
49011,2013-03-02,0.0,85.55,4.25,4.27,-0.65,-0.63,9.71,0.3,9.4,2.9,2.41,2.89,1.39,1.5,3.34,4.51,1.95,2.56,
27029,2016-11-25,0.1,97.51,3.2,-1.81,-2.7,-2.69,2.12,-4.19,6.31,-2.34,3.41,4.66,2.57,2.09,5.39,7.59,4.14,3.45,
51735,2001-12-20,0.0,101.32,3.99,7.52,0.04,0.13,9.48,4.54,4.94,8.77,7.24,9.13,5.49,3.64,9.53,11.03,7.63,3.4,
55078,2001-06-03,1.43,97.66,6.03,9.14,6.04,6.04,13.0,4.31,8.69,9.84,4.09,5.85,2.32,3.53,5.66,8.38,2.72,5.67,
16037,2012-12-31,0.14,76.54,1.24,-16.47,-16.63,-16.64,-9.89,-21.78,11.89,-19.95,1.56,2.18,1.06,1.12,2.17,3.34,1.35,1.99,
21061,2015-08-09,0.0,99.1,16.09,25.58,21.31,21.31,29.73,20.35,9.37,25.2,1.54,2.38,0.91,1.47,2.25,3.46,1.19,2.27,
16039,2014-09-14,0.0,85.67,4.05,20.32,-1.5,-1.4,28.78,13.77,15.01,18.57,1.87,2.87,0.97,1.9,2.52,3.65,0.97,2.68,
54065,2014-04-04,4.78,96.84,7.08,8.73,8.2,8.2,11.16,6.54,4.62,8.65,2.94,4.01,1.25,2.76,5.24,7.35,3.22,4.14,
13293,2008-06-22,6.05,99.25,14.79,25.45,19.97,19.97,31.75,20.93,10.82,25.57,1.58,2.57,1.01,1.55,3.22,4.65,1.53,3.13,
48165,2014-06-12,0.09,89.7,11.02,25.72,13.76,13.76,32.8,19.35,13.44,27.79,5.93,8.6,0.71,7.89,7.23,10.18,1.3,8.88,
27083,2009-01-25,0.0,97.77,0.69,-18.58,-19.8,-19.59,-13.88,-21.16,7.28,-18.82,3.71,4.66,2.54,2.12,5.43,6.28,4.14,2.14,
48079,2002-09-01,0.0,88.98,8.76,26.01,10.22,10.23,33.67,18.33,15.34,27.38,4.23,5.47,3.42,2.04,6.56,9.26,3.81,5.46,
42089,2007-05-25,0.13,98.16,11.47,20.86,15.75,15.75,29.23,12.22,17.01,20.86,1.5,1.77,0.92,0.86,3.81,5.79,1.49,4.3,
38065,2009-03-25,0.91,93.62,2.05,-6.81,-8.79,-8.74,-2.74,-11.1,8.35,-7.03,6.18,8.4,4.6,3.8,8.88,10.09,8.02,2.07,
46121,2009-09-26,0.0,92.13,5.99,18.14,5.12,5.13,27.36,9.26,18.1,18.01,3.23,4.45,1.62,2.84,5.24,9.95,2.49,7.47,
27091,2000-10-23,1.36,98.17,9.89,16.32,13.54,13.54,21.41,12.11,9.3,16.07,1.21,2.46,0.17,2.29,1.92,5.01,0.25,4.75,
49001,2008-02-08,0.82,82.28,2.28,-0.95,-8.98,-8.82,5.15,-6.74,11.89,-4.29,1.72,3.07,0.32,2.75,2.47,5.11,0.46,4.65,
17199,2012-04-23,0.0,99.93,4.57,8.95,2.3,2.32,15.61,0.93,14.68,9.22,5.39,7.85,3.52,4.33,8.37,10.15,5.66,4.49,
12105,2007-12-05,0.0,100.93,7.42,15.0,9.41,9.42,23.16,7.67,15.49,15.26,2.83,5.06,1.4,3.66,4.65,7.02,1.82,5.2,
27045,2005-11-18,0.07,97.47,3.05,-1.14,-3.65,-3.62,4.89,-7.2,12.09,-1.51,5.66,8.01,4.0,4.01,8.25,10.97,4.68,6.29,
20085,2015-08-23,2.38,97.92,7.98,18.52,10.12,10.12,24.43,13.17,11.26,18.74,5.18,8.41,2.75,5.66,7.3,11.62,4.83,6.78,
5067,2004-01-15,0.0,100.91,3.27,2.85,-2.03,-1.98,8.73,-2.19,10.93,2.96,2.36,3.79,0.41,3.37,4.23,7.51,0.37,7.14,
48281,2003-08-06,0.03,97.01,12.52,33.59,16.81,16.82,42.31,25.89,16.42,35.95,3.33,5.33,1.59,3.74,4.75,7.15,1.89,5.26,
21057,2014-04-05,0.0,98.31,4.51,6.62,2.03,2.05,12.69,1.68,11.01,7.22,2.33,2.91,2.03,0.88,4.29,6.12,2.58,3.54,
48255,2006-03-03,0.0,100.9,10.76,21.46,15.19,15.19,29.08,15.58,13.49,22.84,4.14,5.32,2.49,2.83,6.0,7.75,4.87,2.88,
40153,2003-02-04,0.01,95.0,2.21,0.94,-7.62,-7.44,9.45,-5.11,14.56,1.25,4.1,6.24,1.7,4.53,6.29,10.27,2.21,8.06,0.0
22057,2011-04-16,0.0,101.56,7.42,20.58,9.37,9.38,23.31,17.54,5.77,21.82,7.65,10.06,5.01,5.05,9.09,12.49,6.16,6.32,
51113,2000-05-12,0.32,98.31,11.79,22.7,15.91,15.91,31.75,12.74,19.0,22.63,2.26,3.12,1.48,1.64,4.78,5.57,3.15,2.42,
29083,2010-09-30,0.0,98.55,9.18,17.0,12.47,12.47,22.79,12.37,10.42,16.9,4.09,5.53,2.75,2.78,6.68,7.4,5.72,1.68,
30033,2003-02-23,0.18,92.66,0.5,-17.75,-23.39,-21.88,-14.24,-19.69,5.44,-16.07,5.85,7.61,2.91,4.7,6.82,8.83,3.71,5.13,
29067,2007-01-13,30.9,98.23,3.83,0.49,-0.34,-0.33,1.63,-1.71,3.34,0.63,2.21,3.24,1.4,1.84,3.32,4.58,2.22,2.36,
16011,2002-01-08,0.04,84.03,3.8,-0.94,-2.48,-2.47,1.17,-3.98,5.15,-3.09,3.43,3.95,2.89,1.07,6.29,7.06,5.43,1.62,3.5681000000000003
26145,2005-09-01,0.0,98.62,8.89,20.98,11.69,11.7,28.86,13.25,15.61,21.49,4.71,7.72,2.28,5.44,7.26,9.79,3.76,6.03,
20017,2004-01-31,0.96,96.41,2.51,-4.97,-6.69,-6.63,0.51,-11.37,11.87,-4.66,5.31,7.09,3.77,3.32,6.93,8.6,5.81,2.79,
16005,2002-04-23,0.02,82.74,2.6,5.04,-7.88,-7.59,10.98,-3.98,14.97,5.37,7.53,12.43,2.95,9.48,10.53,15.24,5.38,9.86,2.202
40133,2006-05-02,3.94,97.92,13.76,22.36,18.57,18.58,28.89,15.5,13.39,22.72,4.07,6.23,1.7,4.54,6.04,8.58,3.18,5.39,3.0
55001,2010-08-10,3.61,97.98,17.57,25.3,22.54,22.54,29.09,21.22,7.87,25.09,2.66,3.79,1.42,2.37,4.07,6.54,2.18,4.37,0.0
33005,2003-03-02,16.53,97.03,3.7,-0.69,-0.85,-0.85,0.38,-2.08,2.46,-0.71,2.2,4.04,0.27,3.77,4.08,6.77,0.99,5.78,
6065,2001-09-02,1.84,92.98,11.34,28.56,14.76,14.77,34.97,22.27,12.7,30.25,2.49,3.43,0.9,2.53,3.52,5.29,1.22,4.06,
55137,2008-01-31,0.49,99.25,0.81,-17.75,-19.4,-19.12,-10.93,-26.62,15.69,-17.21,3.16,5.66,0.98,4.68,4.67,8.56,1.12,7.44,
20047,2008-02-29,0.0,94.74,4.31,8.08,0.96,0.98,15.42,2.28,13.14,7.8,4.04,7.18,0.93,6.25,6.16,11.0,1.42,9.58,
51510,2013-04-23,0.0,101.4,5.9,9.85,6.28,6.28,16.38,4.68,11.7,10.59,2.39,3.64,1.02,2.62,3.93,5.77,1.29,4.48,0.0
26065,2001-01-08,0.01,98.54,1.27,-12.84,-13.66,-13.6,-8.28,-19.38,11.1,-13.07,4.1,4.68,3.34,1.35,6.13,7.09,4.78,2.31,
54035,2012-02-11,2.11,98.51,2.15,-5.11,-7.97,-7.86,-1.23,-7.82,6.59,-5.1,4.29,5.79,1.6,4.2,7.26,9.36,3.4,5.96,
51685,2014-01-24,0.0,101.87,1.12,-10.42,-14.44,-14.11,-5.18,-15.34,10.16,-10.12,4.16,4.96,3.04,1.92,6.2,7.58,3.98,3.6,
23025,2001-09-29,0.01,97.77,4.53,7.11,2.03,2.05,12.89,2.87,10.02,7.43,2.06,2.59,1.72,0.87,4.44,5.23,3.29,1.93,
5061,2015-10-10,0.0,99.46,6.77,18.22,7.89,7.9,28.26,11.39,16.87,17.76,1.64,2.14,1.21,0.93,3.07,4.19,2.0,2.19,
22021,2013-08-20,0.81,101.07,13.52,28.7,18.7,18.7,36.07,22.94,13.13,29.14,1.34,2.71,0.14,2.57,2.31,5.38,0.22,5.16,0.9945
29139,2000-01-08,3.37,99.32,3.86,1.34,-0.11,-0.09,4.04,-1.7,5.74,1.06,3.17,4.23,2.2,2.03,5.95,7.33,4.53,2.79,
45083,2012-05-19,0.02,99.54,8.67,17.25,11.68,11.68,22.66,12.55,10.12,17.22,2.36,3.39,1.57,1.82,4.47,5.36,2.73,2.62,
37051,2008-01-29,0.0,100.6,5.05,7.52,3.86,3.87,13.75,1.57,12.18,7.02,5.0,6.55,3.13,3.41,8.36,10.03,6.84,3.19,4.4883
29149,2005-10-12,0.01,99.09,8.74,17.5,11.75,11.75,25.74,9.87,15.87,16.45,0.93,1.65,0.32,1.34,1.76,2.94,0.48,2.45,
51029,2005-08-01,0.45,98.79,12.56,25.45,17.27,17.27,32.86,18.25,14.61,24.71,1.08,1.6,0.45,1.15,1.9,2.86,0.67,2.2,
27073,2000-12-31,0.07,97.97,0.61,-20.49,-21.07,-20.95,-15.29,-24.41,9.12,-20.75,4.28,5.35,2.99,2.36,6.55,7.75,5.05,2.7,
27137,2009-11-13,11.21,95.11,5.63,5.46,4.74,4.74,6.93,3.08,3.86,5.29,2.69,4.02,1.22,2.8,4.44,6.71,1.78,4.93,
17067,2000-05-02,0.08,99.43,7.15,17.25,8.67,8.68,25.24,8.37,16.87,17.83,3.82,5.63,2.18,3.45,5.81,9.14,3.65,5.49,3.0
40045,2014-12-16,0.0,94.45,2.37,1.06,-6.83,-6.67,5.99,-3.65,9.64,1.58,3.93,7.05,1.01,6.03,5.6,9.88,1.14,8.74,4.2737
48005,2007-08-30,5.74,100.61,17.3,27.03,22.74,22.74,32.51,22.68,9.84,27.09,1.03,1.35,0.43,0.92,2.22,3.95,0.95,3.0,
51515,2016-11-09,1.14,96.56,5.49,9.31,4.54,4.54,13.18,6.12,7.06,9.32,3.06,4.39,1.61,2.78,6.25,7.97,4.52,3.45,
47129,2001-08-02,2.37,97.36,14.81,24.93,19.71,19.71,29.68,19.72,9.96,24.59,1.35,1.54,1.01,0.52,2.62,4.05,1.82,2.23,
48407,2007-04-12,0.0,100.49,8.09,16.21,10.7,10.7,24.12,8.62,15.5,16.21,2.63,3.6,1.94,1.66,5.47,6.62,2.58,4.04,
30001,2012-08-24,0.12,79.39,4.38,11.98,-1.67,-1.59,19.9,5.99,13.91,11.63,3.03,5.07,1.13,3.94,4.48,6.62,1.56,5.06,
31161,2008-01-19,0.02,89.38,1.13,-11.53,-15.83,-15.47,-6.39,-17.16,10.77,-11.08,2.88,5.0,0.72,4.27,4.09,6.16,0.64,5.52,
53005,2009-05-24,0.0,97.1,5.02,19.8,3.07,3.13,28.97,10.28,18.69,21.79,3.57,5.99,2.42,3.57,5.12,9.18,2.66,6.52,
29009,2001-11-20,0.0,97.85,2.91,3.61,-3.96,-3.87,11.36,-2.91,14.27,3.44,2.02,3.31,0.47,2.85,3.63,7.43,0.67,6.76,0.0
36025,2012-03-09,1.54,95.94,2.71,-1.34,-5.1,-5.04,2.18,-5.51,7.69,-1.33,4.57,5.84,3.08,2.77,7.76,10.07,5.19,4.88,
13013,2013-12-24,0.0,99.79,2.84,0.87,-3.95,-3.88,6.4,-3.83,10.22,1.04,2.99,4.49,1.99,2.49,5.5,6.92,4.56,2.36,0.0
54093,2006-07-24,0.0,94.79,9.93,20.41,12.99,12.99,26.58,14.33,12.25,19.65,1.02,1.77,0.09,1.68,2.21,4.9,0.08,4.82,
33007,2000-12-07,0.79,94.38,1.3,-12.51,-13.92,-13.8,-7.43,-18.14,10.7,-12.64,3.0,4.52,1.79,2.73,5.27,7.78,3.31,4.48,
8089,2005-04-22,0.0,85.84,3.95,9.91,-1.61,-1.56,18.11,1.85,16.25,11.88,5.07,8.09,3.2,4.89,7.07,9.63,5.56,4.07,
20121,2012-06-20,14.54,97.87,14.88,26.63,19.88,19.88,30.48,22.73,7.74,27.02,7.83,10.59,2.9,7.69,10.91,13.33,5.85,7.49,
48111,2008-04-15,0.0,86.19,2.25,18.42,-8.65,-8.21,30.11,6.15,23.96,18.8,8.57,12.75,5.4,7.34,12.08,15.65,7.89,7.76,2.0
27085,2004-03-30,0.0,98.65,2.5,0.78,-5.65,-5.54,7.23,-4.13,11.36,1.95,5.06,7.43,3.03,4.4,7.23,8.6,5.26,3.34,2.0
13295,2002-06-29,1.22,98.47,14.24,26.58,19.24,19.24,33.6,19.67,13.93,26.54,0.8,1.14,0.46,0.68,1.87,3.35,0.64,2.71,
33007,2005-11-04,0.14,95.46,4.99,4.11,3.05,3.05,5.62,1.97,3.65,4.12,2.19,3.47,0.7,2.77,4.07,5.97,1.94,4.04,
12067,2006-07-03,0.62,101.86,15.99,29.0,21.6,21.6,34.37,23.79,10.58,30.3,1.46,2.49,0.31,2.18,2.36,3.76,0.62,3.13,
42059,2014-04-13,0.01,96.81,10.3,18.45,13.91,13.91,23.65,14.21,9.44,18.45,3.44,4.45,2.04,2.42,7.37,8.37,6.25,2.12,
13201,2003-04-27,0.35,100.51,10.86,19.06,15.24,15.24,25.34,11.57,13.77,19.5,2.25,3.01,1.11,1.9,4.03,6.54,1.34,5.2,
40115,2011-08-12,31.87,97.82,17.55,26.5,22.45,22.45,31.94,21.08,10.86,27.01,3.14,5.06,1.59,3.48,4.78,6.37,3.36,3.0,
45003,2014-10-07,0.06,100.3,9.11,19.72,12.59,12.59,27.74,12.48,15.27,19.94,2.77,4.46,1.24,3.21,5.38,7.51,1.57,5.94,0.895
49021,2013-05-13,0.0,81.3,4.22,19.89,-1.52,-1.44,29.39,9.23,20.16,20.56,3.2,4.29,2.51,1.78,4.5,5.09,3.38,1.71,
49011,2005-03-29,5.15,83.92,3.62,0.85,-3.09,-3.07,4.44,-1.74,6.18,1.54,3.81,6.06,2.24,3.83,4.9,7.22,3.0,4.22,1.917
40119,2001-07-24,0.01,97.79,14.11,34.03,19.02,19.02,40.74,26.83,13.92,35.82,4.12,5.32,2.41,2.91,5.9,8.02,4.17,3.85,1.6552
40057,2000-09-06,0.0,95.42,7.96,30.85,9.76,9.76,39.24,24.09,15.15,32.45,4.87,6.27,2.28,3.99,6.83,9.7,4.41,5.29,
27133,2001-02-22,0.21,96.24,1.66,-10.27,-11.18,-11.14,-4.15,-15.75,11.6,-10.49,5.87,8.48,3.09,5.39,8.04,10.02,5.45,4.57,
18151,2000-06-09,0.12,98.33,10.45,22.08,14.38,14.38,28.97,14.87,14.1,21.8,6.01,7.02,4.76,2.26,9.19,11.86,6.63,5.23,
38055,2009-04-24,0.09,94.57,2.42,2.67,-6.61,-6.43,8.04,-1.83,9.88,3.83,4.5,5.6,2.18,3.42,5.88,7.6,3.39,4.2,
18139,2001-12-22,3.79,98.37,4.17,3.62,0.75,0.76,9.25,-1.89,11.14,3.03,7.04,9.68,4.51,5.17,10.2,14.18,7.83,6.35,
20077,2000-02-05,0.0,97.35,2.53,1.37,-5.68,-5.57,9.55,-4.22,13.77,1.34,4.66,7.39,1.37,6.02,7.05,11.33,2.04,9.3,
8079,2000-06-20,0.16,71.1,3.86,12.16,-4.91,-4.77,22.51,2.66,19.85,13.49,4.11,6.0,2.43,3.56,5.85,7.19,4.27,2.92,1.0
13131,2008-10-27,0.0,101.46,5.48,11.69,4.98,5.0,17.4,5.69,11.71,11.59,3.74,5.78,2.04,3.74,6.93,8.48,4.77,3.71,
42111,2008-12-27,0.54,95.5,7.51,8.5,8.6,8.6,15.26,3.55,11.71,8.38,2.36,3.12,1.99,1.14,5.51,6.65,3.96,2.7,
13197,2016-12-14,2.33,100.09,7.6,11.15,9.57,9.57,15.48,5.87,9.61,10.83,1.82,2.36,1.23,1.14,3.24,5.23,1.87,3.36,
48409,2015-04-11,3.62,100.83,14.99,21.89,20.47,20.47,24.45,19.72,4.73,21.9,3.68,4.98,2.54,2.44,5.57,6.26,4.39,1.87,
13129,2003-11-30,0.1,98.02,3.44,2.42,-1.89,-1.85,12.23,-4.36,16.58,2.2,1.74,2.38,0.74,1.64,4.08,6.27,1.23,5.04,
46127,2008-03-19,0.9,96.77,3.41,3.73,-2.26,-2.2,11.61,-2.18,13.79,2.88,2.51,5.15,0.21,4.93,3.63,7.14,0.43,6.71,
27103,2001-11-27,4.81,97.49,3.61,-0.41,-1.11,-1.11,0.64,-3.45,4.1,-0.62,5.93,9.34,4.14,5.2,7.93,11.95,6.4,5.55,0.0
48367,2010-11-28,0.03,97.79,5.2,11.12,3.04,3.09,19.0,2.72,16.28,11.09,7.3,10.27,4.33,5.94,10.56,12.73,7.19,5.54,
29005,2001-06-12,0.17,96.84,15.88,25.34,20.75,20.75,30.53,19.46,11.08,25.2,6.69,9.05,3.31,5.73,9.65,12.13,5.38,6.76,0.0
48473,2008-03-09,0.28,101.33,7.5,12.68,9.63,9.63,20.23,4.35,15.89,12.6,4.35,6.09,3.08,3.01,7.27,8.54,4.89,3.65,
55027,2015-11-14,0.0,98.95,3.8,3.49,-0.61,-0.58,11.9,-3.87,15.77,2.93,4.83,7.97,2.85,5.13,7.94,9.88,4.97,4.91,
51153,2012-06-19,0.42,100.93,13.65,25.52,18.96,18.96,32.72,17.64,15.08,26.09,1.31,2.24,0.43,1.81,2.51,5.15,0.8,4.35,0.0
54051,2016-01-31,0.05,97.0,6.62,8.8,7.14,7.14,14.33,3.56,10.77,8.73,4.01,5.54,3.38,2.16,7.93,10.14,6.0,4.13,
31029,2011-09-17,3.66,89.61,9.5,15.0,11.43,11.43,22.66,8.78,13.88,15.78,3.79,5.62,0.3,5.32,5.03,6.95,0.75,6.19,
27081,2001-07-27,8.42,95.89,13.26,19.41,17.58,17.58,23.3,16.57,6.73,19.32,5.87,8.95,2.56,6.39,8.26,11.42,4.11,7.32,
21183,2008-09-13,0.0,99.23,14.92,28.55,20.1,20.1,35.38,22.77,12.62,28.96,4.18,6.02,2.31,3.71,7.01,8.31,4.74,3.56,
53045,2013-05-14,0.93,98.47,6.12,10.18,6.42,6.43,14.63,6.3,8.33,10.27,1.25,1.6,1.02,0.58,2.29,3.46,1.6,1.86,0.0
12061,2011-03-19,0.0,102.12,9.19,21.36,12.94,12.94,28.28,15.44,12.84,21.54,2.69,4.49,0.97,3.52,3.51,5.34,1.3,4.04,
18061,2010-02-23,0.06,98.89,3.29,-0.28,-2.12,-2.1,3.29,-3.21,6.49,-0.22,2.47,3.32,1.66,1.66,4.41,5.12,3.93,1.19,0.0
42037,2004-04-30,0.0,97.6,9.29,15.68,12.46,12.45,22.74,9.01,13.73,15.68,2.13,3.04,1.69,1.35,4.72,5.86,3.0,2.86,
53045,2000-02-15,1.72,98.35,4.54,2.54,2.12,2.12,5.11,0.6,4.51,2.29,1.34,2.13,0.62,1.51,2.56,3.91,1.35,2.56,0.0
17011,2009-11-03,0.07,100.13,3.42,3.35,-1.53,-1.49,8.31,-2.53,10.84,3.35,2.85,6.08,0.31,5.76,4.75,9.88,0.36,9.51,0.0
53059,2012-01-15,8.04,90.37,2.72,-4.78,-5.72,-5.71,-3.7,-6.96,3.26,-4.99,2.0,2.63,1.49,1.15,3.57,4.77,2.54,2.23,
33019,2004-03-18,0.57,97.84,2.3,-4.61,-6.8,-6.75,-0.79,-7.51,6.72,-4.69,1.66,1.9,1.14,0.75,2.89,3.43,2.12,1.31,
20033,2007-03-23,15.12,94.42,11.93,18.02,15.83,15.83,22.75,14.61,8.14,18.02,5.02,7.13,3.23,3.9,7.41,10.09,5.31,4.77,
18111,2011-12-21,1.86,98.37,5.11,4.54,3.84,3.84,6.76,1.7,5.05,4.29,4.55,7.31,2.6,4.71,6.77,8.97,4.44,4.53,
32033,2002-01-08,0.05,79.59,3.54,2.3,-3.98,-3.95,6.48,0.67,5.81,0.45,2.51,3.1,1.83,1.28,3.75,4.5,2.68,1.82,1.8215
6067,2004-09-17,0.0,99.5,7.56,22.42,9.56,9.57,33.44,15.01,18.43,23.73,4.68,8.78,2.36,6.42,6.11,10.37,3.92,6.45,
37107,2014-03-02,0.01,101.66,6.4,9.72,7.34,7.34,18.33,2.38,15.95,9.33,3.25,5.96,1.51,4.45,5.23,8.1,2.3,5.79,
16039,2014-10-03,0.0,86.64,3.75,11.45,-2.29,-2.22,19.55,4.17,15.38,10.53,1.82,3.87,0.64,3.23,2.6,5.34,0.4,4.94,
18087,2011-04-18,4.66,98.03,4.12,3.53,0.76,0.77,7.2,0.81,6.39,4.27,4.79,7.2,1.89,5.31,6.2,8.31,3.66,4.65,
19039,2004-01-21,0.02,98.2,2.51,-1.99,-6.3,-6.16,7.01,-7.47,14.48,-2.3,7.03,9.92,3.62,6.29,9.85,12.29,7.19,5.1,
41023,2012-10-03,0.0,86.28,2.14,6.64,-9.32,-8.91,17.07,-1.26,18.33,6.59,2.36,2.94,1.93,1.01,3.88,5.02,2.43,2.59,
37061,2012-10-17,0.02,101.25,7.78,14.57,10.31,10.31,18.97,11.16,7.8,14.3,1.95,2.69,0.93,1.76,2.98,5.01,1.13,3.89,
13295,2013-04-24,5.16,98.3,9.28,14.28,12.24,12.24,19.89,5.81,14.08,14.36,2.87,4.0,1.78,2.21,5.41,7.11,3.8,3.3,
47009,2016-04-14,0.04,95.26,8.03,14.19,9.85,9.85,20.66,8.45,12.21,14.31,1.67,2.48,0.83,1.65,3.42,5.69,1.23,4.45,
20109,2008-10-30,0.0,90.68,5.44,13.38,3.53,3.54,24.29,6.05,18.24,12.55,4.35,6.01,2.88,3.13,7.2,9.68,4.93,4.75,
30069,2016-07-13,0.85,91.43,8.0,19.37,9.22,9.23,24.43,13.19,11.24,19.96,4.42,7.1,1.14,5.95,6.13,8.74,1.74,7.0,
21055,2008-04-15,0.0,100.83,4.61,7.75,2.64,2.65,14.52,0.71,13.81,7.78,2.72,3.92,1.26,2.66,4.22,8.17,1.39,6.79,0.0
54075,2004-02-12,0.07,93.15,3.28,-1.21,-3.13,-3.11,2.55,-3.81,6.36,-2.05,1.58,2.59,0.63,1.97,3.07,5.32,1.15,4.17,
40077,2001-10-22,0.0,98.14,13.2,20.15,17.91,17.91,24.78,14.19,10.58,20.06,3.96,5.4,2.37,3.03,7.19,8.62,5.0,3.62,
1055,2014-05-14,22.16,98.48,14.57,20.81,19.61,19.61,24.19,16.16,8.03,20.88,2.04,3.22,0.86,2.35,3.9,5.3,1.59,3.71,
29227,2016-05-05,0.0,98.19,6.18,14.26,6.48,6.49,21.22,5.27,15.95,14.3,2.3,3.33,1.13,2.2,3.57,7.16,1.65,5.51,
51678,2011-08-21,6.28,96.36,13.43,24.96,17.97,17.97,32.78,19.18,13.59,25.01,1.52,2.22,0.93,1.29,3.66,4.67,1.6,3.07,
21227,2013-04-27,48.1,99.51,8.9,12.79,11.94,11.94,15.73,8.28,7.44,12.75,4.34,7.36,1.28,6.09,6.47,10.94,2.55,8.4,
1013,2010-12-18,1.7,100.48,4.82,5.6,3.31,3.32,11.07,1.54,9.52,5.59,1.99,2.51,1.23,1.28,4.09,6.08,2.18,3.89,
13199,2012-12-31,0.03,99.47,4.04,4.73,0.27,0.3,11.76,-2.32,14.08,3.99,1.61,2.05,1.09,0.96,3.06,5.19,1.56,3.63,
39019,2006-05-19,3.41,96.54,6.43,7.94,6.81,6.81,11.88,5.25,6.62,7.95,2.15,2.81,1.32,1.49,4.01,4.84,3.12,1.72,
21079,2008-01-12,0.0,98.39,4.03,3.12,0.55,0.56,9.04,-0.66,9.7,1.76,1.34,2.88,0.31,2.57,2.34,6.28,0.39,5.9,
13073,2013-03-11,10.38,99.84,8.52,12.9,11.26,11.26,18.44,7.14,11.3,12.94,3.6,5.26,1.76,3.5,6.13,8.56,2.47,6.09,
30007,2009-04-15,7.09,83.51,3.2,-2.61,-4.7,-4.68,1.44,-7.03,8.47,-2.51,4.25,6.04,2.33,3.71,6.01,7.78,3.47,4.31,
12127,2003-10-13,9.51,101.02,18.72,26.13,24.13,24.13,29.6,23.91,5.69,26.3,2.43,2.92,1.81,1.11,4.03,5.37,2.29,3.08,
16041,2007-05-18,0.23,81.32,6.14,18.46,3.59,3.6,25.9,10.58,15.32,18.01,2.42,3.1,1.46,1.64,3.58,5.73,2.05,3.68,
24005,2012-11-21,0.0,101.04,4.45,5.47,2.25,2.25,11.97,0.24,11.72,4.25,2.75,3.48,1.91,1.57,4.1,5.81,3.15,2.66,
47091,2001-06-10,1.27,92.88,10.21,19.12,13.04,13.04,25.5,11.74,13.76,19.08,1.34,1.78,0.59,1.18,2.69,4.31,0.78,3.53,
29205,2012-08-24,0.0,98.65,7.39,29.02,9.19,9.2,35.37,22.5,12.87,30.03,4.47,6.02,2.92,3.1,7.06,8.32,5.05,3.27,
51035,2011-10-28,7.67,94.54,4.67,4.05,2.0,2.01,6.62,1.08,5.54,4.06,2.37,2.81,1.53,1.28,3.84,4.68,2.47,2.22,
26041,2013-05-23,3.17,99.64,4.28,5.7,1.45,1.47,8.02,2.35,5.67,6.03,7.32,8.59,4.49,4.09,9.84,11.33,6.11,5.22,
26019,2011-11-25,0.02,98.78,6.22,8.05,6.75,6.76,8.53,7.59,0.94,7.43,8.35,10.88,4.02,6.87,10.63,13.44,6.4,7.04,
18121,2012-10-26,4.46,99.8,4.43,5.92,2.0,2.01,8.7,2.19,6.51,5.91,5.77,7.53,3.59,3.94,8.1,9.69,6.88,2.8,
16021,2015-11-05,1.71,88.22,3.19,-2.02,-4.06,-4.04,0.86,-4.22,5.07,-2.75,1.32,1.66,0.82,0.84,2.32,3.08,1.69,1.39,
40035,2001-02-01,0.0,99.44,2.83,0.06,-4.24,-4.18,8.25,-7.14,15.39,-0.23,4.27,7.3,0.77,6.53,6.0,10.17,1.08,9.09,
37099,2002-12-16,0.08,92.72,5.79,5.85,4.68,4.68,13.03,0.87,12.17,5.25,2.17,2.81,0.43,2.38,4.26,5.59,0.44,5.16,
12017,2013-08-07,11.51,101.23,19.53,28.12,24.86,24.86,30.99,25.73,5.26,28.68,3.7,4.63,2.76,1.87,4.86,6.35,3.24,3.12,
39007,2003-09-11,0.0,99.26,9.86,19.52,13.62,13.62,25.5,13.98,11.52,18.92,2.32,2.97,0.95,2.02,4.1,6.0,1.28,4.72,
51099,2016-08-12,0.45,100.74,16.5,29.84,22.02,22.02,36.27,24.04,12.24,30.06,2.39,2.95,1.84,1.11,4.64,5.92,3.8,2.13,
48501,2001-07-28,1.9,89.42,11.93,29.24,14.99,14.99,34.79,22.71,12.08,31.03,3.17,5.13,1.28,3.84,4.54,8.31,2.42,5.89,
29195,2016-11-14,0.0,98.8,6.75,10.37,7.85,7.85,18.59,5.16,13.43,10.01,3.42,4.39,2.44,1.95,5.78,8.27,4.08,4.19,
55085,2004-09-12,0.01,96.09,10.56,19.22,14.07,14.07,26.17,12.48,13.7,18.66,3.13,5.36,0.36,4.99,4.94,7.5,0.49,7.0,
20067,2003-07-01,0.0,90.67,11.5,27.0,14.6,14.6,35.49,18.33,17.16,27.97,5.38,6.49,4.02,2.47,7.58,9.8,5.8,4.01,0.0
21007,2001-11-06,0.01,100.96,4.44,10.02,2.22,2.25,18.14,2.77,15.37,8.72,1.98,2.82,0.98,1.84,3.22,5.89,1.21,4.68,0.0
38059,2008-07-18,2.77,94.33,8.85,20.97,11.27,11.27,26.84,14.26,12.58,21.51,4.25,6.31,2.51,3.8,6.07,9.34,3.46,5.88,
38105,2008-09-22,2.81,93.29,7.17,15.4,7.83,7.84,22.18,10.37,11.82,15.55,3.65,5.64,1.87,3.77,5.68,7.34,3.84,3.5,
47129,2002-04-27,0.7,96.88,8.73,13.87,10.98,10.98,19.18,6.27,12.91,13.91,2.82,4.39,1.63,2.76,5.61,8.73,3.26,5.47,
29043,2000-11-20,0.04,98.52,1.98,-2.11,-8.59,-8.37,1.79,-5.37,7.16,-1.91,4.43,6.2,2.64,3.57,7.31,8.9,5.02,3.88,
27165,2005-02-22,0.04,98.0,2.28,-4.6,-6.93,-6.89,1.32,-8.94,10.26,-4.87,3.66,5.85,1.59,4.26,5.28,6.66,2.47,4.19,0.0
19163,2006-02-12,0.11,99.22,1.78,-5.25,-9.63,-9.46,-1.44,-9.99,8.55,-4.75,5.26,6.9,3.82,3.08,6.88,8.03,5.9,2.13,
12053,2000-12-23,0.18,102.25,5.62,10.85,4.79,4.82,20.41,2.65,17.77,11.97,5.47,6.4,4.87,1.53,7.47,8.39,5.49,2.9,
8033,2004-11-17,0.0,79.48,4.57,4.72,-0.66,-0.64,12.8,-0.94,13.74,4.49,3.09,4.08,2.36,1.72,5.16,6.41,4.38,2.02,
51520,2008-02-13,5.93,92.95,3.58,-0.59,-2.89,-2.85,6.96,-6.43,13.39,-0.59,3.65,4.5,0.96,3.54,5.62,6.88,1.47,5.41,
17073,2002-05-10,0.02,100.0,4.76,12.44,2.93,2.96,19.42,4.08,15.34,12.96,3.66,5.66,1.91,3.74,5.84,9.19,2.22,6.97,
37161,2010-01-11,0.0,98.45,2.36,-3.39,-6.74,-6.66,3.82,-9.73,13.54,-3.47,2.01,3.21,0.89,2.32,3.74,5.12,1.14,3.97,
36107,2015-10-06,0.05,97.08,6.85,12.89,7.6,7.61,19.02,7.45,11.57,12.2,1.44,2.05,0.89,1.16,2.81,3.52,1.88,1.64,0.0
21079,2011-01-12,0.28,99.4,1.89,-6.96,-8.83,-8.77,-5.16,-8.3,3.14,-6.81,5.94,6.85,4.22,2.63,8.07,9.29,5.99,3.3,
5009,2013-05-28,0.02,96.56,13.8,22.24,18.47,18.46,25.29,19.91,5.39,22.21,3.38,4.04,2.86,1.18,6.64,7.65,5.48,2.17,0.0
21123,2003-05-30,0.13,98.22,9.89,17.94,13.45,13.45,23.76,10.44,13.31,18.1,2.81,4.27,1.68,2.59,4.8,8.16,2.34,5.81,
18035,2002-01-01,0.0,99.03,1.51,-8.71,-11.56,-11.43,-3.13,-14.33,11.21,-8.81,2.2,3.24,1.58,1.66,3.45,6.31,1.82,4.5,0.0
22115,2007-05-24,2.29,101.24,14.22,23.7,19.69,19.69,29.17,18.52,10.65,23.8,1.93,2.37,1.43,0.94,4.09,5.2,3.11,2.09,
30017,2000-08-21,0.0,91.86,4.32,20.96,0.41,0.49,29.62,12.14,17.49,22.3,2.6,5.1,0.25,4.85,3.79,6.47,0.14,6.34,
48371,2008-09-09,18.45,90.49,14.4,20.51,18.08,18.08,22.73,18.44,4.29,20.94,4.28,5.07,2.48,2.58,5.26,6.02,2.98,3.04,0.344
38047,2004-06-23,0.89,94.53,5.84,16.37,5.0,5.02,22.15,10.49,11.65,16.92,5.28,10.52,0.33,10.2,7.16,12.97,0.4,12.57,
18083,2000-08-01,1.69,99.69,13.43,23.43,18.51,18.51,29.28,17.24,12.04,23.45,2.86,3.96,2.01,1.95,4.46,5.26,3.48,1.78,0.0
29033,2012-02-02,0.01,99.42,4.35,6.33,1.62,1.64,13.82,-0.03,13.85,5.1,3.01,5.58,0.62,4.95,5.27,10.48,0.72,9.76,
48389,2011-08-11,4.11,89.54,11.67,30.02,14.56,14.57,33.44,26.33,7.11,31.66,3.83,5.37,2.28,3.08,5.09,8.09,2.57,5.52,
41019,2000-02-11,7.96,94.36,5.91,5.49,5.31,5.31,7.45,4.02,3.43,5.41,1.09,1.45,0.61,0.84,2.47,3.77,1.17,2.6,
42099,2009-12-17,0.0,99.57,2.06,-4.49,-7.94,-7.85,-0.31,-7.34,7.03,-4.74,2.91,4.3,1.55,2.75,5.07,6.76,3.27,3.5,
42027,2006-11-18,0.0,97.0,3.99,2.52,0.22,0.23,7.51,-0.78,8.29,2.51,1.39,1.72,1.11,0.61,3.3,4.21,1.79,2.42,
48093,2006-05-07,3.32,96.07,11.68,19.92,15.74,15.74,25.28,14.03,11.26,20.97,3.66,5.58,1.75,3.83,5.16,8.12,3.2,4.93,
37045,2002-05-24,0.0,97.98,6.78,19.68,7.61,7.62,30.18,9.13,21.04,20.06,2.04,2.52,1.22,1.3,3.96,6.09,1.63,4.46,
46123,2009-09-30,3.23,93.09,7.16,15.61,7.5,7.5,23.36,7.79,15.58,15.81,9.1,13.53,1.47,12.06,12.06,16.99,2.51,14.48,
54053,2013-11-11,0.37,99.35,3.68,5.8,-0.69,-0.64,14.32,-1.86,16.18,5.18,1.75,2.54,0.7,1.84,3.79,6.1,1.06,5.04,
16011,2009-07-19,0.21,83.96,8.59,24.46,9.01,9.01,32.75,16.56,16.19,24.8,5.09,8.79,2.69,6.1,7.8,11.12,3.43,7.69,
48423,2007-10-04,0.1,99.71,13.31,25.97,18.33,18.33,33.04,19.61,13.44,26.5,2.33,2.96,1.33,1.63,4.28,6.7,1.61,5.08,
21083,2004-08-30,0.0,100.28,11.62,21.59,16.34,16.34,27.34,17.28,10.06,22.07,3.73,5.05,2.57,2.47,5.74,6.89,5.01,1.88,
17045,2005-05-22,0.05,98.64,10.19,18.69,13.91,13.91,26.69,13.01,13.68,18.43,4.89,8.34,1.46,6.88,7.79,10.99,2.82,8.16,
24019,2014-07-31,0.0,101.82,13.03,24.8,18.34,18.34,29.14,19.73,9.41,25.59,3.99,4.97,3.32,1.66,5.32,6.79,4.01,2.77,
30019,2001-01-05,0.18,91.42,3.53,-0.06,-2.43,-2.42,6.48,-6.81,13.29,-1.8,8.15,14.18,2.52,11.66,11.59,19.09,3.86,15.23,
48145,2002-08-29,0.0,99.91,10.67,28.58,14.9,14.9,36.15,21.77,14.38,29.93,3.78,5.78,2.17,3.61,5.82,6.85,3.87,2.99,
22009,2016-11-29,6.7,100.08,13.93,21.06,19.01,19.01,27.33,14.46,12.87,20.47,3.75,6.48,1.16,5.32,6.35,9.22,1.81,7.41,3.0
47081,2009-07-27,0.6,98.87,14.16,24.84,19.23,19.23,30.26,19.2,11.06,24.54,1.31,1.68,0.62,1.07,2.14,3.12,0.91,2.22,
51610,2013-08-01,14.25,100.21,14.98,24.37,20.35,20.35,29.41,20.54,8.87,24.67,2.15,3.34,1.23,2.11,3.57,5.63,1.98,3.65,
37005,2011-04-17,0.02,94.54,5.13,9.5,3.11,3.12,17.72,1.99,15.73,9.52,3.52,4.85,1.96,2.89,6.75,9.27,5.22,4.05,
46085,2008-05-27,4.46,95.94,5.31,9.35,4.04,4.05,13.12,5.66,7.46,10.3,3.81,5.35,2.08,3.28,5.08,6.3,4.04,2.26,0.0
18171,2005-01-04,11.63,99.74,4.06,1.52,0.81,0.82,3.72,-0.4,4.12,1.57,4.26,6.75,3.04,3.71,5.71,8.49,4.02,4.47,0.0
31027,2009-03-30,1.92,94.82,4.65,6.51,1.43,1.45,15.15,-1.14,16.29,6.75,8.33,12.05,4.06,7.99,10.95,14.7,6.89,7.81,
51660,2000-11-05,0.0,96.76,3.66,6.52,-1.09,-1.03,13.81,1.71,12.11,6.48,2.5,3.69,1.82,1.87,4.98,5.75,3.53,2.22,
48161,2015-02-15,3.96,100.2,10.1,15.26,14.09,14.09,19.83,11.08,8.75,14.95,4.33,6.38,3.04,3.34,6.95,9.31,3.96,5.35,
51089,2008-06-13,0.38,98.39,13.14,25.44,17.95,17.95,31.8,19.69,12.12,25.75,1.6,2.21,1.02,1.19,3.2,4.52,1.5,3.02,
48303,2004-11-25,0.01,90.19,4.67,6.92,1.29,1.3,16.47,-0.3,16.77,6.57,5.11,6.69,3.54,3.15,8.2,10.71,5.01,5.71,
38025,2006-11-28,1.92,92.64,1.33,-10.66,-15.08,-14.45,-4.98,-16.9,11.92,-10.01,9.6,12.57,2.53,10.04,11.45,15.0,2.87,12.13,2.0
27047,2000-01-28,0.0,99.1,1.29,-12.24,-13.38,-13.33,-5.93,-17.26,11.33,-12.87,4.2,5.1,3.14,1.96,6.03,7.63,4.84,2.78,
31159,2003-01-28,0.1,96.11,3.49,-0.53,-1.76,-1.75,2.13,-3.45,5.58,-0.85,4.79,6.61,1.05,5.57,6.76,9.26,1.65,7.61,2.9098
51685,2016-05-15,0.01,100.54,4.68,10.31,2.86,2.88,15.3,5.7,9.6,10.75,4.98,6.93,2.48,4.46,7.95,9.75,5.38,4.37,
36081,2006-05-16,17.88,99.88,8.19,13.12,10.96,10.96,16.11,11.15,4.96,12.85,3.36,4.44,0.89,3.55,5.44,8.13,1.19,6.93,0.0056
39017,2012-04-12,0.0,99.3,4.34,8.23,1.53,1.55,15.22,0.97,14.25,7.33,2.03,2.71,0.38,2.33,3.04,5.28,0.48,4.8,
39127,2003-08-06,1.56,97.98,13.02,22.13,17.76,17.76,27.16,15.94,11.22,21.84,1.3,1.78,0.69,1.09,2.3,3.4,1.03,2.36,
29047,2004-03-16,0.37,98.5,3.72,2.68,-0.6,-0.58,8.43,-2.44,10.87,4.27,4.15,8.86,0.93,7.93,5.71,10.95,1.07,9.89,1.1812
46067,2001-02-08,0.72,96.71,1.53,-9.83,-11.66,-11.57,-6.69,-13.26,6.56,-9.38,7.11,9.94,4.45,5.49,8.9,12.17,6.61,5.55,
12073,2011-09-15,0.89,101.11,15.31,26.99,20.8,20.8,33.71,21.23,12.47,27.38,2.31,3.09,1.93,1.16,4.1,5.12,3.01,2.11,
48287,2001-06-27,0.36,100.77,14.6,28.65,19.9,19.9,35.81,22.55,13.26,29.61,4.22,5.49,2.69,2.8,6.21,8.47,4.84,3.63,
29177,2015-06-01,0.0,99.18,9.14,16.06,12.5,12.5,21.45,11.94,9.51,16.92,2.86,4.79,1.6,3.19,4.34,6.06,2.61,3.45,
27169,2000-06-15,16.71,96.27,10.27,17.32,13.68,13.68,21.37,11.19,10.17,17.39,5.3,6.27,3.95,2.31,7.52,9.84,5.19,4.64,
13125,2012-05-01,0.0,100.36,11.96,25.69,16.78,16.78,33.58,18.44,15.14,26.36,2.4,3.56,1.57,1.99,4.35,7.34,2.41,4.93,4.6091
29077,2008-10-19,0.0,98.0,6.69,11.72,7.63,7.64,19.91,4.98,14.94,11.76,3.75,5.34,2.76,2.58,6.42,7.97,4.79,3.18,
27125,2015-12-22,3.65,95.91,2.62,-4.51,-5.63,-5.61,-0.94,-8.55,7.61,-4.89,7.75,10.66,5.51,5.14,10.26,14.01,7.71,6.3,0.9651
31115,2012-05-15,0.0,92.78,4.28,18.75,0.51,0.57,26.59,10.9,15.7,19.51,5.7,8.89,3.14,5.76,8.48,10.65,6.8,3.85,0.0
18077,2015-09-26,0.57,99.35,10.62,18.45,14.84,14.84,23.44,15.72,7.72,18.63,3.57,4.7,2.44,2.26,5.89,6.96,5.12,1.84,
51730,2011-01-04,0.0,101.22,2.92,-0.15,-3.43,-3.4,6.77,-4.44,11.2,-0.21,2.74,3.91,1.99,1.91,5.53,7.19,3.34,3.86,0.7966
35039,2008-08-02,0.03,76.25,6.74,22.71,4.06,4.07,31.33,14.49,16.84,23.92,2.43,3.6,0.78,2.82,3.68,6.6,1.36,5.24,
12121,2008-03-19,5.23,101.0,12.5,20.82,17.58,17.58,25.96,16.07,9.89,20.78,5.02,6.94,2.96,3.98,8.66,11.13,5.84,5.29,
41001,2003-02-16,6.55,85.35,3.91,0.17,-1.87,-1.85,3.25,-2.99,6.24,-0.2,3.28,6.03,1.65,4.37,5.46,8.54,2.98,5.56,
31081,2013-08-13,9.02,95.51,10.39,19.47,13.83,13.83,23.44,15.95,7.49,19.53,2.72,4.28,1.13,3.15,4.03,6.79,2.05,4.74,1.7332999999999998
32033,2016-10-19,0.0,80.16,2.96,2.82,-6.2,-6.1,11.36,-3.28,14.64,3.38,2.95,4.31,2.25,2.06,3.91,4.75,3.37,1.37,
29510,2006-12-14,0.0,99.13,5.99,8.85,6.23,6.23,15.18,4.86,10.31,8.08,4.55,7.42,3.21,4.22,8.12,9.94,6.63,3.32,
55053,2007-12-17,0.02,97.97,1.65,-10.18,-10.78,-10.75,-5.81,-12.87,7.06,-10.44,4.28,5.22,2.68,2.54,6.46,8.4,5.26,3.14,
29131,2008-03-19,10.77,98.43,4.05,2.96,0.58,0.59,7.98,0.65,7.33,1.93,2.94,3.74,1.73,2.0,5.04,6.46,3.2,3.26,
18097,2015-06-09,0.15,98.16,11.69,21.6,16.11,16.11,27.08,14.62,12.46,21.17,2.57,3.85,0.68,3.17,3.96,7.49,0.95,6.54,0.0237999999999999
29217,2009-07-03,9.36,98.45,15.11,23.42,20.19,20.19,27.46,19.75,7.7,23.42,4.0,5.97,2.46,3.51,6.09,9.52,3.83,5.69,
20017,2000-04-29,0.01,96.88,7.11,16.64,8.36,8.37,23.45,9.32,14.13,16.62,3.63,5.47,1.8,3.67,5.41,7.96,2.68,5.28,
4009,2005-12-12,1.17,86.6,4.01,7.26,-2.82,-2.63,11.65,4.14,7.5,6.12,2.16,3.09,1.28,1.81,3.25,4.26,1.65,2.61,
45069,2002-05-01,3.67,100.0,12.57,22.49,17.47,17.48,28.7,16.07,12.63,23.13,2.96,4.22,1.82,2.4,4.95,6.77,4.01,2.76,
8063,2008-06-08,3.38,86.03,7.09,15.54,6.53,6.54,22.97,9.47,13.5,17.86,4.18,8.74,0.62,8.13,5.28,11.18,1.02,10.16,
48475,2000-12-20,0.23,91.06,2.31,6.91,-7.8,-7.49,20.1,-1.82,21.92,6.06,5.69,8.69,3.44,5.25,8.44,11.24,6.33,4.91,
13117,2002-05-08,0.07,97.3,14.19,23.3,19.02,19.02,29.26,18.29,10.97,23.23,2.25,3.36,1.57,1.79,4.56,5.37,2.83,2.53,
26119,2004-02-17,0.01,99.53,1.93,-8.19,-9.21,-9.19,-1.91,-12.98,11.08,-8.51,4.23,5.25,2.35,2.9,6.12,7.83,3.07,4.76,0.0
28059,2012-01-15,0.0,102.89,5.92,11.09,6.54,6.54,15.11,7.29,7.82,13.03,3.56,5.52,1.99,3.54,4.37,6.87,2.07,4.8,
28035,2006-02-15,0.03,101.22,8.48,13.54,11.51,11.51,20.77,6.78,13.98,13.58,2.21,3.19,1.67,1.53,5.06,6.09,3.32,2.77,
37063,2012-05-30,13.82,99.29,13.25,23.13,18.12,18.12,27.37,18.29,9.07,22.64,2.17,4.45,0.39,4.06,3.83,6.79,0.78,6.01,
19187,2006-10-08,0.03,98.03,6.67,14.99,7.55,7.56,20.17,11.54,8.62,15.13,5.35,7.94,2.85,5.08,7.54,9.64,3.65,5.99,
19191,2012-12-08,0.27,97.67,2.82,-1.5,-4.26,-4.22,2.53,-4.62,7.15,-1.39,3.63,5.36,2.2,3.16,5.71,7.42,3.72,3.7,
51510,2016-03-03,2.32,101.34,2.67,-0.37,-4.66,-4.57,4.42,-4.34,8.76,0.25,1.89,2.84,0.57,2.27,3.24,5.54,0.46,5.08,
26035,2001-04-23,7.39,97.54,10.04,16.01,13.12,13.12,22.31,6.1,16.21,15.85,8.37,10.65,5.35,5.31,11.89,14.93,8.33,6.59,
51019,2012-10-17,0.0,96.31,5.79,12.25,5.21,5.22,20.68,5.67,15.01,11.8,1.63,2.46,0.46,2.0,3.63,6.07,0.62,5.45,
31173,2006-05-21,0.11,96.67,6.75,14.49,7.43,7.44,19.69,10.51,9.18,15.39,5.25,6.33,3.09,3.24,6.84,8.56,5.45,3.11,
8053,2013-06-11,0.0,70.63,2.97,13.59,-7.78,-7.59,22.05,4.92,17.13,13.2,4.27,7.52,1.87,5.65,6.69,10.84,3.02,7.82,3.0459
46053,2013-12-09,0.01,95.07,1.11,-11.7,-15.65,-15.29,-6.29,-20.18,13.89,-12.19,7.56,11.23,4.61,6.63,10.55,15.41,6.47,8.94,
51165,2011-05-31,0.0,96.67,14.69,24.89,19.4,19.4,31.62,17.0,14.62,24.08,1.42,2.05,0.89,1.16,2.82,5.63,1.28,4.35,0.0
32023,2016-12-23,5.18,81.74,4.31,-0.02,-1.12,-1.11,3.32,-3.04,6.36,-0.11,5.56,7.8,2.2,5.61,7.35,9.22,3.55,5.67,
38057,2008-11-10,0.03,94.3,2.05,-8.02,-9.15,-9.11,-2.38,-14.68,12.3,-8.1,5.41,6.43,4.18,2.24,7.54,8.23,6.55,1.68,
1093,2006-12-04,0.0,101.02,1.94,-2.46,-8.46,-8.26,4.22,-6.79,11.01,-2.78,2.2,2.99,1.32,1.67,3.89,5.83,2.34,3.48,
20097,2008-04-01,0.0,94.94,2.82,4.25,-4.7,-4.57,10.88,-1.29,12.17,5.61,4.51,8.42,2.01,6.41,6.55,9.89,2.75,7.14,0.9982
48433,2011-11-14,0.0,94.37,7.5,19.0,8.74,8.74,24.28,15.48,8.8,18.83,3.45,5.01,0.72,4.28,5.5,9.04,1.36,7.67,
42133,2008-09-12,18.14,100.02,14.0,20.55,19.14,19.14,23.21,17.07,6.14,20.55,3.59,5.34,2.31,3.03,5.86,7.21,4.43,2.77,
21085,2013-02-17,0.0,99.86,2.41,-0.99,-5.95,-5.86,4.69,-5.42,10.11,-0.8,2.48,3.54,1.19,2.35,4.13,7.5,1.78,5.72,
54105,2016-06-25,0.05,98.66,13.48,24.58,18.4,18.41,30.63,18.61,12.03,24.06,0.92,1.85,0.14,1.71,1.99,5.31,0.28,5.02,
48351,2002-01-20,0.12,101.15,5.1,6.01,3.89,3.9,11.31,0.44,10.87,6.25,1.46,1.84,1.18,0.66,2.99,4.11,2.18,1.93,
38059,2013-05-14,0.23,93.57,6.36,18.51,5.53,5.56,24.31,12.45,11.86,18.49,7.79,14.09,1.09,12.99,10.49,17.45,1.68,15.77,0.2009
48257,2006-04-21,10.15,99.64,11.34,20.56,15.86,15.86,25.8,16.45,9.36,21.41,3.06,4.71,1.37,3.34,4.32,6.39,1.66,4.74,
51031,2004-10-05,0.0,99.15,6.87,12.84,8.14,8.14,19.06,7.19,11.87,12.84,1.59,2.42,0.92,1.5,3.61,5.11,1.33,3.78,0.0
5097,2010-05-12,0.05,98.09,14.36,23.61,19.35,19.35,28.85,19.46,9.39,23.63,3.17,4.28,2.16,2.12,6.58,7.93,5.01,2.93,
13145,2006-08-29,5.43,98.85,17.71,28.79,22.82,22.82,34.58,24.1,10.47,28.86,1.23,1.43,0.97,0.46,2.83,4.04,1.75,2.29,3.0
47111,2008-06-23,0.6,99.23,11.99,21.75,16.69,16.68,27.64,16.58,11.05,21.71,1.97,3.03,0.46,2.57,3.21,5.01,0.48,4.52,
45053,2008-11-16,0.0,101.69,4.85,8.52,3.56,3.57,13.66,4.63,9.04,9.38,3.08,3.88,2.09,1.79,5.53,6.72,4.79,1.93,
46089,2010-09-21,0.01,94.82,6.24,11.84,6.14,6.15,18.46,7.25,11.21,12.36,4.42,7.63,1.99,5.64,6.44,9.61,3.36,6.25,0.9434
37001,2008-04-07,0.16,100.07,6.48,10.05,7.53,7.53,14.77,7.21,7.56,10.42,2.76,3.6,1.96,1.63,4.28,5.22,3.59,1.63,
4025,2004-03-07,0.04,86.4,3.65,12.07,-2.55,-2.47,22.72,3.96,18.76,12.54,5.83,8.87,3.17,5.7,8.56,11.19,5.08,6.11,
13171,2014-06-12,1.78,98.45,14.46,23.19,19.5,19.5,28.23,18.77,9.46,23.3,1.74,2.2,1.39,0.81,3.59,4.56,2.7,1.86,
12053,2002-09-24,28.83,101.06,19.28,25.77,24.62,24.62,28.32,24.19,4.13,25.82,3.68,5.25,2.79,2.46,5.48,7.46,4.13,3.33,0.0
42035,2005-05-08,0.0,95.99,5.66,10.62,4.92,4.92,17.5,4.65,12.85,10.62,2.93,4.29,1.65,2.64,6.29,8.13,4.48,3.64,
45001,2002-06-22,4.95,100.13,13.34,23.83,18.45,18.45,29.59,19.32,10.27,24.14,3.05,4.45,1.86,2.58,5.45,7.11,3.95,3.16,
51077,2009-03-25,9.88,93.08,4.85,3.48,2.33,2.33,5.37,1.71,3.66,3.47,2.75,3.29,1.85,1.44,4.46,5.19,3.07,2.12,
54109,2011-07-21,0.94,95.6,17.47,26.23,22.01,22.01,30.03,21.81,8.22,25.67,1.19,1.59,0.69,0.9,2.49,3.83,1.59,2.24,
48277,2012-05-11,34.82,99.37,11.4,17.83,15.9,15.9,20.52,16.18,4.33,17.94,4.49,7.55,2.6,4.94,6.8,10.23,4.93,5.3,
29009,2015-02-04,0.35,97.55,3.52,0.56,-1.76,-1.74,8.88,-4.87,13.75,0.68,5.1,7.9,1.49,6.42,7.38,10.31,2.1,8.2,
21127,2002-03-30,0.99,98.46,5.27,10.35,4.07,4.1,17.73,3.43,14.29,9.84,1.27,2.54,0.3,2.24,2.64,5.06,0.51,4.55,
8023,2006-09-29,0.0,75.64,4.17,12.55,-2.64,-2.58,22.92,3.72,19.2,12.35,2.25,3.33,0.99,2.34,3.61,6.46,1.3,5.16,
5111,2011-07-27,0.0,100.19,16.46,30.64,21.83,21.82,37.21,24.03,13.18,31.27,2.19,2.67,1.62,1.05,3.46,4.61,2.36,2.25,
30003,2015-09-14,0.07,84.87,6.56,21.58,4.99,5.02,30.85,12.54,18.32,22.26,2.01,3.37,0.21,3.16,3.54,5.95,0.72,5.23,
55097,2011-11-25,0.89,97.43,5.72,5.82,5.32,5.32,7.87,3.93,3.95,5.4,5.41,7.44,2.71,4.73,8.06,10.42,5.42,5.0,
1129,2013-07-07,16.99,101.22,18.25,24.51,23.73,23.73,26.43,22.49,3.93,24.57,1.64,2.0,1.23,0.77,3.63,4.62,2.36,2.26,
12039,2009-12-24,29.18,100.75,8.94,13.0,12.02,12.02,17.49,7.21,10.27,12.96,4.44,6.12,3.15,2.97,7.18,10.23,5.18,5.05,
16001,2016-11-03,0.0,90.07,3.8,7.52,-1.5,-1.45,15.18,2.9,12.28,7.04,3.32,4.25,2.22,2.03,5.36,7.83,3.98,3.85,
27083,2003-02-07,0.0,96.76,1.01,-12.94,-16.94,-16.6,-4.66,-22.98,18.32,-13.67,7.06,9.41,3.25,6.16,9.43,11.96,4.72,7.25,
21115,2016-08-18,1.65,97.91,15.28,23.65,20.27,20.27,27.53,20.42,7.12,23.64,1.08,1.43,0.77,0.66,2.73,3.48,1.4,2.08,
31163,2000-06-09,0.32,93.1,10.27,27.36,13.17,13.17,34.91,18.36,16.55,28.19,11.55,13.74,8.53,5.22,15.15,17.51,11.94,5.58,
21115,2016-09-21,0.0,97.96,8.82,23.32,11.73,11.73,32.62,15.98,16.65,23.1,1.59,2.33,0.62,1.71,3.82,5.85,1.13,4.72,
8067,2015-12-24,3.9,74.75,1.73,-12.55,-15.04,-14.74,-5.85,-21.79,15.94,-15.04,2.26,4.07,0.57,3.51,3.85,7.61,1.51,6.1,
48089,2014-09-12,15.58,100.43,17.77,27.27,23.12,23.12,31.86,22.26,9.59,27.8,3.5,6.73,0.71,6.02,4.74,8.96,1.25,7.71,
51019,2006-12-19,0.06,97.47,5.59,7.71,4.65,4.65,13.34,-0.0,13.34,7.63,2.02,2.87,1.67,1.2,4.86,6.33,3.23,3.1,0.0
42007,2016-06-01,0.68,97.54,12.49,23.09,16.99,16.99,29.94,15.93,14.01,23.12,1.49,1.95,1.13,0.83,3.58,5.69,1.86,3.83,
49017,2007-02-19,0.76,80.8,3.39,2.74,-4.39,-4.34,8.47,-2.62,11.09,2.74,5.0,8.52,2.53,6.0,7.4,10.04,4.63,5.41,
6027,2008-08-19,0.0,87.74,4.11,26.05,-0.9,-0.81,34.54,17.79,16.74,28.2,2.52,5.63,0.34,5.29,3.0,5.94,0.57,5.37,2.0685
48191,2009-11-01,0.0,93.72,4.03,13.9,-0.21,-0.14,23.93,6.97,16.97,13.65,4.76,6.97,3.18,3.78,8.09,9.73,4.7,5.03,
30019,2006-11-20,0.43,91.71,4.38,3.51,0.66,0.68,9.23,0.75,8.48,1.93,4.99,6.44,2.59,3.85,8.61,10.81,4.65,6.16,
40017,2003-05-26,0.1,97.62,8.24,18.45,10.72,10.72,25.24,11.4,13.84,19.5,3.51,4.91,1.88,3.04,5.16,6.77,3.64,3.13,
51105,2015-07-25,0.03,95.87,13.15,23.71,17.54,17.54,29.1,15.98,13.11,22.93,0.99,1.55,0.12,1.43,1.7,3.83,0.16,3.67,
22101,2016-07-02,0.03,101.62,17.45,29.5,23.05,23.05,33.66,25.53,8.14,30.25,2.14,3.12,0.28,2.85,2.92,5.1,0.22,4.88,
29181,2002-07-21,0.8,99.68,18.57,27.38,23.76,23.76,32.66,22.35,10.31,27.4,1.55,1.94,1.28,0.66,3.44,4.77,1.89,2.88,
55107,2016-01-24,0.14,97.0,2.2,-6.72,-7.49,-7.48,-3.81,-10.14,6.33,-6.93,2.73,4.29,0.93,3.36,4.59,6.53,1.54,4.99,
53061,2012-07-03,19.78,93.61,7.11,9.02,7.83,7.83,11.73,7.37,4.35,8.88,2.14,3.62,0.18,3.44,3.78,6.17,0.34,5.83,0.0
28099,2005-04-14,0.02,100.18,8.29,14.17,11.12,11.12,19.82,9.85,9.97,14.12,1.89,2.67,1.21,1.46,3.95,4.84,2.84,1.99,
40003,2014-05-05,0.0,95.69,5.29,27.11,3.5,3.55,37.9,17.33,20.57,27.97,4.62,9.34,0.31,9.03,6.83,13.67,0.9,12.76,
37033,2007-03-13,0.0,100.13,7.61,13.72,9.67,9.67,23.25,5.27,17.98,13.6,2.6,3.43,1.88,1.55,5.16,8.24,2.35,5.89,1.0
50003,2003-03-23,0.26,96.99,4.01,2.17,0.26,0.27,7.05,-1.57,8.62,1.76,2.3,3.74,1.38,2.35,4.11,6.06,2.58,3.48,
26155,2002-05-01,6.89,97.7,4.71,9.33,2.42,2.44,15.63,1.33,14.3,9.38,4.54,7.3,1.04,6.26,6.22,9.3,1.5,7.8,
39055,2010-01-15,0.0,98.46,3.75,0.42,-0.46,-0.45,1.96,-1.79,3.76,-0.28,2.53,4.76,1.04,3.72,4.6,8.07,1.56,6.52,
29057,2008-05-07,52.38,96.36,12.29,17.6,16.59,16.59,20.29,15.93,4.36,17.56,4.57,7.1,2.12,4.98,6.43,9.39,2.67,6.72,
47111,2011-05-29,0.0,99.1,15.19,23.73,20.25,20.25,29.91,17.15,12.75,23.48,3.93,5.45,2.78,2.67,6.79,8.14,5.23,2.91,
31083,2011-04-15,20.51,93.15,3.95,2.53,-0.75,-0.73,6.71,-2.1,8.81,2.61,13.63,17.28,6.8,10.48,17.28,21.82,9.69,12.13,
21019,2009-11-08,0.0,99.16,7.19,12.19,8.8,8.8,20.85,6.79,14.06,11.51,1.81,2.57,1.05,1.52,3.71,5.3,1.87,3.43,
26063,2002-02-08,0.01,99.33,3.35,-0.42,-1.9,-1.89,2.87,-2.87,5.74,0.27,6.08,8.81,3.77,5.04,7.57,10.09,4.72,5.36,
38089,2008-03-04,0.28,91.9,2.76,-1.36,-5.87,-5.76,3.86,-9.94,13.8,-0.84,7.02,10.37,4.27,6.1,9.08,12.29,6.35,5.94,2.9862
56019,2011-06-19,6.81,81.03,7.67,10.61,6.82,6.82,13.86,8.04,5.82,10.59,3.54,4.79,1.97,2.82,5.3,7.26,2.66,4.6,
51191,2015-07-13,20.47,92.49,16.34,22.74,20.46,20.46,27.25,20.33,6.92,22.75,2.01,2.76,1.35,1.41,4.28,5.19,3.29,1.9,
13193,2013-04-14,22.62,99.75,9.64,14.56,13.27,13.27,16.93,11.54,5.38,14.31,3.55,5.84,2.16,3.67,6.17,8.47,3.38,5.09,
48197,2002-06-03,0.85,95.24,12.04,28.4,15.96,15.96,36.57,20.07,16.5,29.64,7.05,8.24,5.29,2.95,9.21,10.25,7.52,2.73,
47073,2011-07-07,1.88,94.48,14.6,24.19,18.97,18.97,29.63,18.24,11.39,24.31,1.05,1.71,0.45,1.26,2.13,4.71,0.65,4.06,
29187,2015-05-05,0.43,99.52,12.15,21.07,16.93,16.93,26.7,15.58,11.12,21.01,2.69,3.57,1.76,1.82,5.24,6.43,3.54,2.89,0.0
26143,2006-11-17,0.12,97.24,3.63,0.7,-1.02,-1.01,4.1,-0.88,4.99,0.58,3.24,4.75,1.35,3.4,5.58,7.88,2.9,4.98,
40005,2011-07-26,0.91,98.47,12.87,32.44,17.67,17.68,36.92,28.74,8.18,33.57,3.81,4.84,2.26,2.58,5.27,6.81,4.27,2.54,3.0743
1117,2016-06-10,0.0,99.71,11.32,25.74,15.72,15.72,33.8,16.37,17.44,24.96,1.24,2.02,0.4,1.62,2.29,4.34,0.54,3.8,
13299,2013-03-04,0.0,101.66,4.02,6.16,0.58,0.61,14.57,-2.75,17.32,6.19,1.9,2.75,1.04,1.71,3.54,5.73,1.65,4.08,
28027,2001-03-12,30.67,100.16,10.02,15.46,13.94,13.94,20.76,11.24,9.52,15.34,4.18,6.13,1.97,4.16,6.74,9.42,2.51,6.91,
19129,2014-10-02,3.32,96.78,9.77,14.76,13.0,13.0,18.06,10.22,7.85,14.65,4.76,8.07,1.73,6.34,7.23,9.79,3.56,6.23,
13111,2001-12-04,0.02,96.48,4.73,11.42,2.37,2.4,22.7,5.22,17.48,10.28,1.51,2.17,0.54,1.64,3.18,5.62,0.85,4.77,3.0
37115,2013-10-02,0.01,93.6,10.07,18.18,13.03,13.04,24.48,12.25,12.23,16.77,1.12,1.5,0.44,1.06,1.89,2.61,0.72,1.89,
38079,2010-11-15,0.03,94.62,3.1,-1.1,-3.47,-3.45,2.66,-2.81,5.48,-1.27,1.41,2.84,0.15,2.69,2.23,4.35,0.08,4.27,
17039,2003-03-28,9.04,97.96,6.76,9.25,6.85,6.86,15.01,1.02,13.98,9.14,8.68,11.43,6.47,4.96,11.44,15.83,9.91,5.92,
19167,2007-10-31,0.0,97.15,3.42,5.76,-1.95,-1.89,10.45,0.62,9.83,5.45,7.21,11.21,3.22,8.0,10.19,14.61,5.89,8.72,
56023,2015-12-03,1.44,77.36,2.36,-7.96,-9.63,-9.59,-1.52,-12.51,11.0,-10.73,1.91,2.88,0.3,2.58,3.16,5.1,0.43,4.67,
4025,2009-03-26,0.0,84.78,2.36,7.68,-8.92,-8.49,16.88,-1.24,18.12,7.82,7.4,12.67,2.81,9.86,10.1,15.44,4.56,10.88,
48447,2000-12-14,0.55,97.58,3.64,1.2,-1.21,-1.19,8.73,-4.76,13.49,1.25,2.97,5.73,1.63,4.1,4.7,9.01,2.21,6.8,
20067,2012-01-11,0.0,90.59,2.3,-0.89,-8.69,-8.33,1.76,-7.45,9.21,-1.22,9.47,13.1,3.89,9.21,12.7,16.09,7.16,8.93,
29217,2014-01-16,0.0,97.95,2.95,2.17,-3.88,-3.79,8.31,-4.84,13.15,1.57,7.83,11.19,4.3,6.9,11.2,14.48,7.06,7.43,
29097,2002-07-25,0.03,97.82,14.62,27.15,19.56,19.56,33.98,19.88,14.1,27.65,3.64,4.4,2.27,2.13,5.86,8.66,4.39,4.27,
36029,2000-09-22,2.62,98.29,6.1,13.02,6.28,6.29,19.15,8.04,11.11,13.61,1.9,2.75,1.12,1.63,3.39,5.15,1.79,3.36,
40119,2014-10-12,0.49,97.54,8.53,15.36,11.06,11.06,21.24,9.0,12.24,15.8,4.73,8.08,0.88,7.2,6.56,10.2,1.31,8.89,
46117,2000-03-16,0.0,95.27,2.28,0.15,-7.28,-7.15,8.31,-6.54,14.85,1.86,4.12,8.4,0.77,7.63,5.7,11.16,0.91,10.24,
13273,2006-03-02,0.0,100.23,11.32,17.52,15.84,15.84,23.54,11.18,12.36,17.3,4.96,7.93,3.36,4.57,8.2,10.12,6.57,3.55,
18133,2000-01-13,0.54,99.96,2.63,-1.83,-5.02,-4.96,2.64,-5.79,8.43,-1.97,6.34,8.72,3.04,5.68,8.84,10.96,5.34,5.62,
41041,2007-03-16,0.03,99.35,6.46,11.34,7.03,7.04,17.81,7.69,10.12,9.97,0.96,1.87,0.12,1.75,1.55,3.54,0.17,3.37,
12069,2000-05-06,0.01,101.75,10.85,24.42,15.42,15.42,31.34,17.87,13.46,26.07,4.27,5.82,2.58,3.24,5.97,7.55,4.85,2.7,
45065,2012-12-04,0.0,100.79,8.48,15.25,11.6,11.6,22.84,9.31,13.53,15.12,2.02,2.55,1.42,1.13,4.34,5.89,1.96,3.93,3.9934
21101,2003-11-20,0.46,100.01,6.78,11.66,8.12,8.13,20.41,4.85,15.56,10.85,4.31,6.59,2.06,4.54,7.23,9.97,3.16,6.82,
12073,2012-10-25,0.05,101.1,13.95,22.46,19.33,19.33,27.82,18.04,9.79,22.77,2.58,3.26,1.62,1.64,4.66,5.34,3.67,1.67,
6115,2000-05-25,0.04,95.14,9.07,18.91,11.7,11.7,24.12,12.57,11.55,18.93,2.22,3.92,0.21,3.71,3.2,5.9,0.36,5.55,
37187,2012-07-17,1.14,101.17,17.24,28.48,22.76,22.77,33.74,23.6,10.14,29.03,2.83,3.8,1.62,2.17,4.4,6.71,1.97,4.74,0.0
20203,2016-03-07,0.0,89.03,3.54,13.88,-2.84,-2.69,23.08,6.12,16.96,13.7,6.75,11.45,3.38,8.08,9.82,14.01,6.33,7.68,
19025,2007-11-04,0.0,96.91,4.35,7.41,1.07,1.1,15.83,-0.43,16.26,6.85,6.21,8.59,3.51,5.08,9.6,11.68,5.63,6.05,
5141,2003-11-02,0.0,98.45,10.23,18.94,14.11,14.11,26.72,12.76,13.96,18.94,1.97,3.0,1.29,1.72,4.6,6.19,1.92,4.27,
39115,2011-01-15,0.1,98.46,2.78,-2.94,-4.47,-4.45,1.27,-6.14,7.41,-3.01,2.84,4.51,1.7,2.81,5.25,7.73,3.67,4.06,
28117,2005-10-19,0.0,99.8,10.5,22.68,14.68,14.68,32.34,16.08,16.26,22.62,2.22,2.76,1.43,1.33,4.52,6.52,2.16,4.35,
40117,2016-10-23,0.0,98.44,7.88,17.93,10.03,10.03,26.56,11.82,14.74,17.85,4.89,6.2,3.03,3.17,7.55,9.59,5.8,3.79,
16073,2016-09-06,0.0,86.47,3.84,15.16,-2.03,-1.93,23.48,7.49,15.99,16.07,3.56,6.09,2.3,3.79,5.29,9.27,2.82,6.45,0.172
19059,2015-06-21,0.07,96.36,11.01,22.77,14.88,14.88,29.03,16.53,12.5,22.73,3.54,5.45,2.39,3.06,5.54,9.29,3.85,5.44,
46125,2016-03-31,6.24,95.3,4.47,4.91,1.52,1.53,10.0,2.19,7.8,5.68,5.88,8.53,3.32,5.21,7.42,11.27,3.95,7.32,
21175,2004-01-14,1.05,97.54,3.75,1.54,-0.8,-0.79,6.71,-3.81,10.52,1.34,2.99,5.13,0.24,4.89,5.46,9.39,0.36,9.03,
31147,2000-01-12,0.0,97.4,2.56,-0.65,-5.58,-5.5,4.7,-3.47,8.16,-0.8,4.97,6.82,0.48,6.34,7.31,10.31,0.41,9.89,
54083,2006-02-05,1.98,91.53,2.5,-3.79,-6.58,-6.53,-2.58,-5.53,2.95,-3.78,5.56,6.25,4.84,1.41,9.23,10.04,8.24,1.8,
18101,2006-11-07,8.33,98.84,8.09,11.02,10.6,10.6,13.36,8.31,5.05,10.68,2.11,3.63,0.15,3.48,3.8,6.73,0.26,6.47,0.0
5045,2002-02-20,0.75,99.14,6.24,9.76,6.76,6.76,15.24,6.07,9.17,9.4,4.0,6.3,2.39,3.91,6.88,8.94,4.49,4.45,
48425,2008-07-06,0.0,98.14,11.92,29.32,16.42,16.42,36.11,21.73,14.38,30.99,5.43,7.06,2.89,4.17,7.4,8.77,5.0,3.77,
1071,2010-02-10,0.01,97.88,2.43,-2.83,-6.13,-6.07,-0.05,-6.03,5.98,-2.57,4.27,5.34,2.83,2.51,7.08,8.74,4.96,3.77,
54095,2002-09-08,0.0,98.14,6.3,24.24,6.63,6.66,35.03,15.39,19.64,24.21,1.45,2.06,0.28,1.78,3.75,6.36,0.41,5.94,
30039,2013-12-18,1.78,79.89,3.22,-4.43,-5.25,-5.24,-1.0,-7.55,6.55,-4.65,2.28,3.16,1.02,2.14,4.4,6.15,2.18,3.97,
31013,2010-02-08,0.15,87.46,1.14,-11.08,-16.18,-15.66,-7.15,-15.14,7.98,-10.31,5.93,8.02,3.14,4.89,7.46,9.25,3.83,5.42,
27063,2010-04-27,0.0,96.4,4.81,10.14,2.67,2.69,16.89,2.89,13.99,11.53,2.88,4.22,0.78,3.44,4.37,7.45,0.74,6.71,0.0
19015,2001-08-03,10.51,97.97,17.81,26.17,22.73,22.73,31.32,21.64,9.69,26.51,3.0,3.59,2.01,1.58,4.5,6.61,2.95,3.65,
51015,2012-08-29,0.0,94.52,9.31,21.07,11.99,11.99,28.79,13.91,14.88,20.71,1.13,2.08,0.52,1.56,2.34,4.64,1.16,3.47,
27011,2008-04-04,0.0,96.89,2.99,8.02,-3.7,-3.58,16.73,-0.81,17.54,7.0,4.91,8.09,1.44,6.65,6.76,9.45,2.05,7.4,
8041,2009-01-30,0.0,79.89,2.06,-0.23,-10.51,-10.29,9.3,-6.3,15.6,-1.02,4.19,6.33,1.5,4.83,6.52,10.03,1.37,8.66,
26163,2007-10-08,0.74,98.87,14.03,24.21,19.12,19.12,29.68,20.47,9.21,23.6,3.76,5.59,2.27,3.32,6.06,8.79,4.03,4.76,
48449,2007-10-02,0.54,100.25,16.13,26.56,21.56,21.57,31.91,22.41,9.5,26.86,2.98,4.5,1.86,2.63,4.87,5.79,3.44,2.35,0.0
36069,2009-11-13,0.0,98.26,4.39,3.9,1.44,1.44,13.62,-3.62,17.24,3.82,2.12,2.46,1.57,0.88,4.54,5.77,2.64,3.13,
39125,2000-01-18,0.69,98.83,2.09,-5.29,-7.83,-7.76,-2.7,-8.24,5.54,-4.87,4.56,7.04,1.57,5.48,6.12,10.43,1.73,8.7,2.2955
21065,2001-05-20,5.67,97.23,12.94,21.85,17.51,17.51,27.77,16.04,11.73,22.0,1.39,2.05,0.81,1.24,2.94,5.15,1.37,3.78,
47085,2007-12-21,0.53,99.35,7.28,10.19,9.12,9.12,14.87,8.17,6.7,9.98,2.26,3.2,1.57,1.63,4.54,6.53,2.69,3.84,
42073,2001-12-29,0.16,96.89,1.99,-5.85,-8.74,-8.63,-4.23,-8.23,4.0,-5.87,3.17,4.07,1.82,2.25,5.52,6.77,3.68,3.09,
55125,2008-02-26,0.33,96.25,1.55,-10.22,-11.45,-11.39,-7.92,-11.34,3.42,-10.13,4.84,5.84,3.68,2.16,7.34,8.08,6.17,1.91,1.0
38077,2006-10-04,0.02,99.12,4.88,9.96,3.25,3.27,16.49,3.7,12.79,9.97,3.31,6.48,1.3,5.19,4.3,8.57,1.84,6.73,
20071,2003-10-21,0.0,90.04,5.02,19.42,2.27,2.31,31.49,10.4,21.09,18.79,3.94,6.68,1.14,5.55,6.3,8.85,1.73,7.12,3.5864000000000003
39139,2000-01-31,0.36,97.7,2.18,-4.7,-7.42,-7.36,-0.53,-7.19,6.67,-4.55,7.68,10.3,5.14,5.16,10.09,12.99,7.1,5.89,
39149,2004-02-17,0.01,99.43,2.13,-4.05,-7.6,-7.52,2.27,-8.76,11.03,-4.48,2.03,3.15,0.13,3.02,3.38,5.82,0.03,5.79,0.0
31001,2007-07-21,0.02,94.5,15.97,27.24,20.45,20.45,32.53,21.68,10.84,27.63,6.03,7.5,4.59,2.91,8.26,9.79,6.71,3.09,
54097,2013-03-05,7.7,93.41,3.78,0.82,-1.44,-1.42,7.09,-3.93,11.01,0.41,2.29,4.69,0.92,3.77,4.14,8.13,1.67,6.46,0.0
38033,2016-06-02,1.41,91.61,7.93,18.72,8.96,8.96,28.07,9.58,18.49,19.25,4.81,7.33,2.59,4.74,7.07,9.27,4.86,4.4,
29161,2009-04-23,0.0,97.38,10.52,18.45,14.25,14.25,24.08,11.75,12.33,18.47,2.94,3.68,2.09,1.6,6.25,8.01,3.8,4.21,
32019,2006-01-11,0.26,84.19,4.69,3.33,0.34,0.35,10.76,-0.74,11.5,2.11,4.15,8.79,1.68,7.11,6.23,11.13,2.42,8.71,
17093,2009-09-01,0.0,100.0,7.34,15.22,9.25,9.25,21.85,9.28,12.57,14.97,2.05,2.74,1.36,1.38,3.17,5.57,1.56,4.02,0.0
48291,2014-03-04,17.3,101.71,3.67,1.03,-0.29,-0.28,2.82,0.04,2.78,1.38,1.83,2.98,1.26,1.72,2.94,4.66,1.71,2.95,0.1789
36093,2012-03-04,0.19,96.1,2.81,-2.24,-4.61,-4.58,2.04,-6.41,8.46,-2.32,3.32,4.08,2.56,1.52,6.1,7.77,4.84,2.93,
54013,2002-04-08,0.03,98.22,7.29,14.58,8.67,8.67,21.69,7.12,14.57,14.61,3.33,4.11,2.4,1.71,6.84,8.56,3.96,4.59,
48369,2002-05-26,0.76,87.59,9.01,23.14,9.96,9.97,32.97,14.75,18.21,24.5,6.13,7.54,4.95,2.59,8.26,10.26,6.7,3.56,
18053,2012-08-05,3.24,98.67,12.93,24.77,17.19,17.19,30.79,16.29,14.5,25.39,4.7,6.32,2.59,3.73,6.78,8.5,5.47,3.03,
48237,2008-07-29,0.98,97.07,11.88,33.42,16.12,16.12,40.19,26.45,13.75,35.06,5.57,7.22,3.31,3.92,7.56,10.0,5.88,4.12,2.0055
1103,2015-02-09,0.45,98.52,7.13,10.45,8.12,8.12,15.47,1.22,14.25,10.42,3.51,4.86,1.73,3.13,5.99,7.51,4.16,3.35,
40009,2008-12-21,0.0,95.99,1.28,-5.0,-13.69,-13.11,-1.09,-8.44,7.34,-4.0,4.03,5.77,1.47,4.3,5.1,6.85,2.83,4.02,
48271,2008-04-13,0.0,98.29,2.95,18.82,-3.7,-3.45,27.7,10.88,16.82,20.51,3.5,5.54,1.47,4.07,5.09,8.94,1.94,7.0,
24025,2013-09-15,0.02,100.72,7.11,17.04,8.8,8.81,23.85,10.18,13.67,17.36,2.02,2.87,1.12,1.76,3.39,6.17,1.58,4.59,
51045,2007-03-10,0.78,95.49,6.37,7.87,6.32,6.32,16.23,0.19,16.04,7.84,2.05,2.87,1.64,1.23,4.65,5.97,2.56,3.41,
20103,2004-02-12,0.0,99.45,1.25,-11.24,-13.5,-13.35,-7.33,-15.08,7.74,-11.17,5.13,6.45,2.52,3.93,6.83,9.29,4.24,5.06,
27037,2004-12-12,0.15,97.03,2.67,-1.56,-5.7,-5.59,2.37,-8.74,11.11,-1.88,12.68,15.6,6.92,8.68,16.67,19.91,10.3,9.61,
47103,2005-05-08,0.0,98.72,10.43,19.04,14.36,14.36,25.93,11.14,14.79,18.86,2.25,2.71,1.12,1.59,3.99,5.65,1.33,4.33,
30103,2001-05-19,0.13,90.34,4.23,17.84,-0.08,0.0,26.95,8.09,18.86,18.93,5.62,8.76,1.98,6.78,7.58,12.46,3.66,8.8,
13307,2014-08-01,0.26,99.88,14.91,26.22,20.21,20.21,32.5,21.15,11.35,26.73,1.84,2.37,1.48,0.89,3.27,4.65,1.98,2.67,
48497,2015-09-13,0.2,98.23,8.32,24.24,10.85,10.85,31.01,18.84,12.16,24.78,5.31,7.57,3.16,4.42,7.51,9.34,4.42,4.93,
12057,2012-06-01,41.49,101.14,16.92,24.85,22.5,22.5,26.18,23.74,2.43,25.03,3.65,5.28,2.46,2.83,5.22,6.47,3.65,2.82,
36045,2000-05-29,0.02,100.19,7.0,13.76,8.67,8.67,17.96,9.44,8.52,12.36,2.04,3.28,1.11,2.17,3.22,5.65,1.69,3.96,
40035,2008-01-23,0.01,99.27,1.98,-3.72,-8.59,-8.45,2.85,-9.51,12.35,-3.87,3.91,6.99,1.67,5.32,5.67,9.95,2.62,7.33,
12127,2005-06-18,4.13,100.89,18.01,25.52,23.46,23.46,28.44,23.12,5.33,25.54,2.66,3.57,1.89,1.69,4.4,6.04,3.35,2.69,
53065,2004-02-13,0.1,91.8,2.3,-6.31,-7.82,-7.79,0.41,-11.69,12.1,-7.11,1.67,2.13,1.04,1.09,2.84,4.01,1.8,2.21,
13063,2005-11-28,15.24,97.84,11.11,15.69,15.09,15.09,19.3,10.89,8.42,15.56,4.76,6.08,3.47,2.61,7.74,9.31,5.83,3.48,
28003,2014-11-23,17.9,98.68,9.74,13.95,13.29,13.29,18.22,11.41,6.82,13.68,4.49,6.93,3.14,3.79,8.07,11.12,5.84,5.28,
54027,2004-10-02,0.87,96.53,11.06,17.55,14.96,14.96,22.16,13.19,8.97,17.49,1.69,2.25,1.15,1.1,3.89,4.66,2.82,1.84,
48489,2008-12-07,0.0,101.91,9.17,17.52,12.91,12.91,24.04,11.31,12.73,17.55,3.39,4.79,2.23,2.57,5.25,8.54,2.86,5.68,
51051,2005-06-25,0.0,95.5,11.19,23.35,14.98,14.98,30.18,16.37,13.81,23.26,1.27,1.68,0.52,1.17,3.22,5.53,0.86,4.67,
17203,2010-07-27,0.23,99.16,17.35,25.66,22.52,22.52,29.78,21.05,8.73,25.75,2.37,3.95,0.99,2.96,3.9,7.34,1.38,5.96,0.0
13259,2013-01-25,0.02,100.72,5.79,8.22,4.99,5.01,13.8,1.65,12.16,8.33,2.58,3.12,1.7,1.42,4.93,6.59,3.19,3.4,
5095,2015-11-21,0.67,101.3,4.45,6.43,1.92,1.94,11.49,-0.46,11.96,6.2,5.08,10.1,2.45,7.65,7.98,12.62,5.28,7.34,
42113,2000-06-03,0.21,97.35,6.9,14.03,7.94,7.94,19.21,8.51,10.7,13.93,2.38,3.24,0.96,2.28,4.86,6.16,2.92,3.24,
38105,2001-05-05,0.44,93.33,5.31,11.91,3.48,3.5,19.42,5.09,14.33,13.07,6.5,9.37,1.23,8.14,8.45,10.97,2.05,8.92,
6035,2008-11-28,0.0,84.25,3.32,1.99,-4.14,-4.09,9.44,-2.53,11.97,0.74,1.92,2.59,0.84,1.74,2.96,4.41,1.09,3.33,
41059,2007-06-24,0.84,94.43,5.51,14.22,4.31,4.33,20.69,8.37,12.32,16.06,4.45,6.27,3.33,2.94,6.02,8.26,4.09,4.16,
29209,2015-01-14,0.03,98.27,2.37,-2.08,-6.51,-6.42,3.32,-7.41,10.73,-2.57,1.06,1.75,0.15,1.6,1.7,3.13,0.22,2.91,
1019,2009-11-18,0.01,98.46,5.0,6.16,3.54,3.54,12.5,2.18,10.32,6.04,1.61,2.06,0.73,1.33,3.18,4.71,1.11,3.6,
39027,2009-04-03,13.0,96.49,6.49,8.35,6.53,6.53,13.4,1.41,11.99,8.14,6.51,10.9,1.78,9.11,9.37,13.77,3.66,10.11,
50013,2015-04-26,0.35,98.23,4.54,4.81,2.15,2.15,10.09,0.59,9.5,5.41,2.22,3.16,1.55,1.62,3.93,4.97,2.6,2.37,
1011,2001-12-20,0.0,100.93,3.75,5.25,-0.31,-0.25,11.93,0.88,11.06,5.19,2.19,2.67,1.6,1.07,4.7,5.89,3.54,2.36,
55105,2001-09-17,9.8,98.47,8.96,14.7,12.08,12.08,18.59,12.31,6.29,14.42,2.19,3.51,0.45,3.06,3.55,6.6,0.62,5.98,
22041,2013-09-06,0.0,101.28,13.4,31.5,18.52,18.52,38.55,24.58,13.98,33.56,1.56,2.72,0.83,1.89,2.59,5.12,0.92,4.2,
20039,2015-06-09,0.0,92.24,10.56,27.13,13.53,13.53,35.04,17.89,17.16,27.09,3.05,4.9,0.52,4.39,4.68,8.46,0.78,7.68,1.652
24019,2011-02-12,0.0,101.74,3.09,1.37,-2.6,-2.56,6.34,-2.2,8.54,0.95,4.71,6.99,3.03,3.96,7.27,10.8,4.98,5.83,
20073,2005-01-21,0.0,97.05,4.79,3.36,2.59,2.59,8.33,-1.27,9.61,3.18,4.52,9.01,2.59,6.41,6.52,12.96,4.35,8.61,
56027,2015-10-29,0.0,86.61,3.0,3.78,-5.24,-5.15,13.03,-3.76,16.79,3.59,1.88,3.21,0.66,2.55,3.04,6.37,0.36,6.01,
26027,2011-01-16,0.0,99.24,1.45,-9.42,-11.91,-11.78,-5.36,-12.55,7.19,-10.01,2.5,4.68,0.44,4.24,3.55,7.24,0.39,6.85,
21059,2011-04-03,0.0,99.19,8.83,15.84,11.04,11.04,24.04,4.89,19.15,15.4,8.25,11.36,2.95,8.42,12.32,16.62,5.34,11.28,
26079,2002-01-11,0.17,97.5,3.41,-0.29,-1.83,-1.82,1.98,-1.53,3.51,-0.55,5.57,6.8,4.72,2.08,8.19,8.86,7.38,1.48,
1067,2001-08-13,2.81,100.45,17.08,26.28,22.52,22.52,31.51,21.93,9.58,26.54,1.9,2.72,1.38,1.34,3.77,4.24,2.74,1.5,
20035,2012-01-11,0.05,96.64,3.12,2.14,-3.45,-3.37,9.0,-3.37,12.37,1.39,7.75,12.93,2.09,10.85,10.15,16.42,3.05,13.37,
26003,2011-04-12,0.06,99.52,4.13,4.63,1.05,1.07,6.49,2.98,3.51,2.02,6.1,10.05,3.05,7.0,9.15,14.04,4.58,9.45,2.0
54091,2015-11-05,0.02,96.51,9.73,17.11,13.01,13.01,24.4,12.05,12.36,17.1,1.79,2.18,1.24,0.94,4.4,5.99,2.77,3.22,
20079,2011-12-23,0.0,97.84,1.91,-7.09,-9.18,-9.14,0.37,-12.71,13.08,-8.43,3.85,4.97,2.72,2.25,5.88,9.43,3.46,5.97,
36079,2005-04-04,0.16,99.2,4.47,5.12,2.11,2.11,9.26,1.29,7.97,5.12,4.02,4.99,2.72,2.27,7.09,8.17,5.93,2.24,
55033,2014-06-13,0.0,98.01,7.21,14.58,8.67,8.68,20.94,6.24,14.7,14.74,3.56,5.4,0.75,4.65,5.51,8.56,1.02,7.54,
49009,2009-09-02,0.0,77.71,5.26,18.97,0.72,0.76,27.36,10.83,16.53,19.38,1.43,3.06,0.51,2.54,2.32,6.01,0.71,5.3,
18079,2011-03-08,9.78,99.46,4.62,5.73,2.36,2.37,12.61,-0.17,12.77,5.72,3.95,6.16,2.36,3.79,6.34,10.26,3.72,6.54,0.0
22107,2015-11-27,0.02,101.9,12.17,18.84,17.26,17.26,24.83,14.51,10.32,18.66,3.57,5.47,2.51,2.97,6.38,7.32,5.23,2.09,
48175,2012-01-14,0.0,102.15,3.36,9.43,-1.57,-1.47,18.01,2.4,15.62,8.22,2.17,3.45,1.39,2.06,3.15,5.99,1.89,4.1,
19125,2001-02-11,2.04,99.5,1.48,-11.13,-12.42,-12.35,-4.03,-18.98,14.95,-11.72,5.41,7.03,4.17,2.86,8.26,10.03,6.39,3.63,
35001,2010-12-13,0.0,81.96,3.19,3.77,-5.07,-4.98,15.4,-2.89,18.29,2.47,3.55,5.44,2.02,3.42,5.49,6.91,3.11,3.81,
28133,2009-08-19,1.21,100.89,17.91,26.39,23.37,23.37,30.09,22.85,7.24,26.64,2.64,3.56,1.59,1.96,4.3,6.26,2.85,3.41,
37031,2015-04-25,2.02,100.94,9.93,17.49,13.8,13.81,20.16,13.93,6.22,18.07,4.54,5.76,2.92,2.85,5.91,7.57,3.37,4.2,
6071,2011-05-22,0.0,92.62,5.24,22.67,2.97,3.03,32.09,15.06,17.03,25.32,5.47,8.76,3.19,5.57,6.97,10.23,4.19,6.04,
40067,2003-11-08,2.89,99.12,6.67,9.63,7.79,7.79,12.98,7.43,5.55,10.03,2.55,3.52,1.45,2.07,3.58,4.8,1.61,3.19,
36093,2003-08-05,10.49,97.07,15.5,22.36,20.35,20.35,27.68,19.37,8.31,22.26,1.14,1.68,0.45,1.24,2.57,3.55,0.86,2.69,0.0
20055,2000-04-17,0.0,91.62,5.3,12.38,2.83,2.85,24.33,0.46,23.86,13.57,4.04,6.09,2.34,3.76,5.98,9.85,3.44,6.41,
22097,2010-10-08,0.0,101.59,6.72,22.12,8.09,8.11,32.96,12.93,20.03,22.2,1.9,2.97,0.28,2.68,3.37,6.87,0.28,6.58,
13269,2001-03-12,40.49,99.03,10.62,14.89,14.52,14.52,18.33,10.14,8.18,14.85,3.05,5.21,1.53,3.69,5.92,9.47,3.6,5.87,
17105,2012-02-22,0.1,97.45,3.96,3.06,0.14,0.15,10.42,-1.86,12.29,2.57,4.01,6.52,2.5,4.02,6.44,8.72,4.57,4.15,
28131,2014-10-10,1.23,101.07,16.3,25.67,21.84,21.83,31.33,21.75,9.58,25.84,1.72,2.24,1.24,1.0,3.71,5.42,1.96,3.46,
36075,2006-10-12,5.49,97.95,6.43,10.25,6.51,6.52,13.54,3.3,10.25,11.24,4.16,5.62,2.44,3.18,6.61,9.04,3.7,5.34,
37037,2007-12-04,0.0,99.62,2.54,3.09,-5.42,-5.26,8.06,-0.33,8.39,2.55,2.48,3.89,1.08,2.81,4.4,6.83,1.69,5.14,5.0
1073,2013-10-27,0.4,99.63,7.16,12.94,8.73,8.73,21.82,5.55,16.27,12.77,1.58,2.24,1.13,1.11,3.46,4.65,1.7,2.95,
37135,2013-06-12,0.24,99.26,15.74,24.36,20.88,20.88,29.5,18.56,10.95,24.23,2.25,2.91,1.67,1.24,4.49,6.33,2.4,3.93,
19097,2002-12-19,0.1,97.25,3.57,0.79,-1.25,-1.24,4.39,-1.23,5.62,0.56,6.14,8.3,2.91,5.39,8.62,10.46,4.95,5.5,
13119,2013-05-17,1.99,98.53,12.51,21.22,17.18,17.18,27.42,15.18,12.24,21.3,1.48,2.25,0.36,1.88,3.64,4.95,0.72,4.22,
26019,2005-12-14,3.82,99.4,3.06,-1.27,-3.04,-3.02,-0.81,-1.65,0.84,3.15,11.18,13.21,8.08,5.13,12.89,15.36,9.22,6.15,
13005,2002-12-02,0.0,101.55,3.44,5.08,-1.33,-1.28,13.42,-2.04,15.46,5.01,2.06,2.84,0.57,2.27,3.74,5.8,0.72,5.08,
17161,2011-08-20,2.62,98.81,13.96,25.0,18.99,18.98,30.34,19.8,10.54,25.5,1.85,3.84,0.34,3.5,2.69,6.69,0.57,6.12,
22105,2016-01-03,0.01,101.59,4.6,6.7,2.76,2.77,12.6,2.87,9.74,6.84,1.52,2.15,1.14,1.01,3.57,5.85,1.84,4.01,
45063,2008-12-28,0.46,100.96,11.32,16.97,15.97,15.97,21.97,12.24,9.73,16.6,4.06,6.31,2.9,3.41,7.06,8.58,6.07,2.51,
22091,2006-08-20,0.06,100.82,16.51,30.02,21.88,21.88,38.08,23.52,14.56,30.05,1.23,1.75,0.9,0.85,2.67,5.09,1.39,3.71,
48437,2010-12-21,0.0,89.51,4.3,10.12,0.08,0.11,19.06,3.42,15.64,9.38,4.77,7.2,1.88,5.32,7.08,11.02,3.26,7.76,0.0
51021,2009-05-13,0.07,93.26,7.51,12.76,8.6,8.6,18.84,6.7,12.14,12.77,2.92,3.86,2.05,1.81,5.78,7.4,3.71,3.68,
18163,2013-11-06,10.49,100.25,7.0,10.88,8.34,8.34,15.97,3.62,12.36,10.55,6.72,7.82,4.78,3.04,9.42,11.56,7.34,4.22,
26035,2010-05-17,0.0,98.74,5.34,9.95,4.48,4.49,14.97,5.35,9.62,9.83,4.49,6.08,2.87,3.21,6.92,8.15,5.23,2.92,
5037,2009-12-06,1.04,101.43,3.15,0.36,-2.46,-2.43,4.2,-3.27,7.47,-0.08,3.32,4.7,2.41,2.29,5.78,8.36,4.0,4.36,
30015,2011-04-07,2.55,88.9,3.31,1.87,-3.49,-3.44,5.78,-1.78,7.56,2.28,3.97,5.88,2.32,3.56,5.53,7.53,4.01,3.51,
27083,2015-01-11,0.0,97.36,0.79,-16.58,-18.68,-18.35,-11.31,-20.92,9.61,-17.84,3.09,4.33,2.02,2.31,4.52,7.14,2.86,4.28,
21107,2013-09-17,0.05,100.42,10.69,20.32,15.06,15.06,26.21,15.27,10.94,20.83,2.47,3.21,1.75,1.46,4.09,5.41,2.51,2.9,0.0
1093,2002-09-25,39.22,99.35,12.3,18.39,17.08,17.08,20.38,17.19,3.19,18.39,3.17,4.31,2.03,2.28,5.87,7.32,4.56,2.75,
10001,2004-12-19,2.26,100.51,3.93,1.44,0.15,0.17,5.52,-5.36,10.87,1.96,4.03,11.25,0.91,10.34,5.3,14.22,1.35,12.87,
46039,2005-11-21,0.0,96.16,3.59,1.23,-1.36,-1.35,4.22,-1.4,5.62,0.78,5.43,8.4,2.49,5.91,8.35,10.33,4.66,5.67,
48329,2013-02-14,0.0,91.84,2.25,8.17,-7.89,-7.6,18.32,-1.36,19.68,7.76,3.93,7.48,1.28,6.2,5.86,10.89,1.84,9.04,
45043,2006-05-14,7.8,101.16,11.88,20.62,16.8,16.8,23.73,17.99,5.74,20.77,5.0,6.34,3.73,2.6,6.89,8.36,5.36,3.0,
6053,2014-10-26,0.01,96.83,6.75,13.78,7.09,7.11,19.83,9.76,10.06,14.55,4.57,6.41,3.05,3.35,6.43,7.58,5.24,2.34,
30045,2004-02-23,0.15,86.14,2.96,0.63,-5.48,-5.42,8.84,-4.7,13.54,0.29,3.59,5.17,1.99,3.18,6.06,8.77,2.94,5.82,
48109,2002-10-31,0.12,87.17,7.36,11.26,7.24,7.25,18.6,6.93,11.67,12.29,4.5,6.03,2.81,3.22,5.88,7.83,3.79,4.04,
42033,2000-01-11,1.87,94.25,3.51,0.81,-2.01,-1.98,3.47,-1.32,4.79,0.73,5.66,6.83,3.07,3.76,10.06,12.0,6.73,5.27,0.0
40115,2012-08-12,1.2,97.8,10.39,28.0,14.14,14.14,35.24,21.21,14.03,28.72,3.95,7.13,1.95,5.18,6.09,9.28,4.09,5.19,
45091,2013-06-28,5.74,98.56,17.31,27.81,22.38,22.38,34.52,21.96,12.57,27.91,2.11,3.18,1.72,1.47,4.29,6.28,2.52,3.77,
48035,2015-01-12,0.44,99.31,4.17,3.36,1.12,1.13,6.55,0.47,6.08,3.47,5.06,6.71,0.98,5.72,6.79,8.67,1.2,7.47,
13269,2005-03-25,1.83,99.02,9.41,16.6,12.82,12.82,24.8,11.0,13.8,16.14,1.49,2.19,0.25,1.94,3.02,6.03,0.69,5.34,
17173,2004-02-28,0.0,100.46,4.04,5.2,0.68,0.7,13.86,-2.58,16.43,4.9,4.31,5.49,3.0,2.49,7.24,10.09,3.51,6.58,
26123,2006-07-11,16.91,98.16,13.11,20.56,17.74,17.74,25.22,15.01,10.21,20.67,2.94,3.32,2.48,0.84,4.54,5.62,3.24,2.37,0.0032
42111,2002-06-30,0.07,95.72,10.15,22.75,13.43,13.43,30.03,14.28,15.75,22.24,1.17,1.82,0.48,1.34,2.36,4.26,0.83,3.43,
51099,2013-01-29,0.01,101.16,6.22,7.12,6.66,6.66,14.97,1.43,13.55,6.74,2.19,3.05,1.27,1.78,4.44,7.28,1.66,5.62,0.0
30041,2006-11-29,0.2,91.71,0.7,-16.78,-20.54,-19.84,-10.05,-21.63,11.58,-17.03,6.24,9.76,3.51,6.25,8.54,12.05,6.03,6.02,
27167,2000-09-12,0.0,97.2,4.77,16.61,2.58,2.62,27.5,6.72,20.78,16.52,4.86,9.66,1.91,7.75,7.53,12.27,3.18,9.08,0.0
48225,2004-07-11,3.03,100.8,17.88,26.31,23.33,23.33,30.28,23.0,7.28,26.36,1.64,2.23,1.22,1.01,3.3,4.73,1.75,2.98,
55047,2007-01-26,0.01,97.31,2.68,-4.52,-5.49,-5.47,1.91,-11.01,12.92,-4.99,6.44,9.3,4.06,5.23,9.14,11.18,7.2,3.97,
21163,2002-02-12,0.0,99.62,3.76,2.81,-0.34,-0.32,9.45,-1.57,11.02,2.71,3.74,4.79,2.75,2.04,6.66,7.31,5.52,1.79,0.0
40131,2008-07-10,12.88,99.02,17.52,24.25,22.69,22.69,26.36,21.34,5.01,24.18,2.63,4.2,1.26,2.94,4.22,7.53,1.83,5.71,
23027,2000-02-24,0.2,101.06,3.76,0.2,-0.03,-0.03,1.35,-1.05,2.4,0.04,1.72,2.2,1.3,0.9,3.98,5.11,2.63,2.48,
48377,2003-06-18,0.93,86.44,8.67,24.75,9.63,9.63,30.49,18.08,12.41,27.91,3.53,4.58,2.69,1.89,4.95,7.18,3.11,4.07,
21237,2004-04-22,9.97,97.74,11.04,17.24,15.15,15.15,22.78,13.16,9.62,17.25,2.29,3.36,1.3,2.06,5.06,6.55,2.23,4.32,
19019,2007-02-10,0.0,99.32,0.84,-16.03,-17.92,-17.72,-10.34,-23.21,12.87,-15.59,4.1,5.52,2.8,2.71,5.36,7.84,3.7,4.14,
30061,2000-09-04,0.5,86.53,4.91,9.87,1.43,1.45,17.69,4.27,13.41,9.11,1.31,1.85,0.6,1.25,2.22,4.0,0.97,3.02,
46103,2006-02-23,0.04,91.39,2.5,0.48,-6.61,-6.49,6.95,-3.46,10.41,0.33,2.84,4.55,0.36,4.19,4.91,8.65,0.38,8.26,
1131,2008-07-17,0.01,100.8,13.31,27.66,18.5,18.5,35.57,20.97,14.6,27.54,1.65,1.9,1.11,0.8,3.57,4.85,1.77,3.08,
13159,2014-02-28,0.03,99.74,3.88,4.52,-0.09,-0.06,12.95,-3.86,16.81,4.65,2.11,3.33,1.47,1.86,4.43,6.34,2.6,3.74,
17051,2006-08-18,12.51,99.54,15.71,25.09,20.91,20.91,29.01,21.15,7.86,25.28,2.47,3.49,1.02,2.47,4.17,6.49,1.41,5.08,
27159,2007-11-30,0.0,97.35,0.77,-14.79,-18.73,-18.12,-10.07,-19.31,9.24,-14.94,6.4,9.65,3.07,6.58,8.97,12.41,6.11,6.3,
29137,2008-11-26,0.0,98.91,3.51,2.33,-1.46,-1.43,11.56,-3.23,14.78,1.26,2.05,2.94,0.31,2.63,3.36,5.94,0.37,5.57,
26149,2013-04-19,14.77,97.37,3.97,3.71,0.13,0.15,6.84,0.69,6.15,4.13,10.3,13.5,7.95,5.55,13.18,16.8,10.36,6.44,
46045,2012-05-13,0.0,96.09,4.87,15.71,2.7,2.73,24.6,5.13,19.47,16.25,4.17,5.37,2.67,2.69,6.78,10.44,4.41,6.03,
53009,2004-02-12,0.01,96.74,4.52,4.32,1.67,1.68,9.45,0.86,8.6,3.95,2.59,3.0,2.09,0.91,4.13,5.17,3.3,1.87,
46021,2009-12-03,0.23,95.37,1.49,-7.76,-11.98,-11.77,-6.81,-9.18,2.37,-7.21,6.83,8.88,4.67,4.21,8.34,10.81,6.23,4.57,
55077,2004-11-03,0.01,98.94,4.49,4.87,2.1,2.11,11.5,0.79,10.7,5.09,2.63,3.74,1.78,1.96,4.12,7.41,2.25,5.17,
28037,2015-08-22,3.64,100.47,17.45,26.62,22.83,22.83,31.39,22.5,8.88,26.5,0.86,1.21,0.41,0.8,1.99,3.19,0.75,2.44,
40025,2008-01-26,0.0,86.91,1.95,3.34,-10.07,-9.74,12.26,-0.7,12.96,2.55,4.93,7.36,0.8,6.55,8.12,11.63,0.97,10.66,
1131,2014-12-01,0.0,101.7,8.92,15.95,12.48,12.48,24.26,9.53,14.73,15.39,1.4,2.13,0.52,1.61,3.19,5.24,0.76,4.48,
49017,2014-11-30,0.0,81.36,2.43,3.99,-8.33,-8.15,13.29,-0.83,14.12,3.04,4.17,7.91,2.36,5.56,6.46,9.67,3.81,5.86,
48119,2000-11-27,0.02,99.98,5.82,9.14,5.74,5.74,16.87,2.23,14.64,8.01,1.92,3.4,0.64,2.77,3.32,6.9,1.01,5.9,
5023,2003-07-18,30.98,98.93,15.89,28.88,21.0,21.0,37.0,22.61,14.4,28.84,1.26,1.95,0.22,1.73,2.97,4.55,0.64,3.91,
49009,2004-09-24,0.05,77.68,4.34,11.59,-1.72,-1.68,18.04,6.02,12.02,10.65,1.06,1.57,0.29,1.28,1.51,2.17,0.48,1.69,
6057,2015-06-16,0.0,87.84,4.29,21.51,-0.51,-0.42,30.53,9.89,20.64,19.46,1.92,3.46,0.36,3.1,2.88,4.78,0.1,4.68,5.0
19005,2004-01-08,0.17,98.71,1.57,-8.96,-11.07,-10.96,-5.64,-12.2,6.56,-9.22,3.41,5.11,0.92,4.19,4.47,5.81,1.29,4.52,
55083,2004-10-29,8.64,97.27,11.7,16.57,15.67,15.67,22.29,11.22,11.07,16.01,4.73,7.38,2.88,4.5,7.49,10.74,5.4,5.34,
48427,2006-03-01,0.0,99.88,9.86,23.4,13.61,13.61,33.42,14.99,18.44,24.73,5.37,7.49,3.67,3.82,7.44,10.52,4.69,5.83,
29077,2011-05-23,25.56,96.63,15.4,21.43,20.2,20.2,23.88,19.11,4.77,21.37,4.47,5.75,3.5,2.25,7.01,8.12,5.92,2.2,
46033,2001-07-26,4.38,89.04,13.7,22.64,16.96,16.96,28.14,16.79,11.35,23.11,3.58,5.11,0.45,4.65,5.34,7.62,1.15,6.47,
13129,2012-08-27,0.0,97.44,11.75,25.2,15.99,15.99,33.98,17.97,16.0,25.25,1.56,1.87,1.23,0.64,3.68,5.66,1.98,3.68,
21103,2009-04-15,0.04,99.21,5.58,7.41,5.22,5.22,10.5,4.65,5.85,7.77,2.46,3.16,1.41,1.74,3.9,5.19,3.24,1.96,
26079,2009-07-14,0.01,98.41,7.98,17.45,10.22,10.22,22.63,11.07,11.56,17.07,1.83,4.76,0.46,4.29,2.87,8.21,0.68,7.53,0.0
17193,2012-08-08,1.59,99.81,10.48,29.54,14.29,14.3,38.37,20.19,18.18,30.53,2.01,3.34,0.49,2.85,3.38,6.68,0.65,6.04,
51003,2016-08-30,0.0,97.19,12.25,25.43,16.67,16.67,32.77,18.9,13.87,25.98,1.48,2.06,1.15,0.91,2.93,4.58,1.25,3.33,0.0
42123,2016-02-03,18.54,95.07,5.97,6.32,5.21,5.21,11.62,0.37,11.25,6.1,5.64,8.22,2.75,5.47,9.48,13.01,5.92,7.09,
51530,2004-11-03,0.34,96.88,8.29,13.9,10.28,10.28,16.77,9.78,7.0,13.85,1.75,2.46,1.14,1.32,3.97,4.93,2.78,2.15,
22031,2016-07-08,0.0,100.69,18.56,29.7,23.91,23.91,35.74,24.43,11.31,29.83,2.23,2.85,1.6,1.25,4.49,5.66,3.58,2.09,
31081,2005-04-08,0.24,94.38,5.73,12.66,4.78,4.79,19.8,4.43,15.37,12.97,8.33,11.55,3.78,7.77,11.32,14.23,7.13,7.1,
46083,2010-09-29,0.0,96.15,8.1,15.63,10.13,10.13,23.43,9.68,13.75,15.28,5.78,9.12,3.52,5.6,9.21,11.61,4.3,7.32,
48359,2008-11-13,0.0,87.3,4.37,11.17,-0.08,-0.04,22.41,2.88,19.52,10.6,4.43,6.35,2.39,3.96,7.08,10.35,4.05,6.3,
19181,2009-10-07,0.01,97.82,5.35,10.61,4.3,4.31,19.17,1.89,17.28,10.55,5.48,8.35,2.76,5.6,8.46,11.8,5.44,6.36,
51009,2014-01-05,3.84,96.58,3.81,-0.36,-0.77,-0.77,2.68,-5.5,8.18,-0.67,1.69,2.92,0.93,1.99,3.67,6.0,1.62,4.38,
53017,2001-09-26,1.69,92.94,6.8,11.4,7.03,7.04,16.44,6.21,10.23,11.52,3.68,6.43,2.18,4.25,5.46,8.06,2.64,5.42,
17115,2008-09-27,0.0,99.3,8.92,17.5,12.0,12.0,24.35,9.9,14.46,16.36,3.05,4.98,1.45,3.53,4.84,7.49,2.1,5.39,
24025,2002-08-04,0.19,100.63,13.15,29.54,18.31,18.31,36.45,22.85,13.61,30.33,2.04,2.86,1.41,1.45,3.44,6.2,1.81,4.39,
28047,2011-07-19,0.54,101.33,17.38,27.77,22.95,22.95,31.3,24.69,6.61,28.16,2.78,3.08,2.39,0.69,3.78,4.73,3.15,1.58,4.0103
53019,2000-05-21,0.98,91.51,7.17,13.77,7.64,7.65,20.27,8.46,11.82,14.05,2.84,4.7,1.35,3.35,4.79,6.91,2.78,4.13,
30093,2010-11-17,1.8,79.7,3.14,-4.2,-5.61,-5.6,-0.66,-8.59,7.92,-4.52,3.64,5.06,1.85,3.21,6.06,8.67,3.22,5.45,
18057,2007-05-31,0.7,98.88,12.18,22.06,16.84,16.85,27.62,17.55,10.07,21.81,3.97,6.13,2.67,3.46,6.38,8.1,3.94,4.16,
12105,2008-12-24,0.76,102.21,12.18,20.21,17.36,17.36,27.31,14.65,12.66,20.21,4.01,6.94,2.36,4.58,6.85,8.72,5.0,3.73,
47059,2011-01-22,0.02,94.1,1.54,-5.77,-11.85,-11.55,-0.6,-8.97,8.37,-5.94,1.83,3.37,0.14,3.23,2.92,4.92,0.16,4.76,
17041,2004-05-17,0.13,99.51,12.56,21.36,17.38,17.38,27.12,14.65,12.46,21.55,5.95,7.8,3.53,4.27,8.66,9.57,7.41,2.16,
18081,2010-07-15,7.89,98.94,17.9,27.01,22.97,22.97,31.96,21.32,10.64,26.94,2.22,2.86,1.49,1.37,4.1,6.33,2.64,3.69,
40015,2011-07-20,0.0,96.17,12.2,34.43,16.46,16.46,40.79,27.92,12.88,36.45,5.46,6.35,4.03,2.31,7.27,8.92,6.27,2.65,
55063,2001-08-19,0.24,97.97,9.74,20.56,13.23,13.23,27.02,14.78,12.24,21.18,4.11,5.73,1.22,4.5,5.58,7.44,1.98,5.45,
51157,2005-06-14,0.1,97.55,14.83,26.94,19.77,19.77,34.34,19.89,14.46,27.04,2.08,2.71,1.63,1.09,4.59,5.5,3.13,2.37,0.0
6027,2001-12-14,1.29,87.15,2.57,2.65,-6.98,-6.83,9.31,-1.62,10.94,2.43,3.34,5.26,1.86,3.41,4.76,7.73,2.9,4.83,
47059,2013-11-15,3.58,95.13,5.06,5.47,2.49,2.51,11.63,-0.86,12.49,5.34,1.83,2.16,1.28,0.88,4.22,5.46,2.63,2.83,
26149,2013-10-10,0.0,99.01,6.05,13.6,6.31,6.32,22.52,6.48,16.04,13.68,2.53,3.4,1.47,1.92,4.25,6.86,1.61,5.24,
35035,2001-11-29,0.12,82.48,2.17,-1.35,-9.45,-9.29,5.49,-6.3,11.79,-0.86,4.28,6.77,2.45,4.31,5.77,8.1,3.36,4.74,
51125,2011-09-01,3.2,98.77,12.16,23.37,16.77,16.77,32.18,15.98,16.2,23.24,1.13,1.74,0.62,1.11,2.32,3.93,0.67,3.26,
30111,2005-12-18,0.05,89.39,0.95,-14.78,-17.41,-17.16,-8.27,-18.63,10.36,-16.41,2.78,5.31,1.52,3.79,4.06,8.2,2.27,5.94,
1127,2003-11-16,11.25,99.83,10.83,15.74,15.07,15.07,20.17,11.29,8.88,15.74,1.87,2.69,1.23,1.46,4.36,5.1,3.24,1.86,
42069,2015-09-01,0.27,97.05,11.78,23.75,16.03,16.03,30.88,16.87,14.01,22.8,1.09,1.67,0.41,1.26,2.33,4.66,0.58,4.09,0.0
19071,2000-07-13,0.12,97.85,10.53,27.38,14.41,14.41,35.21,19.79,15.42,27.27,2.9,5.4,0.47,4.93,4.38,7.29,0.68,6.62,
17107,2013-01-05,0.62,99.77,3.23,-1.17,-2.43,-2.42,3.3,-6.3,9.6,-1.62,5.1,7.51,3.21,4.3,7.86,10.54,5.62,4.92,
31055,2001-02-01,1.55,98.31,1.31,-12.28,-14.19,-13.93,-5.37,-18.44,13.07,-12.16,7.14,11.09,2.28,8.81,9.15,13.5,3.36,10.14,
13053,2007-07-27,1.1,99.88,15.88,27.42,21.24,21.24,33.69,21.68,12.01,27.72,1.47,1.96,0.75,1.21,3.23,5.1,1.12,3.98,
51057,2012-11-29,0.0,102.72,3.29,2.93,-1.7,-1.65,9.62,-1.93,11.55,2.9,2.12,2.95,0.39,2.56,3.73,6.2,0.48,5.72,
44001,2011-06-07,0.02,100.77,11.0,20.75,15.55,15.55,26.96,14.23,12.73,20.09,1.76,2.24,0.78,1.46,3.39,4.78,1.32,3.46,0.0
5093,2000-08-27,0.05,100.18,10.99,31.7,15.43,15.43,37.51,25.21,12.29,32.51,2.41,4.57,0.17,4.4,4.34,8.85,0.35,8.5,
47125,2012-10-04,0.0,100.15,10.0,18.68,14.0,14.0,26.34,11.88,14.47,18.43,2.48,3.39,1.7,1.69,4.39,6.06,2.94,3.12,
48133,2003-01-09,0.0,96.14,5.46,11.29,3.66,3.7,18.31,3.79,14.51,11.02,8.29,11.79,5.61,6.18,11.45,14.53,9.43,5.1,
16083,2005-06-25,0.36,83.78,7.26,19.63,6.34,6.35,27.66,12.37,15.29,20.67,3.49,5.04,1.1,3.94,4.99,7.63,1.19,6.44,
13163,2012-10-23,0.0,100.75,6.7,17.48,7.94,7.95,27.37,9.92,17.45,17.24,1.75,2.77,0.77,2.0,2.93,6.03,1.23,4.81,3.506
47051,2016-04-14,1.86,98.3,9.37,14.74,12.71,12.71,18.93,10.88,8.05,14.76,2.32,3.56,1.3,2.26,4.24,5.29,2.26,3.04,
37079,2011-12-08,0.0,102.0,3.82,5.78,0.15,0.19,10.58,2.05,8.53,5.74,3.65,6.66,1.7,4.96,5.6,9.57,2.88,6.69,
30035,2013-06-24,3.48,86.01,9.2,14.33,10.4,10.4,19.3,9.53,9.77,14.53,2.84,4.99,1.55,3.44,4.49,6.23,2.09,4.13,
22117,2005-08-07,2.61,100.89,16.17,27.23,21.66,21.66,33.58,21.3,12.28,26.95,1.34,1.75,0.96,0.79,2.53,3.33,1.68,1.65,
48187,2016-10-15,0.26,99.48,15.24,26.17,20.52,20.52,33.44,20.49,12.95,26.93,4.23,5.29,2.48,2.81,6.46,8.63,4.92,3.7,
48327,2004-07-15,0.0,94.47,9.34,28.45,11.88,11.88,37.45,18.76,18.69,30.38,4.01,5.71,2.94,2.77,6.07,8.61,3.18,5.43,
8049,2010-10-12,8.97,73.51,5.08,4.7,-0.33,-0.32,11.41,0.41,11.0,2.49,0.87,1.5,0.11,1.38,1.43,2.43,0.26,2.17,1.0
22125,2010-03-20,5.14,100.9,8.7,14.53,11.86,11.86,20.58,7.88,12.71,14.54,3.4,6.01,1.99,4.02,5.92,8.62,3.84,4.78,
26009,2002-03-27,0.0,99.33,2.73,-0.69,-4.47,-4.42,2.69,-4.37,7.06,-0.5,3.31,4.09,1.81,2.28,4.15,5.97,2.2,3.77,
41007,2013-05-28,9.49,99.07,7.41,10.72,9.35,9.36,12.73,9.21,3.52,11.04,3.04,4.16,1.81,2.34,4.87,6.26,3.3,2.96,0.1038
20021,2003-05-09,2.09,97.2,16.37,24.97,21.24,21.24,29.84,19.38,10.47,25.04,5.31,8.02,2.57,5.45,7.85,11.17,3.83,7.34,
24043,2011-01-05,0.0,98.14,2.24,-3.46,-7.05,-6.97,0.44,-7.53,7.97,-3.7,2.51,3.52,1.66,1.85,4.63,7.38,3.7,3.68,
51750,2000-11-30,0.46,93.94,2.86,-1.16,-4.58,-4.54,4.0,-5.31,9.32,-1.22,2.86,3.79,1.26,2.53,5.7,6.89,3.49,3.39,
41065,2004-06-13,1.81,93.21,6.97,12.14,7.53,7.53,18.44,7.1,11.34,12.81,3.95,5.7,2.18,3.52,6.18,7.73,4.63,3.1,
51630,2013-07-30,0.0,101.45,10.48,23.23,14.9,14.9,29.22,16.26,12.96,23.2,1.35,2.19,0.59,1.6,2.62,5.13,1.1,4.03,0.0
1079,2014-12-14,0.0,99.34,5.27,5.17,4.36,4.36,11.03,1.43,9.6,4.5,1.8,2.33,1.5,0.83,2.76,4.08,2.0,2.07,
6029,2012-01-22,0.03,92.52,3.88,5.07,-1.0,-0.95,11.5,0.31,11.19,4.36,1.76,4.23,0.63,3.6,2.38,4.69,1.12,3.56,
12107,2011-06-13,7.69,101.04,15.86,29.21,21.39,21.39,35.77,23.19,12.58,29.78,2.79,3.52,2.18,1.34,4.39,5.69,2.9,2.8,
31111,2012-12-04,0.0,91.64,2.07,3.41,-8.76,-8.49,12.04,-2.56,14.6,2.96,3.99,5.19,1.72,3.47,6.8,9.03,1.87,7.16,5.0
48291,2016-05-12,0.44,101.33,16.13,26.15,21.68,21.69,32.28,20.08,12.2,25.98,1.01,2.09,0.48,1.61,1.79,5.56,0.43,5.13,
45037,2002-06-22,5.97,100.75,14.1,23.8,19.46,19.46,28.45,20.37,8.08,24.15,4.35,6.2,2.53,3.66,6.66,8.7,4.67,4.03,
37135,2015-11-02,34.4,99.66,10.37,15.02,14.5,14.5,16.28,13.36,2.92,14.88,2.31,3.31,0.86,2.45,4.25,5.03,1.81,3.23,
21013,2015-10-15,0.0,97.03,6.21,14.02,6.28,6.29,22.06,7.42,14.64,13.38,1.56,2.4,0.54,1.86,3.17,5.72,0.86,4.86,
53045,2006-05-05,0.04,97.87,6.13,12.44,6.23,6.24,17.97,5.94,12.03,11.62,1.71,3.0,0.39,2.61,2.85,4.86,0.78,4.08,
24015,2015-08-10,3.31,100.63,13.21,22.97,18.41,18.41,26.86,19.95,6.91,23.38,3.24,4.79,1.65,3.14,5.05,6.92,3.02,3.9,
53013,2002-07-15,0.01,91.69,7.67,23.07,8.59,8.6,31.63,12.74,18.89,23.6,2.07,2.96,1.09,1.87,3.17,5.78,0.97,4.81,
51185,2009-10-27,16.86,93.89,7.86,10.26,9.34,9.34,12.9,7.66,5.23,10.27,1.42,2.52,0.34,2.18,2.96,4.73,0.63,4.09,0.0
28131,2005-02-14,1.29,101.09,10.34,17.43,14.64,14.64,23.06,12.32,10.73,16.64,1.7,3.35,0.39,2.97,3.23,6.67,0.64,6.03,
42069,2011-11-13,0.0,96.79,5.54,6.87,4.72,4.72,12.61,1.93,10.68,6.87,2.27,3.1,1.48,1.61,4.97,6.75,2.6,4.15,
31169,2013-04-07,8.59,94.86,7.11,14.89,7.58,7.58,21.46,9.68,11.77,14.88,5.35,7.1,3.64,3.47,8.14,9.94,5.53,4.41,
48249,2004-12-30,0.0,100.86,11.31,18.71,16.01,16.01,23.23,14.13,9.1,18.48,5.22,7.46,3.51,3.95,8.27,9.31,6.51,2.8,
47083,2012-10-17,15.41,98.49,8.58,17.13,11.42,11.42,23.33,11.82,11.51,17.06,4.29,7.74,2.29,5.46,7.59,12.92,4.75,8.17,
16053,2006-04-05,10.49,84.81,5.58,6.8,2.92,2.93,11.74,2.82,8.92,7.03,4.98,7.3,2.73,4.57,7.02,8.67,3.89,4.78,
36119,2000-06-03,0.06,100.27,8.09,17.23,10.71,10.71,21.13,13.26,7.87,16.69,2.91,4.63,1.11,3.51,5.04,7.77,1.6,6.17,
13271,2009-06-17,5.34,100.75,18.83,27.47,24.15,24.15,30.86,24.05,6.82,27.21,1.11,1.95,0.18,1.76,1.94,4.43,0.36,4.07,
37025,2000-03-22,0.0,99.98,6.19,10.95,6.81,6.82,17.99,4.08,13.91,11.11,3.68,4.79,2.21,2.58,6.07,8.32,4.24,4.08,
26149,2005-05-11,4.18,98.64,9.59,16.21,12.7,12.7,24.71,8.41,16.3,16.03,5.12,9.33,1.96,7.37,6.68,11.6,2.97,8.63,
1129,2011-07-25,12.07,100.77,19.5,26.81,24.75,24.75,31.77,23.87,7.9,26.9,1.52,1.86,1.17,0.69,3.33,3.89,2.62,1.27,
41021,2016-04-03,0.07,93.35,6.45,13.53,6.34,6.35,22.25,5.71,16.55,14.23,2.97,3.91,1.79,2.12,4.54,6.54,2.87,3.67,
47055,2008-05-25,0.02,98.86,13.21,21.83,17.97,17.97,27.58,15.97,11.61,21.9,1.66,2.37,0.88,1.49,3.28,6.06,1.24,4.82,
37061,2012-04-13,0.0,102.19,5.1,13.8,4.28,4.3,20.29,6.7,13.58,14.07,1.79,3.09,0.25,2.84,2.68,5.92,0.15,5.77,
21089,2006-02-17,6.15,99.59,3.42,2.32,-2.47,-2.4,13.16,-2.67,15.83,2.34,3.71,6.69,1.33,5.36,6.28,11.78,2.79,8.98,
46011,2012-09-13,0.06,96.59,3.87,17.21,-0.53,-0.42,24.74,8.88,15.87,16.75,2.51,4.91,0.29,4.62,3.76,6.24,0.38,5.87,
21117,2000-03-16,25.56,98.67,6.97,8.93,7.62,7.62,13.3,0.1,13.21,8.84,3.37,5.57,0.76,4.81,5.54,8.22,1.48,6.74,
28065,2013-08-17,3.29,100.23,15.28,23.57,20.68,20.68,28.39,20.55,7.84,23.62,1.88,2.67,1.39,1.28,3.7,4.56,2.99,1.57,
18117,2001-05-08,0.8,99.86,7.48,18.14,9.37,9.37,23.95,11.66,12.3,17.9,1.67,2.39,0.79,1.6,2.75,4.56,1.18,3.38,3.0
38095,2005-03-29,0.81,93.59,5.3,7.24,3.63,3.63,16.54,0.9,15.64,7.8,5.16,9.22,2.04,7.18,7.48,11.34,2.44,8.89,0.0
30045,2010-10-31,0.11,86.58,4.68,5.29,0.82,0.83,10.95,1.69,9.26,4.61,4.37,6.51,3.29,3.22,7.51,8.47,5.43,3.04,
45011,2002-03-20,4.25,100.77,12.35,21.49,17.4,17.4,27.26,17.08,10.18,21.67,4.37,6.96,2.52,4.44,7.23,9.1,5.5,3.6,
46027,2003-08-26,0.31,96.65,10.06,28.91,13.26,13.27,37.46,21.69,15.77,29.56,2.91,4.11,1.98,2.13,4.37,6.14,3.43,2.71,1.0
20113,2003-07-29,0.01,96.16,11.13,27.99,14.98,14.98,34.67,21.04,13.63,30.01,3.48,4.06,2.42,1.65,5.03,7.13,3.72,3.42,3.0
40097,2012-04-26,0.01,98.17,13.4,22.2,18.23,18.23,27.68,17.76,9.93,21.74,3.18,4.8,0.32,4.48,5.39,7.43,0.43,6.99,
8009,2004-12-17,0.0,87.17,2.61,3.79,-6.71,-6.56,13.17,-2.12,15.29,2.39,3.22,5.41,0.29,5.12,5.51,9.33,0.42,8.91,
20077,2004-03-28,7.18,96.55,5.39,12.27,4.34,4.36,19.51,5.51,14.0,12.73,3.46,8.57,0.65,7.92,4.61,11.33,1.0,10.34,
19047,2003-02-05,0.1,97.27,1.92,-6.14,-9.46,-9.33,1.75,-12.65,14.4,-6.47,4.54,8.91,1.51,7.39,6.48,10.48,2.23,8.25,
46039,2012-07-17,4.24,95.21,13.15,28.48,17.39,17.39,35.71,22.28,13.43,29.69,3.81,5.47,0.92,4.55,4.92,7.96,1.69,6.27,2.0
28033,2015-08-13,0.0,100.57,11.76,25.28,16.48,16.48,32.18,19.36,12.81,25.98,2.89,3.84,2.09,1.76,4.79,5.83,3.46,2.37,
42001,2006-09-03,0.06,99.3,9.34,17.31,12.84,12.84,23.44,11.73,11.71,17.87,2.24,2.75,1.68,1.08,3.9,5.11,3.12,1.99,
48423,2014-05-02,0.0,100.04,5.83,18.02,5.95,5.96,25.42,8.36,17.06,16.9,2.45,3.73,0.61,3.13,3.56,5.27,0.93,4.34,
28159,2016-06-17,15.47,99.82,18.49,27.4,23.72,23.72,31.81,23.99,7.83,27.39,1.86,2.58,1.07,1.51,4.07,4.95,2.86,2.09,
37129,2013-01-26,0.34,102.29,4.32,4.15,1.83,1.84,7.52,2.05,5.47,7.77,4.34,5.53,3.25,2.28,5.35,6.78,3.73,3.05,
13319,2000-08-09,1.04,100.28,15.93,30.28,21.3,21.3,37.53,23.57,13.96,30.57,1.46,2.71,0.24,2.47,2.96,4.49,0.3,4.19,
36065,2010-06-09,8.34,96.81,7.31,12.18,8.62,8.62,16.17,8.07,8.1,11.58,2.14,3.56,0.5,3.07,4.17,6.76,0.73,6.03,
51121,2012-07-26,1.15,94.57,15.23,27.45,19.68,19.68,34.7,21.37,13.33,27.49,1.97,2.62,1.25,1.37,4.51,5.21,3.21,2.0,
20157,2004-09-14,9.32,95.07,12.05,27.2,15.96,15.96,33.5,21.42,12.07,27.3,9.19,11.41,6.16,5.25,12.65,14.76,9.16,5.6,1.0
28111,2012-02-28,4.3,101.53,11.73,17.78,16.51,16.51,23.99,12.39,11.6,18.0,2.21,3.23,1.27,1.95,4.49,5.69,2.96,2.73,0.3385
20059,2002-01-22,0.01,97.2,4.71,5.35,2.06,2.07,13.1,0.04,13.06,4.39,7.9,9.47,5.79,3.68,11.7,12.96,10.39,2.57,1.0
39111,2009-12-19,10.84,97.17,2.91,-2.87,-4.0,-3.98,-0.86,-6.48,5.61,-3.18,1.82,2.24,1.45,0.79,3.34,4.0,2.7,1.31,
28059,2006-07-20,7.88,101.59,16.78,29.68,22.41,22.41,31.54,27.79,3.74,32.16,1.16,2.27,0.36,1.91,1.3,3.03,0.54,2.49,
48025,2003-12-05,0.0,102.02,4.54,11.61,2.0,2.07,16.7,5.61,11.09,11.89,6.11,10.58,3.4,7.18,8.77,13.07,6.09,6.98,
20151,2013-02-03,0.02,95.14,2.88,5.91,-4.39,-4.28,14.31,-2.37,16.68,5.67,5.54,8.92,2.43,6.49,8.52,12.2,3.18,9.02,
54073,2013-09-30,0.03,98.37,9.52,17.51,13.0,13.0,23.06,12.48,10.58,16.89,1.3,1.81,0.72,1.1,2.63,4.72,1.49,3.23,
36115,2012-04-30,0.29,98.16,3.81,6.46,-0.78,-0.72,15.04,-4.04,19.08,6.31,1.26,2.09,0.26,1.83,2.85,5.75,0.5,5.25,
56007,2010-10-03,0.01,78.39,3.46,14.95,-4.53,-4.42,24.19,6.63,17.56,14.29,2.94,3.81,1.18,2.63,4.59,7.4,1.65,5.75,
40055,2004-08-28,1.4,95.65,10.88,24.83,14.31,14.31,31.25,19.56,11.69,25.74,5.21,9.18,0.64,8.54,7.41,12.36,1.46,10.9,
13089,2008-02-13,1.38,97.66,4.2,3.79,-0.42,-0.37,11.62,-4.9,16.52,4.02,5.3,7.06,1.17,5.89,7.77,9.51,2.29,7.22,
48323,2006-08-22,0.01,98.6,13.98,31.51,18.85,18.85,36.83,26.23,10.61,33.44,3.52,5.23,1.63,3.6,4.92,7.85,3.05,4.79,5.0
18033,2012-12-02,2.13,98.49,8.57,12.17,11.38,11.38,15.24,10.02,5.21,11.19,4.58,9.37,0.26,9.1,6.56,13.15,0.44,12.7,
35019,2012-12-12,0.0,84.22,1.88,2.01,-10.8,-10.48,11.56,-3.23,14.79,1.54,5.76,7.59,4.02,3.56,9.1,9.89,7.58,2.32,
20179,2000-01-12,0.01,92.12,2.34,5.7,-7.53,-7.21,16.37,-0.85,17.22,4.92,7.01,13.24,2.81,10.43,10.65,16.96,5.59,11.37,
12089,2015-01-12,21.0,102.12,11.74,17.01,16.73,16.73,19.67,15.13,4.53,16.21,1.52,2.26,0.62,1.64,3.01,5.21,1.08,4.13,
21109,2009-11-16,0.05,97.51,7.09,11.36,8.37,8.37,19.88,4.43,15.46,10.69,1.65,2.36,0.58,1.78,3.48,5.12,1.0,4.12,
41035,2009-01-20,0.0,85.18,2.7,-1.84,-6.76,-6.69,5.63,-6.66,12.28,-2.67,2.06,2.67,1.33,1.34,4.22,5.63,2.56,3.07,1.0078
20091,2011-06-09,1.03,97.68,15.81,26.1,20.82,20.82,31.63,19.93,11.7,26.22,5.64,8.72,2.81,5.9,8.23,11.33,4.25,7.08,
6115,2010-06-18,0.0,95.41,6.48,17.24,6.74,6.75,24.38,10.62,13.76,17.51,4.2,5.13,2.69,2.44,6.12,7.45,4.93,2.53,
29163,2005-10-01,0.01,99.3,7.85,18.91,10.18,10.18,28.46,11.27,17.19,19.2,3.31,5.39,1.46,3.93,5.72,8.29,1.6,6.69,
41053,2002-04-20,0.17,99.75,5.21,8.09,4.29,4.3,13.76,3.58,10.18,8.65,1.47,2.04,0.78,1.26,2.29,3.66,0.88,2.78,
37039,2004-05-16,3.08,96.47,11.54,20.48,15.55,15.55,26.64,14.85,11.8,20.44,1.19,1.83,0.53,1.3,2.94,5.56,1.3,4.27,
54055,2013-07-07,9.74,93.09,15.28,20.39,19.48,19.48,23.41,18.09,5.31,20.37,1.16,1.46,0.78,0.68,2.79,3.64,1.99,1.65,
51065,2008-09-01,0.0,100.32,9.09,22.45,12.45,12.45,30.91,13.48,17.44,21.7,1.34,1.83,0.65,1.19,2.67,4.72,1.16,3.56,
51041,2015-12-16,0.2,100.78,5.92,8.26,6.23,6.23,15.07,3.23,11.84,8.16,1.51,2.15,0.76,1.4,3.54,5.41,1.08,4.33,
28143,2006-02-27,0.0,101.33,4.65,7.14,2.23,2.26,15.52,-1.53,17.04,6.77,5.48,8.06,2.8,5.26,8.53,10.4,4.69,5.71,
48331,2003-11-24,0.0,101.19,2.35,4.05,-6.24,-6.01,10.68,-1.07,11.75,4.12,4.08,6.81,1.75,5.06,5.99,10.23,2.91,7.32,
35059,2002-05-29,0.0,85.03,6.27,24.39,4.31,4.34,33.56,13.06,20.5,26.12,2.5,4.81,0.85,3.95,3.98,6.89,1.33,5.56,
27035,2007-11-25,0.0,96.27,3.04,-0.76,-3.52,-3.49,3.53,-3.54,7.07,-1.36,6.29,7.41,5.34,2.07,9.1,11.05,7.47,3.58,
49029,2004-01-29,1.19,81.6,3.63,-2.74,-3.6,-3.59,0.19,-6.53,6.72,-4.32,2.5,3.28,2.04,1.23,4.01,4.86,3.35,1.51,
54081,2007-06-30,1.96,94.34,11.63,20.52,15.11,15.11,25.05,13.82,11.23,20.42,1.55,2.37,0.83,1.53,3.4,4.37,1.8,2.57,
55017,2011-09-07,0.0,98.36,8.33,16.15,10.8,10.8,23.07,9.82,13.24,15.33,2.06,2.89,1.03,1.86,3.19,5.12,1.49,3.63,
17175,2012-08-04,15.44,98.6,15.87,28.16,20.95,20.95,35.33,21.86,13.47,28.73,3.16,4.85,1.82,3.03,4.86,7.08,3.14,3.95,
5031,2011-07-25,1.02,100.28,18.55,29.07,23.85,23.85,34.12,24.45,9.67,29.75,1.8,2.8,0.65,2.14,2.56,3.28,1.03,2.25,
29145,2005-08-31,0.0,97.26,11.31,25.25,15.37,15.37,33.06,18.18,14.88,25.91,2.22,2.86,0.45,2.41,3.68,5.07,0.29,4.77,
39135,2000-06-21,7.26,97.73,14.62,22.54,19.44,19.44,25.57,17.7,7.87,22.33,6.01,8.44,3.54,4.9,8.86,10.95,7.23,3.72,
30067,2006-01-13,1.24,77.81,2.59,-7.31,-8.38,-8.36,-4.1,-13.08,8.98,-7.6,5.74,6.32,4.33,1.99,8.09,8.99,6.94,2.04,
17125,2010-09-03,0.41,99.21,9.25,17.35,12.66,12.66,21.56,13.33,8.23,17.35,7.08,10.1,3.38,6.73,10.03,13.05,5.79,7.26,
48505,2011-05-16,0.0,99.59,10.84,26.41,15.12,15.13,33.04,20.41,12.63,28.73,3.84,6.1,1.96,4.14,5.04,8.36,3.07,5.29,
46061,2005-10-24,0.01,97.31,2.99,2.93,-3.54,-3.48,9.55,-1.98,11.53,2.52,1.35,3.09,0.42,2.67,2.05,5.62,0.48,5.13,
31019,2013-05-04,0.06,93.93,3.34,6.36,-2.97,-2.87,12.65,-1.21,13.86,7.3,7.51,10.93,4.75,6.18,9.7,13.25,6.48,6.77,
20205,2001-08-22,8.11,97.62,13.79,30.92,18.61,18.61,37.01,25.57,11.44,31.01,7.55,10.21,5.19,5.02,10.66,12.95,8.49,4.46,
19095,2000-07-13,0.01,98.52,12.97,24.76,17.76,17.76,31.23,17.07,14.17,24.85,3.08,4.66,1.05,3.61,5.33,9.36,1.2,8.16,
28037,2011-05-02,4.96,100.54,14.86,24.82,20.27,20.27,30.4,20.79,9.62,24.85,2.47,3.43,1.12,2.31,5.33,6.29,3.25,3.04,
53035,2001-02-22,0.46,98.16,4.67,4.73,2.48,2.49,9.68,1.66,8.01,3.93,1.47,2.26,0.21,2.05,2.43,3.85,0.28,3.57,
31143,2014-05-01,0.03,95.47,4.11,7.91,0.34,0.38,13.42,3.21,10.21,8.59,7.16,10.93,2.67,8.25,9.6,13.29,4.42,8.87,
48025,2009-11-08,5.25,100.86,13.18,19.93,18.43,18.43,22.86,17.81,5.05,19.91,3.7,4.92,2.57,2.35,5.84,7.97,3.49,4.48,
26015,2000-11-02,0.4,98.75,6.8,11.07,7.49,7.5,15.61,8.14,7.47,10.57,4.45,6.43,2.3,4.13,6.92,9.55,4.79,4.76,
21153,2013-03-24,20.82,96.3,4.74,3.79,2.32,2.32,10.1,-0.08,10.18,3.75,2.41,4.37,1.08,3.29,4.57,8.01,2.29,5.71,
17117,2002-08-17,2.97,99.36,17.01,25.8,22.26,22.26,30.95,21.2,9.74,25.86,4.31,6.21,2.29,3.92,6.57,7.82,5.32,2.5,
53015,2007-12-13,1.03,98.54,4.07,0.83,0.67,0.67,2.06,-0.21,2.27,0.6,1.14,1.47,0.54,0.93,2.37,3.45,0.9,2.55,
55141,2009-11-16,0.01,98.72,3.08,0.43,-3.03,-2.99,7.2,-3.44,10.64,-0.12,3.68,4.94,2.79,2.15,6.42,8.97,3.12,5.84,
27075,2001-11-07,6.76,96.75,3.97,2.04,0.1,0.11,5.67,-0.03,5.7,2.33,3.27,5.07,1.52,3.55,5.31,7.83,2.37,5.46,
39105,2007-02-22,0.01,98.41,3.63,1.22,-0.94,-0.92,5.75,-2.58,8.33,1.04,4.69,7.28,1.88,5.41,7.91,11.52,3.0,8.53,
1131,2015-08-31,0.08,100.78,14.25,26.51,19.64,19.64,34.21,19.7,14.51,26.35,1.14,1.55,0.37,1.19,2.47,4.41,0.62,3.79,
27097,2010-07-01,0.12,97.47,12.16,22.71,16.55,16.54,29.12,15.21,13.9,23.1,7.46,9.13,6.36,2.78,10.1,11.73,7.83,3.9,
28123,2004-09-23,0.15,100.51,13.58,23.83,18.84,18.84,29.92,19.96,9.97,23.89,2.18,3.28,1.2,2.08,4.49,5.51,3.63,1.88,
42009,2005-06-12,0.03,97.67,13.88,25.04,18.68,18.68,30.29,19.88,10.41,25.13,1.88,2.43,1.44,0.99,4.06,5.48,2.48,3.0,
12043,2004-09-03,6.86,100.93,19.43,27.29,24.73,24.73,31.1,24.57,6.54,27.2,6.19,7.91,4.14,3.77,8.67,10.28,6.54,3.74,
12027,2004-12-01,0.14,101.68,12.05,20.94,17.14,17.14,26.45,17.36,9.09,20.31,1.68,2.69,0.34,2.34,2.59,5.1,0.42,4.67,
18113,2002-08-29,0.0,99.0,10.7,21.69,14.88,14.88,28.72,15.19,13.52,22.44,3.36,4.6,2.41,2.19,5.42,6.77,3.2,3.56,
19185,2008-07-31,0.03,97.48,17.85,24.81,22.72,22.72,29.24,19.81,9.42,24.87,3.25,5.37,2.14,3.23,5.07,6.66,3.28,3.37,
20095,2005-03-11,0.0,95.51,3.5,9.43,-1.92,-1.84,18.07,-0.07,18.14,9.06,6.32,9.25,4.04,5.21,10.26,12.67,6.43,6.23,
13193,2016-09-20,0.0,99.89,13.38,26.74,18.5,18.5,34.19,20.2,13.99,27.34,2.33,3.63,1.12,2.51,4.04,5.73,2.84,2.89,1.4867
37109,2010-01-17,36.72,97.73,6.45,7.28,6.86,6.86,12.3,3.37,8.94,7.18,3.06,6.56,0.7,5.86,5.14,9.92,1.22,8.7,
31023,2008-02-09,0.0,96.29,1.9,-4.13,-10.02,-9.7,-0.7,-11.76,11.06,-3.91,7.93,11.36,3.56,7.8,10.51,13.81,7.17,6.64,
48291,2013-11-16,0.5,100.78,14.07,20.12,19.31,19.31,25.73,14.41,11.31,20.0,3.12,4.49,2.11,2.38,5.95,7.03,3.99,3.04,
17021,2005-01-10,1.48,99.83,3.05,-2.66,-3.38,-3.37,0.84,-9.43,10.26,-3.47,3.54,4.81,2.43,2.38,5.68,8.35,2.64,5.72,
5123,2005-06-13,0.02,100.2,15.77,27.63,21.14,21.15,33.66,20.74,12.92,27.97,5.13,6.84,3.0,3.84,7.83,9.57,5.4,4.17,
50003,2010-03-22,13.06,97.39,5.43,5.18,4.48,4.48,8.59,3.1,5.49,5.21,1.97,3.63,1.35,2.29,3.28,5.93,1.91,4.02,
48391,2015-12-21,0.06,101.11,12.86,19.87,18.03,18.03,22.77,17.44,5.33,19.1,3.98,6.19,0.63,5.56,6.09,8.66,0.8,7.86,
18027,2001-05-12,0.33,100.34,6.79,15.09,7.92,7.93,20.74,7.94,12.8,15.65,4.67,5.96,2.93,3.02,6.93,7.76,6.18,1.57,
28087,2007-08-04,0.3,100.6,15.49,31.07,20.9,20.9,38.99,24.71,14.27,31.1,1.06,1.66,0.74,0.92,2.24,5.06,1.08,3.98,
16051,2005-11-15,0.22,84.92,1.68,-5.33,-12.06,-11.81,0.58,-9.01,9.58,-5.48,2.77,4.42,0.82,3.6,4.03,7.03,1.02,6.0,2.0
29223,2012-02-01,0.3,99.61,7.28,11.71,8.96,8.96,18.03,4.75,13.28,11.54,2.23,3.46,1.08,2.39,4.58,6.75,1.23,5.52,
28061,2013-08-25,1.89,100.71,16.51,26.46,22.01,22.02,32.82,21.85,10.97,26.43,1.84,2.72,1.07,1.65,4.08,4.98,2.25,2.73,
41043,2007-08-08,0.05,95.5,8.95,16.65,11.59,11.59,23.4,11.46,11.94,16.46,1.49,2.84,0.33,2.51,2.33,4.22,0.4,3.82,
29021,2007-01-22,0.02,98.59,2.28,-5.28,-6.83,-6.8,-0.47,-9.59,9.12,-5.55,4.09,5.03,2.97,2.06,5.69,7.48,4.97,2.51,
45015,2005-11-30,0.14,101.26,6.69,12.58,8.04,8.05,17.09,8.77,8.32,13.28,2.44,3.07,1.45,1.62,3.77,5.29,2.29,2.99,
48325,2005-06-18,0.0,97.6,13.97,31.5,18.69,18.69,39.82,23.66,16.16,33.83,4.9,6.08,3.71,2.37,6.29,8.4,4.63,3.77,
22087,2002-07-19,1.05,101.61,19.38,30.92,24.78,24.78,32.05,29.53,2.52,30.99,2.84,4.67,0.33,4.35,3.17,5.39,0.35,5.03,
41039,2003-10-01,0.05,93.49,8.38,15.15,10.21,10.21,22.45,10.62,11.84,14.5,1.19,2.15,0.1,2.05,1.97,3.32,0.05,3.27,
46067,2006-03-16,2.81,97.06,2.42,-2.1,-6.3,-6.23,2.06,-6.07,8.13,-1.91,6.82,10.25,2.63,7.62,8.86,12.27,4.84,7.43,
19187,2004-11-19,6.82,97.22,6.45,8.32,6.9,6.9,12.59,3.89,8.7,8.2,5.1,6.68,4.21,2.47,6.85,8.53,5.42,3.11,
13251,2009-09-14,0.03,100.82,14.19,25.93,19.53,19.53,31.32,22.01,9.31,26.69,1.84,2.6,1.01,1.6,2.93,4.92,1.67,3.25,
26093,2001-03-15,0.32,98.17,3.82,1.99,-0.33,-0.32,6.73,-1.72,8.44,1.7,4.79,6.63,0.48,6.15,6.23,8.59,0.65,7.94,
36089,2000-04-05,1.99,96.67,2.97,-0.76,-3.82,-3.78,0.36,-3.17,3.52,-0.52,4.54,5.73,2.79,2.94,7.62,9.26,5.48,3.78,
55011,2001-06-21,4.61,98.34,9.72,17.19,13.27,13.27,21.11,11.11,10.0,17.56,3.76,6.01,2.11,3.9,5.75,8.44,2.47,5.96,
40003,2015-01-03,2.41,96.5,3.29,-0.14,-2.74,-2.7,3.16,-6.48,9.64,-0.25,3.62,11.76,0.23,11.52,5.14,14.95,0.36,14.59,
38049,2014-02-25,0.01,96.87,0.56,-19.21,-21.92,-21.26,-15.66,-22.84,7.17,-19.08,6.47,8.36,3.92,4.44,8.44,9.63,5.8,3.83,0.0
51125,2006-08-09,1.39,98.64,10.31,24.49,14.07,14.07,32.12,17.29,14.83,24.54,1.17,1.79,0.51,1.29,2.77,4.39,0.67,3.72,
20147,2001-05-01,0.04,93.36,8.49,23.41,10.28,10.28,33.49,12.82,20.67,23.56,6.78,11.01,2.02,8.99,9.42,15.58,3.24,12.34,0.0
37047,2013-09-24,0.0,101.38,9.3,19.19,13.02,13.02,25.88,13.48,12.4,20.03,2.6,3.28,2.14,1.13,3.95,6.01,2.43,3.58,0.0
12093,2003-09-07,3.27,101.07,19.23,27.03,24.58,24.58,30.18,24.02,6.17,27.16,2.65,3.87,1.74,2.13,3.86,5.16,2.43,2.72,
34041,2014-04-03,2.16,99.18,4.35,7.56,1.37,1.41,15.21,0.32,14.89,7.5,1.81,2.59,0.73,1.86,3.66,5.64,1.47,4.18,
27123,2012-06-21,0.22,98.06,10.13,18.8,13.9,13.9,23.67,13.59,10.08,19.04,4.67,6.4,2.52,3.88,6.92,8.06,4.95,3.1,
13027,2001-01-04,0.0,101.65,2.59,0.98,-4.94,-4.84,8.99,-4.68,13.68,0.44,2.82,4.12,2.19,1.93,4.53,5.67,3.33,2.34,
36025,2016-03-08,0.0,96.13,5.74,5.36,5.03,5.03,12.74,0.58,12.16,4.26,1.77,2.92,0.54,2.38,3.62,7.1,0.85,6.25,0.0
20163,2009-01-24,0.07,95.73,1.16,-7.03,-14.67,-14.1,-3.11,-9.52,6.41,-5.03,4.44,6.0,2.44,3.56,5.11,7.07,2.47,4.6,
39051,2009-02-21,4.37,98.17,2.2,-5.07,-7.5,-7.43,0.29,-9.08,9.37,-5.48,8.84,12.21,0.89,11.32,11.3,15.25,1.26,14.0,
54061,2001-06-20,6.33,97.51,12.13,22.89,16.44,16.44,30.4,15.56,14.84,22.67,1.57,2.31,0.19,2.12,3.61,5.12,0.24,4.89,
19007,2010-01-15,0.03,99.27,2.71,-3.53,-4.59,-4.57,-1.49,-5.44,3.95,-3.44,1.82,2.71,0.26,2.45,2.41,3.89,0.26,3.63,
22077,2015-04-01,0.18,101.38,13.02,20.8,18.3,18.3,26.2,15.58,10.62,20.76,3.53,5.58,1.97,3.61,6.0,7.52,3.56,3.95,
25003,2011-11-18,0.01,98.76,2.95,-0.34,-3.53,-3.5,3.99,-2.92,6.91,-0.4,2.31,3.34,1.52,1.82,4.99,6.14,3.85,2.29,
54051,2005-07-21,2.76,97.66,15.49,25.49,20.43,20.43,31.36,19.82,11.54,25.45,1.65,2.65,0.93,1.72,3.91,5.1,2.14,2.96,
48287,2007-01-09,0.0,101.74,4.73,8.27,3.08,3.09,16.84,1.61,15.23,7.4,3.5,5.97,2.49,3.47,5.48,7.33,3.95,3.38,1.1035
31129,2000-06-13,1.3,94.25,11.67,25.25,15.06,15.07,31.44,18.86,12.57,25.94,6.26,9.04,2.85,6.19,8.63,11.65,4.87,6.77,3.0
55011,2003-04-01,0.0,96.87,5.7,10.14,5.14,5.15,18.92,3.06,15.86,10.84,4.13,6.2,2.06,4.13,6.04,10.23,2.47,7.76,0.0204999999999999
54059,2006-12-09,0.03,98.38,1.93,-3.21,-9.07,-8.86,5.67,-10.17,15.84,-3.37,1.89,2.42,1.27,1.15,4.35,6.47,2.48,3.99,
27087,2006-10-12,1.77,95.19,2.64,-1.17,-5.54,-5.47,2.6,-6.11,8.71,-0.93,10.86,13.64,6.44,7.2,14.05,17.34,8.67,8.67,
42027,2010-10-07,0.31,96.47,7.03,11.94,8.14,8.14,17.85,8.22,9.62,11.94,2.6,3.82,1.75,2.08,5.41,7.41,3.48,3.94,
46059,2003-07-16,0.58,95.48,10.09,28.59,13.35,13.35,38.3,19.76,18.54,29.45,4.66,7.43,0.99,6.44,6.79,9.74,1.22,8.52,
42041,2002-03-11,0.0,99.68,1.91,-0.79,-8.9,-8.62,5.74,-5.15,10.89,-0.43,2.47,4.0,1.42,2.58,4.67,7.72,2.06,5.66,
20069,2003-06-21,0.55,91.81,14.01,24.45,17.91,17.91,30.32,18.6,11.71,25.1,8.27,10.23,5.59,4.64,10.94,12.67,7.82,4.85,
47183,2014-11-05,13.9,100.61,8.27,11.98,11.16,11.17,14.29,8.94,5.36,11.77,2.4,3.71,0.19,3.52,3.82,6.58,0.19,6.4,
17175,2014-09-20,3.33,98.61,13.08,19.95,17.56,17.56,25.96,13.68,12.28,19.84,5.39,6.97,4.16,2.8,7.98,8.86,6.37,2.5,
17061,2011-05-13,6.33,98.52,12.0,19.05,16.54,16.54,21.88,14.05,7.83,19.26,3.12,8.28,0.12,8.16,4.68,11.03,0.17,10.86,
16085,2014-08-20,1.11,80.65,7.75,15.24,6.9,6.91,20.24,9.42,10.82,14.39,1.68,2.82,0.74,2.08,2.75,4.48,0.94,3.54,
48159,2008-03-20,0.76,100.69,5.86,11.72,5.92,5.92,19.42,3.68,15.74,11.19,3.66,5.06,1.78,3.28,6.06,9.92,2.68,7.24,
48131,2012-11-18,0.0,101.22,8.98,18.34,12.54,12.55,25.39,12.02,13.36,18.93,3.9,5.4,2.52,2.88,6.1,7.31,5.06,2.24,
39065,2003-10-23,0.0,97.99,3.63,4.46,-0.99,-0.95,9.52,0.13,9.39,4.39,2.94,4.85,0.8,4.05,4.24,5.58,1.13,4.45,
54053,2015-01-13,0.04,100.18,2.06,-3.31,-7.92,-7.78,0.0,-5.94,5.94,-3.29,2.56,3.52,1.34,2.18,4.32,5.56,2.14,3.42,0.0
17007,2002-05-22,0.04,98.94,6.02,12.09,6.17,6.18,19.6,3.43,16.17,12.35,6.88,9.1,4.1,5.0,9.78,11.9,6.52,5.38,
18159,2012-12-17,1.5,97.58,4.4,3.02,1.64,1.64,6.96,0.91,6.06,3.11,2.38,4.39,0.39,4.0,3.22,6.19,0.58,5.61,
20175,2009-06-22,0.5,91.31,13.03,28.03,16.57,16.57,36.77,18.91,17.86,28.23,5.48,6.39,4.03,2.37,8.26,10.48,5.91,4.57,
46081,2002-03-20,0.6,86.19,1.75,-7.92,-12.46,-12.17,-2.56,-17.91,15.35,-7.43,4.83,6.37,2.46,3.91,7.0,8.79,5.15,3.64,
21163,2012-09-19,0.0,99.59,5.53,13.92,5.09,5.1,21.87,6.36,15.51,14.13,1.55,2.32,0.35,1.97,3.31,6.28,0.48,5.79,
37101,2008-02-20,0.01,101.1,4.26,6.96,1.3,1.32,15.2,-1.84,17.04,6.83,4.58,8.14,1.77,6.37,7.36,12.04,1.97,10.06,
1071,2010-06-11,0.23,97.97,17.07,25.6,22.08,22.08,29.99,20.79,9.2,25.45,1.49,1.84,0.97,0.87,2.97,4.16,1.48,2.68,
32015,2002-07-27,0.0,82.0,3.72,24.13,-3.07,-2.94,31.89,16.4,15.49,25.51,3.68,6.46,0.83,5.63,4.69,6.9,1.29,5.61,
48173,2005-12-01,0.0,92.72,2.51,4.74,-6.45,-6.26,11.85,-0.98,12.83,5.31,3.92,7.14,1.18,5.96,6.04,10.3,1.2,9.1,
13137,2013-09-01,5.08,94.68,16.56,23.01,21.03,21.03,27.86,19.56,8.3,23.04,1.38,2.31,0.82,1.49,3.13,4.13,2.38,1.76,
48417,2000-05-22,0.82,95.83,11.09,27.98,14.84,14.84,36.65,19.15,17.51,28.63,7.09,8.1,5.85,2.25,9.69,11.29,7.48,3.81,
17113,2003-05-31,0.37,98.32,7.76,15.31,9.58,9.59,20.34,6.15,14.2,16.03,7.15,10.54,3.56,6.98,9.59,12.98,6.48,6.51,
30041,2013-02-02,0.25,91.51,2.94,-1.76,-4.64,-4.61,3.75,-4.79,8.54,-2.6,6.34,8.55,4.19,4.36,9.56,12.43,7.26,5.17,
53013,2004-12-13,0.9,92.43,4.14,3.07,0.02,0.03,8.61,0.47,8.14,2.29,2.8,3.63,1.56,2.07,4.96,6.36,2.89,3.47,
21129,2009-12-14,0.24,97.85,6.13,6.24,6.13,6.13,10.91,2.02,8.89,6.01,2.87,4.27,1.74,2.52,5.72,6.87,4.21,2.67,
12039,2005-08-04,8.79,101.08,17.56,24.79,23.08,23.08,27.89,22.73,5.16,24.67,2.15,3.15,1.44,1.71,4.12,4.6,3.24,1.36,
13099,2014-01-29,1.41,101.76,2.31,-3.04,-6.28,-6.2,-1.38,-6.14,4.77,-3.13,3.62,4.76,1.86,2.9,5.16,6.57,3.18,3.4,
18163,2004-12-06,0.92,99.45,8.46,11.57,11.24,11.24,16.25,7.22,9.03,11.08,4.24,6.05,3.01,3.04,7.14,9.69,3.48,6.21,
54015,2011-10-17,0.06,95.97,6.77,14.84,7.3,7.31,19.03,11.32,7.71,13.94,1.71,2.56,0.98,1.58,3.53,6.27,1.35,4.92,
16041,2016-11-06,0.04,81.51,4.52,7.01,-0.54,-0.52,14.07,1.94,12.13,4.18,2.29,3.77,0.5,3.26,3.22,4.66,0.63,4.03,
49045,2010-08-12,0.0,85.44,4.86,20.94,0.98,1.04,28.2,13.68,14.53,23.3,3.38,4.5,2.3,2.2,4.7,6.48,3.65,2.83,
51173,2008-09-14,1.63,92.49,13.53,23.02,17.46,17.46,29.63,17.72,11.91,23.04,2.69,4.22,1.35,2.86,5.7,7.79,3.37,4.42,
48267,2006-04-06,0.01,93.45,7.73,22.14,7.28,7.34,32.17,15.18,16.99,22.83,5.83,9.27,1.57,7.7,7.82,10.77,2.66,8.11,
28011,2008-03-21,0.0,101.48,6.43,12.92,7.3,7.31,20.9,4.64,16.27,12.57,4.73,7.55,3.48,4.07,7.87,9.46,4.86,4.6,
8101,2006-01-24,0.0,84.87,2.34,3.2,-8.28,-8.09,12.23,-1.43,13.66,1.01,2.8,4.2,0.55,3.64,4.43,8.02,0.64,7.38,1.6483
4025,2005-08-30,0.0,85.34,6.16,25.97,4.34,4.36,33.58,19.24,14.34,25.5,3.63,6.35,0.88,5.47,4.89,7.22,1.28,5.94,0.0
54057,2009-06-19,0.86,95.65,14.02,21.31,18.33,18.33,26.93,14.26,12.67,21.06,1.28,1.64,0.73,0.91,2.92,3.98,1.44,2.54,
55009,2016-04-04,0.08,99.74,2.32,-2.39,-6.44,-6.36,-1.58,-3.32,1.74,-0.08,6.09,11.16,1.92,9.25,7.02,13.18,2.59,10.59,
31103,2011-05-13,0.14,93.72,4.6,7.59,1.68,1.69,12.58,3.04,9.54,8.74,8.39,10.74,5.19,5.55,10.67,12.88,7.57,5.31,
47157,2002-05-07,0.86,100.47,15.92,24.19,21.39,21.39,28.7,20.59,8.11,24.11,4.52,7.28,2.23,5.05,7.24,9.38,4.82,4.56,0.0
46073,2010-12-24,0.4,97.23,2.12,-6.81,-7.87,-7.84,-3.02,-11.05,8.03,-7.06,3.49,4.59,2.33,2.26,5.0,6.03,3.58,2.44,
19057,2000-08-20,0.76,99.72,9.23,20.6,12.62,12.62,27.53,15.25,12.28,21.49,4.68,6.13,3.23,2.9,6.67,8.05,5.58,2.47,
46015,2013-02-06,0.0,95.04,3.42,1.27,-2.19,-2.17,6.76,-2.22,8.98,0.91,3.84,6.21,2.55,3.66,5.63,8.14,3.35,4.79,
48319,2001-10-29,0.0,96.53,6.49,15.75,7.02,7.03,24.93,9.44,15.49,16.41,4.48,5.89,3.64,2.25,6.92,8.45,5.46,2.99,
47069,2014-02-07,0.05,101.15,1.97,-7.16,-8.7,-8.64,-1.93,-12.77,10.84,-7.19,2.38,3.07,1.43,1.64,3.76,5.25,2.62,2.63,
26041,2000-02-03,1.15,98.14,2.73,-3.65,-4.76,-4.75,-1.67,-5.9,4.23,-2.4,3.7,6.63,0.52,6.11,4.69,8.35,0.57,7.78,
19143,2014-05-23,0.0,96.94,6.97,20.18,8.06,8.07,28.03,11.04,16.99,21.27,4.05,5.03,3.24,1.79,6.34,8.53,4.26,4.27,
22029,2001-05-17,0.02,100.86,13.19,24.26,18.42,18.43,31.07,17.94,13.13,24.87,3.31,5.11,2.09,3.02,5.53,6.8,3.42,3.37,
1131,2004-05-31,11.48,100.18,16.54,27.17,21.88,21.88,32.34,23.42,8.92,27.12,1.94,3.04,0.05,2.99,3.84,5.61,0.07,5.54,
29003,2001-10-13,2.96,96.72,6.99,13.33,7.68,7.69,17.73,9.01,8.73,13.38,4.91,7.47,2.96,4.51,7.39,9.47,5.41,4.06,
16049,2012-08-11,0.0,83.66,6.41,18.85,4.51,4.53,27.04,10.9,16.14,17.07,1.42,2.24,0.25,2.0,2.02,3.55,0.39,3.16,
21215,2010-02-21,0.38,98.76,4.54,4.44,2.09,2.1,10.99,0.49,10.49,3.52,2.61,3.98,1.34,2.63,5.06,9.13,1.82,7.32,
48351,2014-05-25,0.0,101.08,13.41,26.39,18.65,18.66,34.07,20.22,13.85,26.63,1.99,2.7,1.44,1.25,3.99,5.29,2.64,2.65,
19007,2001-01-02,0.06,100.26,1.16,-13.09,-14.28,-14.19,-7.75,-16.78,9.03,-14.24,4.29,6.77,1.02,5.75,6.31,9.97,1.38,8.59,1.0
26091,2016-03-15,0.04,97.71,6.57,9.52,7.21,7.21,16.51,4.29,12.22,11.03,4.27,9.24,0.89,8.35,5.4,11.13,0.89,10.24,0.0
48145,2013-02-11,7.54,100.16,7.01,12.12,8.64,8.64,15.54,9.9,5.64,12.25,4.06,6.05,1.57,4.47,5.55,7.55,2.99,4.56,
1047,2011-12-09,0.0,101.59,3.87,5.12,0.34,0.36,11.17,0.84,10.33,3.92,1.2,1.82,0.47,1.35,2.62,5.23,0.61,4.62,
35035,2016-10-11,0.0,83.22,8.49,19.05,8.59,8.6,27.52,12.29,15.23,19.2,3.88,5.93,2.37,3.57,5.88,7.27,3.79,3.47,0.3423
24003,2011-01-22,0.02,101.08,1.29,-7.34,-12.96,-12.58,-4.93,-9.67,4.74,-6.57,2.77,5.72,0.65,5.07,3.66,7.77,0.93,6.84,
29153,2000-01-19,0.03,97.62,4.41,4.97,1.35,1.37,11.46,-0.99,12.45,4.97,3.97,7.5,1.27,6.23,6.63,11.82,2.94,8.88,
28107,2010-05-20,18.33,100.05,14.8,22.14,19.95,19.95,25.98,18.08,7.9,22.04,3.54,4.24,2.77,1.46,5.89,7.43,4.48,2.95,
16001,2015-11-12,0.11,89.91,3.37,2.56,-3.08,-3.04,8.42,-1.39,9.81,1.96,1.99,3.06,1.23,1.83,3.06,5.69,1.61,4.08,
36085,2010-07-15,0.18,100.38,15.29,25.67,20.71,20.71,31.13,20.99,10.14,26.03,1.91,2.75,1.06,1.69,3.24,4.58,1.32,3.26,
4011,2007-07-13,1.25,82.84,10.0,25.59,10.75,10.76,34.15,18.55,15.6,26.91,1.82,3.13,0.81,2.32,2.58,4.11,1.26,2.85,
19063,2007-04-26,0.08,96.49,5.04,9.38,3.35,3.37,15.91,3.09,12.82,9.95,4.47,6.93,2.08,4.84,6.22,8.05,3.26,4.79,
21111,2001-09-25,0.0,99.46,5.04,9.96,3.77,3.79,15.17,5.69,9.48,10.44,3.13,4.5,1.83,2.68,4.89,5.81,3.16,2.65,0.0
39029,2012-01-04,0.0,97.78,2.15,-6.01,-7.86,-7.8,-2.39,-10.79,8.4,-6.05,2.87,4.04,1.55,2.49,4.83,6.48,2.82,3.66,
49013,2000-12-28,0.01,78.73,2.4,-3.64,-9.11,-9.0,3.51,-8.33,11.84,-5.85,2.13,3.72,0.54,3.18,3.65,7.19,0.83,6.35,
45083,2007-04-18,0.26,98.3,7.38,14.84,8.98,8.98,21.55,7.7,13.85,14.65,1.17,2.24,0.04,2.2,2.37,5.44,0.11,5.33,
48291,2016-03-01,0.07,101.23,11.83,18.77,16.64,16.64,24.77,13.32,11.44,18.59,2.7,4.69,1.07,3.62,5.44,7.47,2.71,4.76,0.311
29025,2011-07-08,0.0,98.22,15.02,24.17,19.99,19.98,29.86,17.07,12.79,24.33,2.41,3.73,1.08,2.65,3.8,6.4,1.73,4.67,
29065,2014-02-23,0.05,98.39,2.62,-0.75,-5.28,-5.2,4.71,-5.09,9.8,-0.75,2.96,3.7,1.98,1.72,5.32,6.72,4.39,2.33,
21123,2016-07-07,19.95,98.7,18.24,25.16,23.29,23.29,29.03,21.81,7.21,25.37,2.63,4.3,0.88,3.42,4.26,6.04,1.18,4.86,
27005,2010-11-07,0.0,96.25,5.36,7.11,4.14,4.14,13.95,2.22,11.73,5.68,4.12,6.23,0.28,5.95,6.36,9.94,0.38,9.56,
12099,2007-06-30,11.91,101.45,18.83,27.77,24.3,24.3,30.05,25.53,4.53,28.19,2.44,3.29,1.85,1.44,3.19,4.88,2.32,2.56,
28009,2011-10-10,0.17,100.17,10.37,20.74,14.56,14.56,28.01,14.92,13.09,21.08,2.38,3.11,1.77,1.34,4.65,5.72,3.7,2.02,
53009,2015-07-26,2.67,96.74,8.18,13.04,10.42,10.42,16.06,10.62,5.44,13.19,2.11,2.51,1.78,0.73,3.42,3.94,2.92,1.02,
41067,2005-10-10,1.34,99.1,7.29,10.86,8.97,8.98,16.06,6.82,9.25,10.87,1.69,2.08,1.13,0.94,3.34,4.72,1.85,2.87,
38089,2014-02-01,0.05,92.82,0.9,-14.28,-17.51,-17.11,-12.7,-16.67,3.96,-14.22,6.76,8.9,3.92,4.98,8.88,11.04,6.59,4.45,
42093,2005-07-19,2.62,96.89,16.23,24.7,21.06,21.06,29.36,19.94,9.42,24.68,1.36,1.78,0.87,0.91,3.49,5.15,2.35,2.79,0.0
39003,2001-05-16,6.88,97.53,14.3,21.29,19.14,19.14,25.56,16.6,8.96,21.28,3.47,5.08,2.29,2.79,5.22,6.15,4.28,1.87,
16047,2002-09-08,0.25,87.65,3.91,14.9,-1.59,-1.51,22.61,8.02,14.59,16.44,2.34,3.26,1.0,2.26,3.74,5.92,1.05,4.86,
26151,2013-12-12,0.05,99.77,1.51,-9.49,-11.66,-11.52,-7.45,-12.88,5.43,-6.94,8.39,10.97,6.39,4.58,10.24,13.04,8.0,5.04,
27031,2003-10-14,0.08,97.09,4.87,7.0,2.81,2.82,9.74,4.31,5.43,6.84,4.61,6.03,2.7,3.32,6.49,8.23,3.82,4.41,1.0
27069,2013-07-13,2.53,98.06,13.77,24.36,18.65,18.65,31.16,16.73,14.43,24.9,2.04,3.83,0.93,2.89,3.5,8.49,1.15,7.33,
47013,2016-10-12,0.0,97.4,5.1,15.78,3.62,3.65,25.95,6.81,19.14,15.59,1.54,2.1,1.04,1.06,3.39,5.19,1.72,3.47,
29215,2007-12-19,0.3,97.89,3.95,1.5,0.07,0.07,8.43,-3.29,11.73,0.79,1.82,2.68,0.49,2.19,3.59,5.91,0.68,5.22,
27129,2013-12-22,0.26,98.08,1.1,-13.02,-15.09,-14.88,-10.66,-17.52,6.86,-12.56,6.85,7.88,4.35,3.53,8.36,9.75,5.95,3.8,
17089,2004-11-18,8.37,99.53,8.49,12.42,11.33,11.33,14.04,9.57,4.48,12.07,2.86,3.79,1.94,1.85,4.75,7.64,3.3,4.34,
16071,2010-09-11,0.0,84.01,3.99,12.35,-1.78,-1.71,21.36,3.45,17.91,12.43,3.28,5.32,1.78,3.53,4.38,5.98,2.69,3.29,
44003,2003-08-25,0.01,100.14,9.67,20.49,13.25,13.25,26.35,13.81,12.55,20.49,2.12,3.16,1.3,1.86,4.52,5.79,2.13,3.66,
13003,2015-08-13,1.26,100.79,16.04,28.69,21.49,21.49,35.1,23.36,11.74,29.41,2.56,3.61,1.53,2.08,4.2,6.02,3.3,2.72,
53029,2010-12-10,5.58,99.42,5.17,5.12,4.12,4.12,7.43,4.04,3.39,5.03,1.8,2.31,0.68,1.63,2.89,3.68,1.1,2.59,
5079,2004-11-16,0.0,102.12,9.16,15.32,12.91,12.91,22.48,10.98,11.5,15.28,1.94,2.4,1.42,0.98,4.07,6.3,2.18,4.12,0.0
21121,2006-06-07,1.09,96.53,9.5,20.14,12.58,12.58,27.04,13.52,13.52,20.03,1.76,2.48,0.57,1.91,3.32,4.48,1.24,3.24,
4025,2009-03-05,0.0,85.39,3.53,7.2,-3.31,-3.22,14.85,1.56,13.29,7.11,3.7,7.64,0.27,7.36,5.24,8.83,0.41,8.41,
38101,2001-05-14,0.66,93.52,7.8,21.98,8.71,8.73,28.81,15.6,13.21,21.65,4.73,6.85,1.53,5.31,6.86,10.78,2.18,8.6,
45013,2005-03-16,28.15,100.99,9.24,13.88,12.47,12.47,18.08,7.96,10.13,14.51,5.78,7.15,3.59,3.56,7.41,9.14,5.09,4.05,
26107,2013-04-27,0.02,98.67,6.09,10.92,6.33,6.33,18.73,3.94,14.79,11.03,3.8,5.05,2.33,2.73,5.93,8.1,3.63,4.47,
20105,2000-03-22,12.25,96.75,7.11,11.21,8.33,8.33,15.57,6.84,8.73,11.54,2.15,3.69,0.17,3.52,3.37,6.76,0.17,6.59,
54089,2009-07-20,5.83,93.65,10.95,15.82,14.3,14.3,19.63,11.97,7.66,15.76,1.25,1.96,0.58,1.38,2.93,3.87,1.36,2.5,
20011,2013-06-25,0.15,97.74,16.66,26.05,21.66,21.66,30.44,21.97,8.46,25.73,6.9,9.71,4.25,5.47,10.21,12.65,7.91,4.74,0.0
56029,2002-08-16,0.08,74.58,3.86,13.42,-3.86,-3.77,22.82,5.35,17.47,13.01,4.18,7.96,0.48,7.49,7.11,12.72,0.9,11.82,
5065,2011-04-20,0.87,99.33,6.47,12.24,7.29,7.29,18.45,6.96,11.49,12.43,2.34,3.53,1.27,2.25,4.07,6.02,2.37,3.65,
48193,2007-11-04,0.0,97.67,9.83,19.01,13.38,13.38,27.07,12.48,14.59,19.06,4.71,6.83,3.07,3.76,7.57,10.41,5.72,4.68,
26075,2015-07-20,0.16,97.53,12.46,21.71,16.89,16.89,26.71,14.94,11.76,21.64,3.62,5.38,2.37,3.01,6.01,7.88,2.84,5.04,
40083,2014-02-21,0.0,97.81,2.34,6.86,-6.94,-6.62,16.52,-2.46,18.97,5.8,4.92,9.41,2.34,7.07,7.45,11.38,4.02,7.36,
13043,2006-03-21,9.86,100.04,10.96,18.68,15.04,15.04,24.99,13.34,11.65,18.44,6.16,9.55,3.64,5.92,9.61,12.84,6.88,5.96,0.0
40137,2009-12-25,0.01,97.9,1.83,-7.12,-9.91,-9.79,-0.22,-13.87,13.65,-8.39,4.84,7.79,3.53,4.26,7.69,12.18,4.85,7.34,
28009,2007-03-21,0.0,100.9,9.66,17.28,13.59,13.59,23.84,13.09,10.75,17.18,3.48,5.01,2.65,2.37,6.37,7.54,4.52,3.02,
13079,2015-03-27,1.1,99.36,6.7,12.34,7.15,7.16,16.59,5.61,10.98,12.38,4.11,5.83,2.36,3.47,7.0,8.61,4.8,3.81,
51041,2016-02-22,0.29,100.86,6.01,8.33,6.49,6.49,11.72,5.37,6.35,8.33,2.07,2.83,1.36,1.48,3.81,5.52,2.78,2.74,
1099,2010-08-20,2.71,100.3,18.4,29.12,23.66,23.66,35.95,24.22,11.73,29.13,1.29,1.87,0.99,0.88,3.17,4.06,2.19,1.87,
48035,2002-12-05,0.11,99.47,3.0,2.81,-3.29,-3.22,8.77,-0.47,9.24,3.2,5.1,6.92,2.82,4.1,7.28,8.69,5.77,2.92,
31145,2010-01-04,0.0,93.68,2.03,-7.18,-8.84,-8.8,-1.97,-10.08,8.11,-7.38,1.51,2.28,0.67,1.61,2.35,3.81,0.99,2.82,
8123,2003-09-05,0.28,84.84,6.7,23.03,5.4,5.41,32.3,15.22,17.08,23.77,2.43,3.68,0.54,3.14,3.99,7.46,0.69,6.77,
36117,2013-10-27,0.41,99.67,4.9,6.83,3.36,3.37,8.38,5.88,2.51,8.86,5.22,6.68,4.43,2.25,7.0,8.92,6.02,2.9,
37119,2002-06-11,0.0,99.26,8.61,25.51,11.44,11.45,35.33,15.09,20.24,26.5,2.06,2.74,1.26,1.48,3.8,6.56,1.41,5.15,3.1778
51139,2016-01-02,0.0,98.47,2.84,-0.19,-4.11,-4.06,6.89,-3.96,10.86,-0.42,2.29,3.18,1.72,1.46,4.94,6.07,3.23,2.83,
45075,2010-10-29,0.0,101.46,6.06,15.35,6.45,6.47,21.28,9.7,11.58,15.55,3.56,5.66,2.22,3.44,6.0,7.8,4.31,3.49,
13289,2012-01-27,4.16,99.92,7.06,12.09,8.28,8.28,17.39,4.22,13.16,12.0,3.76,5.49,1.75,3.73,6.58,8.84,3.97,4.87,
21051,2012-04-01,5.25,96.63,10.25,15.35,13.44,13.44,21.89,8.09,13.8,15.22,1.82,2.97,0.77,2.2,3.78,6.98,1.2,5.78,
31111,2003-01-29,0.13,91.53,3.32,0.71,-3.03,-3.0,7.08,-3.34,10.42,0.74,3.74,6.3,1.73,4.57,6.04,10.1,2.07,8.03,
38059,2015-03-25,0.33,94.76,2.57,0.04,-5.78,-5.69,5.09,-3.77,8.85,0.43,7.64,11.93,1.06,10.87,9.76,15.15,1.53,13.62,
13017,2011-12-06,0.39,100.78,10.98,18.49,15.54,15.54,25.47,13.31,12.16,18.46,3.8,5.35,2.66,2.69,6.46,7.93,4.21,3.72,4.0
40027,2015-09-10,2.51,97.48,14.35,25.36,19.23,19.23,31.84,19.98,11.87,25.8,2.21,4.48,0.65,3.83,3.6,8.58,0.78,7.8,
13251,2005-02-01,0.07,101.84,3.66,4.58,-0.32,-0.29,9.42,1.74,7.67,4.6,3.64,4.99,2.33,2.66,5.8,7.18,4.65,2.53,0.0
48411,2005-09-13,0.01,96.33,15.09,28.63,19.8,19.8,35.89,22.32,13.56,29.92,5.35,6.49,3.45,3.04,7.3,9.03,5.74,3.28,0.0
21069,2002-01-13,0.01,98.01,3.12,0.58,-2.94,-2.91,6.47,-3.21,9.69,0.39,2.67,3.64,1.52,2.12,4.83,6.47,3.28,3.19,
41017,2009-10-21,1.79,85.99,5.55,6.43,2.95,2.95,12.05,3.32,8.72,6.58,2.88,5.02,1.26,3.75,4.84,7.02,2.39,4.63,
51550,2016-07-03,11.24,101.81,13.22,22.12,18.62,18.62,23.6,20.51,3.09,22.97,4.84,8.7,1.76,6.95,6.2,10.33,2.41,7.92,
5111,2014-09-10,14.07,100.0,16.92,28.84,22.28,22.28,34.83,24.0,10.83,29.07,5.65,8.21,3.81,4.4,8.48,10.46,6.45,4.01,
29107,2007-06-17,0.18,98.58,15.79,24.63,20.93,20.93,29.19,19.73,9.46,24.57,4.8,7.26,2.3,4.96,6.95,9.36,4.08,5.28,
51109,2001-11-03,0.01,101.2,8.48,16.68,11.32,11.33,24.11,10.14,13.97,16.65,1.62,2.15,1.05,1.11,3.64,5.82,1.69,4.13,
27045,2012-03-16,0.07,97.18,10.12,16.15,13.58,13.58,24.25,7.28,16.97,15.62,5.57,8.03,3.34,4.7,8.32,11.61,5.31,6.3,
18161,2009-05-19,0.0,99.26,5.93,14.45,5.97,5.98,22.14,5.21,16.93,14.17,2.94,3.68,1.61,2.07,4.35,6.11,2.36,3.75,0.0
19167,2006-02-08,0.0,97.68,1.47,-6.86,-12.01,-11.7,-1.61,-10.81,9.2,-6.29,3.84,5.08,1.99,3.08,5.17,6.98,3.07,3.91,
12045,2000-08-14,0.24,101.71,17.11,28.91,22.72,22.72,31.16,26.86,4.3,29.46,3.87,4.85,2.89,1.96,4.86,5.94,3.27,2.67,
48121,2004-09-24,1.89,99.06,13.9,25.07,18.98,18.98,30.64,21.37,9.27,26.12,3.37,5.02,1.78,3.24,4.89,7.26,3.45,3.81,
48359,2005-01-13,0.0,88.2,2.52,0.91,-6.92,-6.8,9.35,-5.17,14.52,0.75,3.8,5.07,2.03,3.04,6.06,9.75,3.36,6.4,
27025,2016-01-24,0.37,97.28,2.35,-5.73,-6.69,-6.67,-2.06,-9.22,7.16,-5.86,2.35,5.16,0.43,4.73,3.94,7.34,0.46,6.88,
47005,2002-11-17,0.01,100.21,3.1,0.99,-2.75,-2.71,6.6,-3.66,10.25,1.12,2.68,4.05,1.63,2.42,4.62,6.34,2.34,4.0,
19151,2016-04-10,0.37,96.13,5.2,8.25,3.59,3.6,14.39,2.75,11.64,8.09,6.46,8.55,3.48,5.07,9.2,11.29,5.72,5.57,
13125,2003-07-06,0.77,100.34,17.21,26.27,22.61,22.61,31.19,21.46,9.74,26.36,1.85,3.2,0.8,2.4,3.57,5.09,1.32,3.77,
29181,2016-03-01,3.71,99.42,5.9,8.85,5.06,5.07,14.06,-0.42,14.49,8.77,4.35,7.08,2.23,4.85,7.7,10.78,5.22,5.56,0.0
42075,2012-07-13,2.28,100.03,10.81,24.62,15.18,15.18,28.04,20.54,7.5,24.49,1.3,1.67,0.76,0.9,2.44,3.9,1.53,2.37,
21211,2005-12-29,0.4,98.04,4.01,1.39,0.46,0.46,4.09,-0.52,4.6,1.29,3.59,5.13,1.76,3.37,5.62,7.07,3.45,3.62,
40127,2000-02-25,18.99,98.49,11.8,18.13,16.28,16.28,21.49,16.09,5.4,18.0,4.85,6.43,3.23,3.2,8.58,10.6,6.46,4.15,
16083,2008-02-07,5.56,84.03,3.38,-1.83,-4.13,-4.11,2.44,-7.73,10.17,-2.6,9.82,14.16,6.11,8.05,13.17,18.47,8.95,9.51,
19031,2000-03-03,0.83,99.16,2.52,1.55,-5.49,-5.37,8.18,-4.7,12.89,1.24,2.25,3.29,0.54,2.74,3.28,6.11,0.71,5.4,
38057,2012-07-26,0.01,94.16,8.91,20.81,11.34,11.34,26.42,15.96,10.46,22.0,5.42,8.22,1.61,6.61,7.2,9.83,2.43,7.4,
53061,2009-10-28,2.24,94.16,4.0,1.02,-0.28,-0.27,4.07,-0.54,4.61,0.21,0.74,1.31,0.2,1.11,1.25,2.86,0.24,2.62,
13055,2014-03-15,0.17,98.46,7.2,12.31,8.78,8.78,18.01,5.95,12.06,11.79,1.33,1.96,0.65,1.31,2.95,5.09,1.21,3.88,
21127,2003-06-10,1.5,98.29,12.32,20.97,16.81,16.81,26.37,13.72,12.64,20.99,1.77,2.43,0.97,1.46,4.18,5.57,1.39,4.17,0.0
45073,2003-03-16,1.72,95.35,8.08,11.58,9.96,9.96,17.44,7.42,10.02,11.52,1.08,1.46,0.3,1.16,2.29,3.62,0.39,3.23,
46067,2011-03-15,0.01,96.58,3.96,6.84,-0.04,-0.01,15.34,0.95,14.39,5.93,4.41,6.58,0.28,6.3,6.42,10.48,0.37,10.11,0.0
21197,2003-11-07,0.1,98.89,4.85,7.63,3.02,3.04,13.34,1.7,11.64,7.67,2.08,2.65,1.53,1.12,4.01,5.08,3.34,1.74,
12115,2007-09-18,2.79,101.32,17.76,26.53,23.31,23.31,29.98,24.34,5.64,27.46,5.62,7.08,4.42,2.66,7.22,8.56,6.17,2.4,1.9945
21063,2005-02-05,0.0,99.55,3.83,2.15,-0.09,-0.08,9.62,-1.43,11.06,1.04,1.71,2.6,0.93,1.67,3.45,6.87,1.29,5.59,
47005,2005-11-06,5.89,99.96,8.4,17.27,10.46,10.47,22.66,9.75,12.91,17.12,3.61,6.94,1.8,5.14,6.27,11.6,4.11,7.49,
55037,2016-01-01,0.04,96.74,1.52,-10.79,-11.84,-11.79,-6.61,-14.64,8.03,-11.03,3.36,3.89,2.43,1.46,5.82,6.61,4.86,1.75,
31033,2001-09-18,3.88,86.8,8.99,14.43,10.19,10.19,18.99,11.55,7.44,15.13,1.8,4.07,0.61,3.45,2.93,8.17,0.93,7.24,1.0
17051,2001-05-20,5.23,98.49,12.87,20.57,17.65,17.64,24.46,16.06,8.4,20.68,4.2,6.81,2.2,4.61,6.16,9.82,4.13,5.7,
50015,2001-01-31,6.93,96.71,2.79,-4.33,-4.82,-4.81,-0.62,-8.48,7.86,-4.92,1.31,2.19,0.34,1.85,2.33,3.8,0.61,3.19,
35037,2004-05-10,0.89,86.14,6.41,24.82,4.88,4.9,33.91,15.15,18.76,26.84,5.53,9.26,2.69,6.58,7.51,12.27,2.94,9.33,
39063,2009-01-27,5.18,99.95,1.86,-7.15,-9.04,-8.97,-4.51,-10.07,5.56,-7.17,3.08,4.31,1.59,2.71,4.1,6.01,2.02,3.99,0.0
55021,2012-02-26,0.02,98.33,2.75,-1.72,-5.04,-5.0,7.02,-10.09,17.11,-2.21,8.42,14.22,3.23,10.99,11.56,17.28,5.14,12.14,
49009,2002-07-19,2.45,77.4,9.34,19.45,8.97,8.97,24.55,15.05,9.5,20.62,1.84,2.68,0.41,2.27,2.62,3.9,0.87,3.03,
55101,2002-05-08,5.06,99.08,6.27,7.71,6.82,6.82,9.99,6.8,3.19,5.44,8.12,11.12,6.2,4.92,11.89,14.61,10.06,4.55,
40067,2005-01-29,0.2,98.48,4.29,3.49,1.42,1.43,8.99,-0.77,9.76,4.23,2.19,2.8,1.71,1.09,3.41,5.76,2.2,3.56,
28023,2008-02-01,0.04,100.8,4.14,5.73,1.16,1.18,11.43,0.43,11.01,4.55,2.09,2.89,0.72,2.17,3.74,5.57,0.91,4.66,
36099,2002-09-22,18.45,98.09,13.02,20.42,17.71,17.71,25.64,14.85,10.79,20.4,1.47,3.14,0.72,2.43,3.1,5.89,1.74,4.15,
38089,2015-08-08,2.82,92.45,8.66,21.89,10.51,10.51,30.34,13.31,17.03,23.31,2.71,3.9,1.58,2.32,3.95,7.11,1.39,5.72,
51005,2016-07-14,4.64,93.91,15.56,22.81,19.92,19.92,27.98,18.55,9.43,22.79,1.67,2.57,0.98,1.6,3.97,5.03,2.74,2.28,
55129,2009-03-05,0.49,95.99,3.98,0.37,-0.06,-0.06,2.72,-3.49,6.22,0.1,4.35,7.5,1.93,5.57,6.43,10.37,3.75,6.62,
25017,2008-03-06,0.0,101.37,3.23,1.23,-2.12,-2.09,7.93,-3.49,11.42,1.31,2.0,3.47,0.94,2.52,3.85,6.26,1.11,5.15,
13201,2012-11-18,0.0,101.66,5.88,12.7,6.04,6.05,21.47,6.32,15.15,12.94,3.72,5.75,2.53,3.22,6.26,7.3,4.71,2.6,
40147,2002-11-29,0.0,98.55,4.04,6.34,0.56,0.58,14.07,1.36,12.71,5.68,4.66,5.98,2.64,3.34,7.44,9.41,5.44,3.97,
23029,2003-03-21,15.39,100.32,4.44,2.26,2.11,2.11,4.49,0.23,4.26,1.91,3.5,6.29,1.51,4.78,5.49,9.96,2.28,7.68,
56011,2010-12-27,0.0,87.58,2.29,0.02,-8.47,-8.25,5.16,-4.09,9.25,-0.69,5.9,7.5,3.56,3.94,9.12,11.67,6.67,5.0,
31085,2002-10-25,0.25,90.61,3.46,1.18,-2.75,-2.72,11.87,-5.53,17.4,1.42,2.84,5.13,1.59,3.54,3.99,6.41,1.88,4.53,
16043,2001-12-15,0.88,78.51,1.58,-13.45,-13.87,-13.87,-9.03,-21.13,12.1,-15.01,1.85,2.67,0.69,1.98,3.43,5.36,1.11,4.25,
8011,2004-03-01,0.03,85.5,2.4,3.64,-7.88,-7.69,10.9,-1.97,12.86,4.9,5.41,8.53,3.94,4.59,7.43,9.96,4.35,5.6,
20053,2002-06-15,29.14,95.63,10.1,18.04,13.32,13.32,25.63,12.84,12.79,17.96,4.16,7.93,2.11,5.83,5.83,10.15,2.75,7.4,
41029,2003-08-19,0.0,89.62,8.07,21.61,8.93,8.93,31.75,13.75,18.0,21.37,1.65,3.32,0.61,2.71,2.61,5.13,0.98,4.14,0.6446000000000001
51059,2012-08-10,14.37,99.87,16.17,25.33,21.53,21.53,30.29,22.52,7.77,25.74,2.69,3.9,1.66,2.24,4.59,6.13,2.63,3.5,
4003,2006-07-22,0.01,86.01,8.9,29.14,9.94,9.94,36.5,21.61,14.89,30.64,6.07,9.37,2.97,6.4,8.7,11.19,6.44,4.74,
24041,2011-12-13,0.0,102.81,3.76,3.04,0.17,0.19,8.57,-0.86,9.43,2.72,3.55,4.52,1.45,3.07,5.26,6.89,1.9,5.0,0.0
21167,2010-07-07,0.0,98.63,14.36,27.16,19.4,19.4,33.47,20.09,13.38,26.97,1.99,2.33,1.49,0.84,3.42,4.92,1.94,2.98,
26099,2007-06-03,12.78,97.85,13.77,19.89,18.64,18.64,22.33,17.36,4.97,19.5,2.91,4.13,1.82,2.31,4.43,6.74,3.17,3.57,
17089,2007-05-02,0.0,99.23,6.76,10.92,7.92,7.92,16.11,6.09,10.02,11.69,5.93,7.49,2.92,4.57,7.55,8.84,5.52,3.32,
21039,2010-02-28,0.0,100.22,3.48,1.86,-1.31,-1.29,7.91,-3.32,11.23,2.04,2.43,3.37,1.18,2.19,3.89,6.57,1.7,4.86,
48031,2002-08-15,2.27,97.31,18.38,27.16,23.2,23.2,31.59,23.68,7.91,27.81,5.38,6.52,3.48,3.04,7.25,8.17,5.77,2.4,
45035,2013-03-05,1.81,101.16,7.02,11.71,8.49,8.49,17.88,4.07,13.81,11.69,4.71,7.88,2.33,5.55,7.5,12.07,4.06,8.01,0.7947
26043,2016-06-08,0.0,97.38,5.38,10.13,4.36,4.36,16.07,2.84,13.22,9.44,1.89,2.8,0.59,2.22,3.34,4.86,0.94,3.92,
48311,2016-12-29,0.2,101.07,6.7,15.84,6.07,6.12,19.15,10.23,8.91,15.61,6.5,11.24,0.49,10.75,9.09,13.99,0.71,13.28,
17193,2009-06-16,7.71,99.59,16.71,23.2,22.01,22.01,26.41,20.38,6.03,22.97,3.83,6.59,1.38,5.21,5.81,8.5,2.24,6.26,0.0
22013,2006-09-18,11.27,100.23,16.63,23.97,21.89,21.89,26.6,17.6,8.99,23.98,2.01,2.48,1.32,1.16,4.2,5.1,3.18,1.91,
5053,2004-02-04,13.67,101.14,3.5,3.89,-1.09,-1.05,8.37,0.03,8.35,3.95,3.68,5.05,2.1,2.95,6.12,8.54,4.28,4.26,
48091,2014-07-18,0.95,98.12,17.19,26.15,22.23,22.23,29.75,22.57,7.19,27.16,2.76,4.27,1.19,3.09,3.78,4.77,1.44,3.33,
53023,2011-11-04,3.59,90.96,3.46,0.18,-2.72,-2.69,3.65,-4.08,7.73,-0.08,3.31,5.56,2.06,3.5,5.21,7.6,3.1,4.51,
18009,2014-02-04,11.26,98.8,1.94,-7.08,-8.73,-8.68,-4.14,-10.69,6.55,-7.21,5.12,7.76,2.98,4.79,6.6,9.89,3.99,5.9,0.0
31177,2012-02-22,0.4,95.61,3.52,4.15,-1.8,-1.76,11.33,-1.53,12.86,3.51,4.26,8.24,1.43,6.81,6.26,9.86,2.04,7.81,
55049,2016-05-23,0.0,97.76,9.76,18.89,13.19,13.19,25.35,11.24,14.11,18.62,5.87,8.3,4.25,4.05,9.11,10.69,5.51,5.18,
36055,2015-05-15,1.44,100.22,6.85,11.99,7.83,7.84,18.28,7.01,11.27,9.88,2.07,2.78,0.81,1.97,3.56,4.96,1.36,3.59,
38029,2013-03-30,0.08,94.79,3.87,5.25,-0.58,-0.54,13.96,-0.6,14.57,6.39,5.26,7.29,3.16,4.13,6.88,10.28,4.31,5.97,
38035,2015-01-14,0.66,98.05,1.72,-9.91,-10.73,-10.68,-5.66,-15.32,9.66,-10.46,4.67,7.04,2.01,5.04,6.89,9.32,3.33,5.99,
8051,2006-01-13,0.0,73.2,2.08,-6.71,-12.14,-11.96,2.93,-15.03,17.96,-11.63,1.36,2.51,0.72,1.78,1.99,4.18,0.99,3.19,
30077,2004-10-25,0.13,82.38,2.57,-1.78,-7.48,-7.4,4.86,-5.87,10.74,-3.11,1.67,2.12,0.67,1.45,2.89,4.49,1.26,3.24,
53073,2010-08-07,6.11,92.31,9.32,12.14,11.69,11.69,13.13,11.06,2.07,12.16,1.09,1.44,0.64,0.8,1.93,2.34,1.36,0.98,
49057,2001-02-13,1.69,80.9,2.94,-3.86,-6.25,-6.23,1.41,-9.03,10.44,-5.19,1.71,2.37,1.11,1.27,2.49,4.0,1.58,2.42,0.0
55137,2016-06-21,0.01,97.93,9.27,18.7,12.48,12.48,24.51,11.82,12.68,18.67,5.55,9.21,2.73,6.48,8.37,12.07,5.24,6.83,0.0
45037,2010-08-09,0.01,100.08,15.37,28.43,20.74,20.74,35.19,22.34,12.85,28.67,2.11,3.02,1.22,1.8,3.59,5.31,2.03,3.28,
13111,2015-03-12,0.22,96.42,7.82,12.81,9.7,9.7,16.92,9.42,7.5,12.79,2.62,3.91,1.51,2.4,5.18,7.33,3.38,3.95,
13175,2010-08-02,0.83,100.62,17.79,30.83,23.22,23.22,36.78,25.13,11.65,32.34,2.17,3.08,0.99,2.08,3.16,5.54,1.69,3.85,
40099,2008-07-10,3.05,98.26,15.11,28.84,20.15,20.15,34.61,22.54,12.07,29.66,3.98,5.38,2.69,2.69,5.83,8.45,4.37,4.08,
13137,2011-02-04,23.07,95.19,3.97,0.17,-0.1,-0.1,1.23,-0.63,1.86,0.21,1.74,2.42,1.03,1.38,3.27,4.35,2.25,2.09,
51115,2006-04-28,0.0,101.99,6.5,13.86,7.78,7.79,17.44,9.92,7.52,14.26,5.46,6.93,2.47,4.46,7.3,8.73,4.01,4.72,
55103,2004-12-08,0.27,97.91,3.71,0.02,-0.71,-0.71,2.6,-3.7,6.3,-0.7,4.7,6.82,1.77,5.05,6.98,10.06,2.71,7.35,
31041,2004-01-08,0.01,92.83,2.46,-3.2,-6.7,-6.64,0.39,-6.92,7.31,-4.17,4.66,10.51,0.55,9.96,6.58,12.63,0.81,11.83,
48011,2012-02-21,0.0,90.91,1.88,7.34,-10.12,-9.64,18.76,-3.0,21.76,7.12,6.87,10.78,4.29,6.49,10.58,13.17,7.76,5.42,2.9885
21151,2004-05-20,0.03,98.5,15.61,23.32,20.72,20.72,27.68,18.79,8.89,23.28,3.51,4.96,2.16,2.8,6.17,7.02,5.09,1.94,
29125,2001-10-06,0.0,99.26,3.77,9.46,-0.29,-0.23,17.5,1.62,15.88,8.3,1.67,2.39,0.49,1.9,3.21,4.94,0.67,4.27,
8053,2012-06-03,0.18,70.52,4.62,13.85,-2.59,-2.53,22.39,8.04,14.35,12.41,1.02,1.6,0.32,1.28,1.48,2.37,0.41,1.96,
20011,2009-06-12,3.56,97.85,14.21,22.11,19.1,19.1,25.84,16.7,9.15,22.23,2.55,4.79,0.36,4.42,3.72,6.54,0.51,6.03,
55078,2014-09-10,27.12,96.86,10.36,15.06,13.14,13.15,20.3,5.52,14.77,15.13,7.68,11.2,3.34,7.86,10.25,14.3,5.97,8.33,
51153,2016-01-20,0.26,101.5,1.84,-5.73,-9.2,-9.05,-1.35,-10.02,8.67,-5.15,2.45,4.21,0.98,3.24,4.02,7.15,1.21,5.94,
18135,2010-01-30,0.0,98.65,1.41,-8.86,-12.27,-12.07,-4.21,-10.9,6.69,-8.67,4.98,7.87,1.61,6.26,6.6,9.3,2.98,6.33,
28069,2000-07-10,0.94,100.31,17.62,28.75,23.0,23.0,33.97,24.31,9.67,28.74,1.5,2.08,1.13,0.95,3.15,4.72,2.06,2.66,
46089,2012-07-18,1.15,94.85,13.15,26.34,17.38,17.38,33.74,18.77,14.97,27.9,2.4,3.64,1.09,2.55,3.94,7.41,1.2,6.21,
37165,2007-03-15,0.54,100.91,10.99,17.43,15.53,15.53,22.93,12.32,10.61,17.27,4.09,5.29,2.96,2.33,6.79,7.52,5.83,1.69,
28035,2007-09-08,0.35,100.66,16.5,26.57,21.98,21.98,33.25,21.88,11.37,26.56,1.43,1.89,0.88,1.0,3.25,4.58,2.1,2.47,
8083,2011-09-20,0.01,81.14,5.58,18.67,2.22,2.25,26.59,12.24,14.35,17.51,2.43,4.43,0.67,3.76,3.52,5.71,0.92,4.79,0.7767000000000001
56005,2002-08-26,6.01,86.5,7.41,20.58,7.18,7.19,28.44,13.64,14.8,21.49,4.09,5.6,2.52,3.07,6.15,8.61,3.29,5.32,
54029,2008-05-13,0.0,98.02,5.9,12.07,5.73,5.74,20.97,2.36,18.61,11.9,1.23,2.46,0.06,2.41,2.81,6.1,0.08,6.03,0.0
40069,2006-06-12,0.06,98.42,11.67,29.56,16.08,16.08,37.24,20.87,16.37,31.2,2.71,5.14,1.71,3.43,4.28,7.58,1.99,5.59,
51036,2013-09-05,0.0,101.19,11.09,23.57,15.74,15.74,30.88,15.59,15.29,23.18,1.57,1.94,1.12,0.82,2.91,5.1,1.57,3.54,
13031,2001-11-19,0.0,101.6,7.79,17.01,10.09,10.1,25.18,11.67,13.51,17.14,1.65,2.33,0.15,2.17,2.9,4.67,0.27,4.41,
23005,2004-07-31,1.36,100.75,13.64,22.1,18.91,18.91,25.38,18.63,6.76,21.43,3.79,4.9,2.69,2.21,6.56,7.86,5.15,2.7,
55117,2014-03-14,0.03,97.62,3.87,2.21,-0.16,-0.14,6.92,-1.26,8.18,1.09,9.48,11.53,7.38,4.16,12.4,15.4,10.25,5.15,
38057,2011-01-03,0.09,94.13,0.85,-17.66,-18.07,-18.02,-14.03,-20.5,6.48,-18.3,4.39,6.13,0.78,5.35,6.46,8.57,1.11,7.45,
17039,2007-10-17,15.87,98.39,9.49,17.34,12.33,12.33,23.51,9.21,14.31,17.04,6.16,8.93,1.98,6.95,8.51,12.62,3.03,9.59,
18027,2006-02-19,0.02,101.28,1.03,-9.05,-15.42,-14.8,-4.87,-14.62,9.75,-7.18,2.07,3.84,0.52,3.32,2.63,4.85,0.48,4.36,
26087,2011-12-07,0.26,98.63,2.43,-2.61,-5.98,-5.92,1.53,-5.11,6.63,-2.69,4.97,6.76,2.77,4.0,7.39,9.68,4.64,5.04,
38051,2015-09-22,0.01,95.39,4.06,14.08,0.05,0.13,21.12,8.49,12.63,14.69,5.48,6.57,3.57,3.0,7.72,8.92,5.56,3.36,0.0615
40045,2010-06-06,2.39,93.68,13.96,26.55,18.15,18.15,32.54,21.59,10.94,27.72,5.77,8.01,4.38,3.64,7.58,9.95,4.92,5.03,
47109,2004-01-02,1.96,100.15,9.83,14.56,13.49,13.49,19.3,9.45,9.85,14.45,4.3,5.35,2.94,2.42,7.25,9.31,5.48,3.83,
1033,2009-04-16,0.0,99.87,6.97,11.9,8.43,8.43,19.18,5.78,13.39,12.39,2.44,3.1,1.71,1.39,4.33,6.23,2.81,3.41,
46007,2003-01-18,0.14,91.15,2.15,-4.17,-8.46,-8.36,1.57,-8.93,10.5,-4.46,5.02,9.97,2.52,7.45,7.44,13.2,4.96,8.24,
46109,2005-04-06,0.04,97.76,4.87,9.87,3.02,3.04,18.51,3.08,15.44,10.67,6.58,8.76,2.4,6.36,8.51,10.32,3.79,6.53,
17161,2007-06-22,25.37,99.11,14.16,21.77,19.21,19.21,25.4,18.53,6.87,21.82,3.62,5.7,1.21,4.5,5.13,8.32,2.21,6.1,
6075,2005-05-10,0.03,101.86,7.34,13.6,9.63,9.63,14.37,12.7,1.67,14.2,7.71,9.03,6.67,2.36,8.84,10.31,7.41,2.9,0.0
38049,2013-06-21,2.34,95.58,11.25,19.24,15.08,15.08,24.3,13.48,10.82,19.55,3.88,8.09,2.14,5.96,6.01,10.09,2.96,7.13,
37125,2015-05-21,7.64,99.88,14.09,22.43,19.22,19.22,28.05,16.62,11.42,22.55,2.84,4.21,1.88,2.33,4.77,6.16,2.78,3.38,
47137,2007-05-13,0.0,98.41,8.24,16.95,10.65,10.65,22.67,10.52,12.15,17.18,3.05,3.71,2.33,1.38,5.56,6.71,4.82,1.89,
20179,2008-06-18,4.9,92.32,12.76,24.5,16.42,16.42,32.9,17.29,15.61,25.42,5.48,7.93,3.24,4.69,7.3,9.92,5.52,4.39,
47075,2005-05-31,0.04,99.99,12.4,21.58,17.32,17.32,26.91,16.07,10.83,21.52,4.13,6.55,2.56,3.99,6.7,8.21,5.0,3.21,2.0
38001,2002-07-20,1.66,91.75,11.68,28.08,14.79,14.8,34.96,21.92,13.04,29.06,5.08,7.13,2.11,5.03,7.28,9.68,4.33,5.36,
13109,2002-09-22,0.97,100.78,15.26,25.56,20.74,20.75,30.85,21.23,9.62,25.83,2.13,2.76,1.75,1.01,3.88,5.5,2.33,3.17,
40133,2004-11-18,2.9,98.32,8.95,14.38,12.04,12.04,19.21,10.46,8.75,14.28,1.3,2.69,0.44,2.24,2.11,5.72,0.44,5.28,
37093,2010-10-24,0.01,100.99,9.25,15.81,12.68,12.68,24.09,8.66,15.42,15.68,2.34,3.45,0.71,2.75,4.5,7.29,0.9,6.39,
21201,2014-09-18,0.0,98.84,6.62,16.19,7.61,7.61,24.45,9.59,14.87,16.34,1.83,2.16,1.25,0.91,4.04,6.16,2.05,4.12,
18099,2015-01-10,0.02,100.08,1.07,-13.59,-15.57,-15.44,-7.94,-21.36,13.43,-13.69,5.87,7.86,4.73,3.13,8.06,9.37,6.55,2.81,
38037,2001-06-08,1.64,93.57,8.33,20.8,10.16,10.16,28.2,12.45,15.75,22.01,3.05,5.35,0.24,5.11,4.71,9.18,0.23,8.95,
23019,2015-04-12,0.0,100.48,4.73,5.53,2.71,2.71,14.36,-3.2,17.56,5.53,2.43,3.59,1.7,1.89,5.4,6.6,3.44,3.16,
17037,2016-01-28,0.0,97.99,3.19,-0.65,-2.7,-2.68,4.19,-4.2,8.38,-0.9,6.81,8.85,4.6,4.25,9.26,10.88,7.48,3.4,
45011,2013-05-01,0.02,101.22,10.62,18.2,15.11,15.11,22.63,14.09,8.55,18.47,4.42,5.76,2.46,3.3,6.79,7.85,5.8,2.05,
23003,2008-04-30,10.25,97.59,3.6,2.13,-1.12,-1.1,6.1,-0.99,7.09,2.28,2.75,3.42,1.55,1.87,5.06,5.9,3.93,1.97,
12051,2014-03-29,12.92,101.47,16.01,23.18,21.62,21.62,26.14,21.01,5.13,22.88,4.33,5.83,3.11,2.72,6.84,7.82,5.7,2.12,
5095,2015-08-07,3.41,100.27,18.1,29.38,23.41,23.41,35.57,24.87,10.7,29.97,2.43,3.6,1.04,2.56,3.72,6.38,1.13,5.25,
32007,2007-11-13,2.62,81.17,3.66,1.89,-3.94,-3.87,7.97,-5.1,13.07,1.43,5.36,8.03,2.22,5.8,7.92,10.68,3.77,6.91,3.0
48109,2001-05-09,0.08,87.2,7.45,21.63,7.47,7.48,30.06,12.57,17.5,23.76,3.36,5.79,1.58,4.21,4.71,7.73,2.29,5.44,
48103,2010-03-22,0.0,92.09,2.66,13.04,-6.0,-5.72,24.59,2.4,22.19,12.94,4.52,7.29,2.37,4.92,6.76,11.58,3.49,8.09,
38021,2002-08-18,0.0,96.4,4.88,15.65,2.79,2.83,23.49,8.27,15.23,16.61,2.41,4.45,1.07,3.38,3.62,6.07,1.2,4.87,
17193,2016-04-07,0.48,99.36,5.04,7.81,3.74,3.75,12.34,3.04,9.3,8.06,6.74,9.9,2.91,6.99,9.67,12.17,6.22,5.94,
20093,2006-10-01,0.0,90.43,5.51,22.31,3.61,3.64,33.46,13.22,20.25,22.36,4.83,6.65,3.16,3.49,7.38,10.44,5.88,4.56,
50003,2012-11-27,0.2,98.1,3.05,-1.51,-3.2,-3.19,1.46,-3.6,5.06,-2.2,1.17,1.76,0.62,1.14,2.32,3.48,0.85,2.63,0.0
21137,2011-04-24,13.92,98.02,13.36,19.53,18.15,18.16,23.55,15.58,7.97,19.28,3.31,4.95,1.4,3.55,6.09,7.72,2.75,4.97,
17175,2003-03-22,0.02,98.8,4.43,6.72,1.8,1.81,13.32,-0.38,13.7,6.43,4.36,6.72,0.73,5.99,5.91,9.43,1.18,8.26,
18125,2013-06-27,2.65,99.18,18.95,26.97,24.01,24.01,31.14,23.55,7.59,26.83,3.97,6.93,2.16,4.77,6.53,9.28,3.97,5.31,
41009,2014-04-03,6.42,98.66,5.93,7.0,6.02,6.02,9.27,5.07,4.2,7.03,2.72,4.07,1.69,2.37,4.9,6.77,3.51,3.27,
12043,2005-06-26,14.66,101.31,18.69,26.76,24.11,24.11,31.1,22.6,8.51,26.97,1.74,2.63,0.31,2.32,3.0,5.59,0.46,5.13,
30011,2011-07-20,0.0,90.02,8.8,21.72,9.92,9.92,26.59,16.99,9.6,22.43,7.12,12.25,2.06,10.19,9.3,15.26,3.35,11.91,
31093,2007-05-18,0.0,94.47,8.53,18.9,10.75,10.75,25.58,12.32,13.26,19.37,8.86,10.6,6.78,3.81,11.82,12.91,9.96,2.95,
39021,2010-06-28,4.59,97.09,15.79,24.19,20.6,20.6,28.2,19.12,9.08,24.15,4.82,6.55,2.24,4.32,7.19,9.08,4.76,4.33,
10005,2005-09-03,0.0,101.56,10.72,23.85,15.15,15.15,27.4,20.46,6.94,24.28,4.33,5.91,2.81,3.1,5.86,8.26,4.68,3.59,
19029,2015-11-12,0.02,97.09,3.59,5.08,-1.22,-1.18,10.93,0.7,10.23,4.77,9.81,13.76,5.1,8.66,13.44,17.78,8.99,8.79,
26147,2004-01-13,0.34,99.53,1.87,-6.09,-9.8,-9.59,-0.83,-12.31,11.48,-5.51,7.86,10.55,2.57,7.98,9.81,12.63,3.28,9.36,0.0
13019,2008-12-19,0.0,101.26,10.95,16.49,15.55,15.55,22.07,11.42,10.65,16.25,3.35,5.58,2.28,3.3,5.89,7.45,3.03,4.42,
39075,2007-03-07,3.67,98.58,1.92,-6.25,-8.88,-8.8,-1.62,-10.43,8.81,-5.9,2.96,5.13,1.08,4.05,3.91,6.36,2.02,4.35,
48007,2009-03-25,0.31,100.81,14.61,22.05,20.07,20.07,24.41,20.31,4.1,22.09,5.11,7.1,3.02,4.07,7.39,9.28,5.4,3.88,
16051,2011-05-01,0.17,84.35,3.31,3.1,-4.18,-4.12,8.12,-1.8,9.92,4.37,1.71,2.56,0.79,1.77,2.5,4.52,0.89,3.63,
55007,2011-03-08,0.01,99.36,2.45,-3.29,-5.91,-5.86,0.28,-6.51,6.79,-2.55,3.38,4.68,2.33,2.35,4.49,6.83,2.5,4.33,0.0
47105,2004-04-12,11.96,95.89,8.89,12.61,11.41,11.41,17.87,9.06,8.81,12.56,2.13,3.51,0.76,2.75,3.82,6.29,1.19,5.1,
37029,2001-01-28,0.0,102.61,3.0,2.02,-2.93,-2.86,8.21,-2.54,10.75,3.01,3.07,4.01,1.88,2.12,4.63,6.88,2.3,4.58,
36017,2008-01-30,5.55,95.24,2.68,-3.03,-6.27,-6.15,2.65,-9.45,12.1,-3.14,6.22,8.2,3.85,4.36,10.21,12.62,7.11,5.51,
22127,2009-07-01,0.0,100.25,12.21,32.41,16.95,16.95,40.96,23.79,17.17,32.32,1.31,1.53,0.91,0.62,2.44,3.74,1.69,2.05,
23017,2011-09-05,18.28,97.22,14.98,21.11,19.82,19.82,25.23,16.01,9.22,21.23,1.69,2.42,0.74,1.68,3.5,4.79,1.61,3.18,
46031,2000-06-30,0.0,93.5,8.27,24.55,9.93,9.93,34.12,12.94,21.17,25.51,4.84,7.29,3.56,3.73,7.04,11.37,3.9,7.47,
41055,2016-04-27,0.06,93.33,4.81,8.89,2.24,2.25,15.07,3.54,11.52,10.43,3.07,4.65,1.86,2.79,4.28,5.44,2.98,2.46,
46045,2003-06-13,0.08,95.35,8.7,20.86,11.14,11.14,26.95,14.05,12.89,21.31,2.82,3.92,0.77,3.15,4.13,7.25,1.11,6.14,
29151,2006-03-19,0.11,99.17,3.05,3.64,-3.23,-3.13,7.39,1.29,6.1,3.67,2.73,3.83,1.38,2.45,4.99,6.12,3.46,2.66,
41001,2006-09-26,0.02,86.62,3.79,14.67,-2.16,-2.06,24.2,7.34,16.86,12.34,1.08,2.09,0.03,2.06,1.66,2.98,0.19,2.8,0.0
42095,2004-09-13,0.0,99.57,11.72,20.57,16.35,16.35,27.51,13.92,13.59,20.53,1.42,1.72,1.08,0.64,3.53,5.1,1.68,3.42,
39147,2009-06-02,5.21,99.05,8.87,15.36,11.86,11.86,20.16,11.52,8.63,16.43,3.69,6.77,2.17,4.61,4.64,8.13,2.94,5.19,0.0
51670,2014-01-24,0.01,102.52,1.1,-8.62,-14.5,-13.97,-3.67,-12.76,9.09,-8.4,2.77,3.97,1.64,2.33,4.81,6.66,2.44,4.22,
48009,2015-07-23,0.0,97.29,16.6,30.22,21.52,21.52,35.94,24.8,11.15,30.63,4.19,6.05,2.71,3.34,6.5,9.21,4.14,5.07,
39161,2011-08-16,0.0,98.67,10.07,21.26,13.88,13.89,27.68,13.49,14.19,21.28,1.34,2.55,0.32,2.23,2.04,5.08,0.33,4.74,1.0
54091,2002-09-10,0.01,95.56,6.04,23.8,5.53,5.56,33.71,16.04,17.67,22.91,1.69,2.03,0.35,1.68,3.51,5.24,0.83,4.41,1.0
48359,2000-07-09,0.24,87.98,10.62,29.02,12.94,12.94,36.2,22.75,13.45,30.36,6.94,9.02,5.04,3.98,9.31,11.11,7.44,3.67,
18155,2000-08-05,1.41,98.92,10.02,22.11,13.37,13.37,29.79,13.55,16.24,22.55,2.19,3.5,1.55,1.94,4.11,6.3,2.14,4.16,
5069,2008-04-22,9.82,100.65,14.19,22.1,19.52,19.52,27.74,16.73,11.01,22.04,2.01,2.56,0.87,1.69,3.71,6.04,1.07,4.96,0.0
39067,2005-08-27,7.3,97.22,14.33,20.85,19.1,19.1,24.99,17.15,7.84,20.88,1.79,2.5,0.96,1.55,3.89,4.71,2.29,2.42,
47093,2013-04-04,20.62,94.97,4.79,3.85,2.43,2.43,6.17,1.72,4.45,3.94,2.28,3.49,0.63,2.86,3.87,5.92,1.22,4.7,
21143,2012-01-20,1.66,99.8,3.87,0.95,-0.35,-0.33,4.63,-3.72,8.34,1.0,3.97,5.56,1.23,4.33,5.32,7.1,2.26,4.84,
42019,2001-10-09,0.03,98.6,3.04,8.24,-3.54,-3.4,19.3,-0.77,20.07,8.24,1.98,2.57,1.41,1.17,4.69,5.96,2.18,3.78,1.5942
5121,2013-07-03,0.02,99.96,10.44,22.06,14.62,14.63,28.67,15.03,13.64,21.88,1.3,1.84,0.88,0.96,2.42,5.18,1.27,3.91,
34039,2006-02-17,1.9,100.35,4.8,5.15,2.31,2.34,12.45,-2.18,14.63,4.81,6.64,10.75,4.12,6.63,10.5,16.19,6.96,9.23,
5039,2004-06-12,1.72,100.5,18.03,27.33,23.42,23.42,32.21,23.83,8.38,27.34,1.79,2.22,1.17,1.04,4.17,5.66,2.83,2.82,
1069,2006-12-27,0.0,101.44,3.97,5.68,0.76,0.79,11.9,-0.65,12.55,4.64,1.43,2.4,0.37,2.03,2.3,5.05,0.44,4.61,
27143,2000-06-30,0.43,97.65,8.5,21.9,11.15,11.15,29.07,13.07,16.0,22.37,3.85,5.24,2.64,2.6,6.28,10.11,3.13,6.97,
37003,2009-03-17,0.05,97.99,6.82,10.57,7.9,7.9,18.15,4.68,13.47,10.39,2.76,4.31,1.66,2.65,4.31,5.7,2.5,3.19,1.7304
31031,2000-07-13,0.77,90.88,9.56,28.77,11.54,11.54,36.73,19.78,16.95,29.94,4.18,5.45,0.85,4.61,6.44,9.78,0.88,8.9,
12091,2002-11-21,1.9,100.87,9.39,15.13,13.04,13.04,19.68,10.16,9.52,15.51,2.41,3.48,1.07,2.41,4.03,6.44,1.49,4.95,
26031,2002-09-08,0.07,98.94,11.85,23.05,16.37,16.37,30.19,17.11,13.09,22.48,2.23,2.73,1.39,1.34,3.88,5.63,2.66,2.97,
48203,2005-08-09,5.21,100.55,16.3,26.46,21.78,21.78,30.39,23.62,6.77,26.73,1.29,1.54,0.95,0.58,2.63,3.99,1.72,2.27,2.9774
49015,2009-12-01,0.0,80.08,2.28,-0.41,-9.23,-9.08,8.18,-4.27,12.45,-1.07,4.18,5.71,2.89,2.82,6.73,8.2,5.38,2.81,1.0
20195,2002-10-16,0.14,93.46,4.06,8.96,-0.04,-0.01,16.0,4.41,11.6,9.25,4.93,6.84,2.65,4.18,7.35,9.47,3.42,6.05,
23017,2009-09-30,1.29,96.91,6.35,8.92,6.6,6.6,12.53,4.34,8.19,9.16,1.88,2.36,1.5,0.86,3.65,4.43,2.55,1.88,
19027,2007-11-21,0.63,97.89,2.39,-2.28,-6.3,-6.22,-0.53,-4.27,3.74,-2.21,8.16,9.33,6.38,2.94,10.39,11.56,8.53,3.04,
48305,2008-03-02,0.05,90.02,6.04,15.79,3.84,3.89,24.76,3.17,21.59,16.26,9.21,14.63,2.41,12.22,11.95,17.7,4.77,12.93,
48257,2002-05-26,0.76,99.78,14.54,24.4,19.81,19.81,29.41,18.9,10.51,24.74,2.51,4.42,1.57,2.84,4.21,8.83,1.87,6.96,
13205,2011-05-30,0.0,101.13,11.15,29.36,15.72,15.72,36.85,21.82,15.03,31.14,3.49,4.51,2.44,2.08,5.26,7.13,3.2,3.93,
22011,2002-12-19,10.18,100.5,9.41,15.2,12.63,12.63,18.25,9.18,9.07,15.07,3.12,3.71,2.33,1.39,6.06,7.09,4.08,3.0,
55051,2016-03-06,0.01,95.96,3.56,-0.9,-1.7,-1.69,2.14,-5.54,7.68,-1.31,6.59,8.35,4.31,4.03,10.0,11.65,7.54,4.11,
37053,2014-01-12,2.38,101.46,5.99,9.85,6.45,6.46,12.77,7.73,5.04,9.36,5.84,8.76,3.45,5.31,7.79,12.06,4.64,7.42,
19147,2010-11-01,0.0,98.14,4.02,5.26,0.47,0.49,11.7,1.11,10.59,5.3,3.25,4.46,2.0,2.47,5.47,6.88,2.86,4.02,
41009,2015-07-27,0.17,99.55,8.34,15.42,11.16,11.17,20.46,10.51,9.95,15.74,2.14,2.91,1.67,1.24,3.93,4.82,2.95,1.87,
45091,2005-06-01,44.55,99.45,12.06,18.05,16.78,16.78,20.6,16.52,4.09,18.12,4.01,5.54,1.81,3.73,6.74,8.96,4.08,4.89,
50021,2002-01-14,0.26,97.59,1.73,-8.34,-10.35,-10.26,-4.07,-13.41,9.34,-8.89,2.0,4.16,0.22,3.94,3.89,7.76,0.45,7.31,
46021,2004-08-15,0.07,94.88,9.28,21.74,11.91,11.91,29.92,13.12,16.8,23.11,3.03,5.04,0.41,4.62,4.72,8.89,0.35,8.55,
36049,2002-04-13,22.52,97.1,8.47,11.67,10.96,10.96,14.79,7.71,7.08,11.58,1.98,3.51,0.72,2.8,3.68,6.78,1.03,5.75,
35033,2016-04-22,0.32,81.32,5.74,14.93,2.71,2.73,23.58,6.39,17.19,15.52,3.94,6.58,0.22,6.36,5.39,8.44,0.41,8.03,
27111,2003-08-05,3.33,96.79,11.51,20.76,15.65,15.65,24.77,17.34,7.43,21.56,2.66,4.08,1.24,2.84,3.83,6.93,2.16,4.77,0.0
47161,2008-06-04,0.18,98.9,16.67,25.86,21.89,21.88,29.43,23.39,6.04,25.76,5.34,6.83,3.75,3.08,8.88,10.01,7.6,2.41,
34025,2002-11-03,0.04,101.57,3.61,5.29,-0.62,-0.58,9.09,1.1,7.99,6.51,3.01,4.88,0.38,4.5,4.29,7.76,0.47,7.29,
48323,2011-01-20,0.0,98.69,5.2,10.07,2.79,2.85,14.7,2.47,12.23,10.19,5.66,11.4,0.74,10.66,7.74,13.36,1.25,12.12,
29015,2016-05-28,0.2,97.97,12.83,21.06,17.54,17.54,25.84,16.62,9.22,21.05,3.32,6.07,1.68,4.39,5.84,9.09,4.05,5.03,
29047,2000-03-24,0.56,97.94,7.66,14.78,9.58,9.58,22.75,8.57,14.18,14.88,5.77,8.74,3.4,5.34,8.74,11.05,7.24,3.82,
13023,2014-11-14,0.0,101.01,2.59,5.65,-4.95,-4.79,13.31,0.85,12.46,6.21,3.61,4.87,2.37,2.5,5.56,7.12,4.32,2.8,
26157,2012-09-02,0.1,98.92,11.45,21.8,15.9,15.9,28.02,16.61,11.41,22.46,4.1,4.97,3.14,1.83,6.19,7.43,4.51,2.92,
21145,2002-10-17,0.1,100.16,4.5,8.8,2.24,2.26,14.92,3.54,11.38,8.86,2.8,3.98,2.0,1.97,4.65,6.05,3.05,3.01,
27139,2006-03-21,0.0,99.11,2.01,-1.55,-8.17,-7.99,3.19,-5.06,8.26,-0.49,5.87,8.86,2.73,6.13,7.78,11.0,5.31,5.69,0.0
21221,2015-12-20,0.0,100.73,4.21,4.55,1.32,1.33,10.49,-0.95,11.44,4.2,3.91,6.21,2.98,3.23,6.93,10.21,4.14,6.07,
31137,2003-01-06,0.0,94.95,3.01,-1.22,-3.81,-3.79,4.39,-4.67,9.06,-1.1,3.24,4.9,0.71,4.19,5.09,9.06,0.86,8.2,
51077,2001-02-23,0.12,93.13,3.22,0.55,-3.22,-3.19,8.3,-3.87,12.17,0.01,2.96,3.62,1.82,1.79,5.16,6.12,2.85,3.27,
8059,2014-10-23,0.0,77.64,4.43,9.74,-1.45,-1.42,19.09,2.53,16.55,9.56,3.06,4.3,1.02,3.28,5.37,7.51,2.2,5.31,
22069,2007-06-12,1.82,100.59,16.34,29.55,21.78,21.77,35.33,23.26,12.06,29.2,0.65,1.28,0.09,1.19,1.13,3.37,0.1,3.27,1.0
38063,2008-08-13,0.16,96.01,9.1,22.18,11.85,11.85,28.9,15.58,13.32,21.15,1.48,3.08,0.36,2.73,2.08,3.97,0.5,3.47,
48357,2007-01-29,0.0,92.01,2.99,-0.47,-4.47,-4.42,7.28,-4.22,11.5,-0.36,3.3,6.21,0.17,6.04,5.22,7.96,0.24,7.72,
36065,2004-07-30,3.69,97.09,13.93,21.48,18.56,18.56,26.07,16.17,9.9,21.49,1.8,2.17,1.37,0.8,4.12,5.12,2.4,2.72,
51515,2014-10-22,0.24,96.61,5.64,9.9,5.02,5.02,14.78,6.84,7.94,9.94,3.26,3.92,2.53,1.4,6.33,7.03,5.21,1.82,
40077,2010-11-08,0.0,98.71,6.15,12.41,6.24,6.24,21.92,4.83,17.09,12.35,3.65,5.1,3.04,2.06,6.6,7.6,4.69,2.92,
21175,2004-04-17,0.0,98.54,10.66,17.79,14.62,14.62,24.06,10.79,13.28,17.78,2.59,3.72,1.85,1.87,5.79,6.8,3.4,3.41,
48223,2010-11-22,0.11,99.49,12.64,20.26,17.54,17.54,25.37,16.95,8.42,19.95,6.55,8.83,4.32,4.5,9.73,11.35,8.09,3.26,
21155,2001-12-24,0.03,98.73,2.29,-2.93,-6.72,-6.63,1.2,-5.46,6.67,-2.94,3.89,5.42,2.69,2.73,6.58,7.38,5.6,1.78,
27031,2013-10-03,0.68,97.89,7.42,11.54,9.13,9.13,13.56,10.02,3.54,11.21,4.02,5.47,1.18,4.29,5.57,7.21,1.92,5.29,
39003,2008-03-22,0.35,98.81,2.82,-0.94,-4.22,-4.17,2.21,-3.58,5.79,-0.87,5.74,8.3,2.04,6.26,7.26,9.89,3.18,6.71,
48505,2011-12-20,0.0,99.86,4.69,11.59,2.63,2.66,16.08,8.09,8.0,11.55,5.1,8.9,2.44,6.45,7.2,10.79,4.29,6.5,4.0
19031,2007-12-31,1.95,98.45,1.99,-7.67,-8.45,-8.43,-5.91,-9.85,3.94,-8.23,3.49,8.38,0.74,7.64,4.6,11.06,1.22,9.83,
46121,2009-08-31,0.0,92.92,7.63,18.88,8.82,8.82,25.73,12.96,12.77,19.67,7.54,8.85,6.1,2.75,9.96,10.71,8.87,1.84,
41061,2009-12-27,0.08,86.65,1.72,-9.73,-11.57,-11.52,-5.2,-12.69,7.5,-9.9,3.48,3.94,3.13,0.81,5.0,5.6,4.63,0.97,
23029,2004-02-22,6.78,100.08,2.82,-2.75,-3.99,-3.97,-1.0,-4.6,3.6,-1.81,5.17,6.6,3.74,2.85,7.09,8.72,5.39,3.33,
24009,2013-03-21,0.0,100.45,2.64,0.39,-4.97,-4.86,2.82,-2.67,5.49,1.23,5.73,7.64,4.58,3.06,7.94,9.89,6.59,3.3,
8071,2004-11-15,0.46,81.66,4.59,3.78,-0.52,-0.5,10.49,-1.97,12.47,2.88,3.11,4.86,1.86,2.99,4.75,7.51,2.87,4.64,
45045,2003-07-27,2.64,98.59,16.17,25.27,21.29,21.29,30.53,20.25,10.28,25.28,0.87,1.71,0.42,1.29,1.72,4.57,0.34,4.23,
53007,2000-02-09,0.83,88.26,2.92,-4.62,-5.38,-5.37,-1.12,-9.39,8.27,-7.22,1.56,2.53,0.87,1.66,2.42,4.72,1.62,3.1,
21129,2006-10-30,0.02,98.07,7.87,12.98,9.99,9.99,20.52,6.75,13.76,12.82,2.65,3.23,2.28,0.95,5.61,7.13,3.46,3.67,
1037,2015-02-15,0.0,100.58,2.73,2.59,-4.86,-4.69,8.01,-3.3,11.31,2.94,2.8,4.19,1.45,2.74,4.85,7.21,2.85,4.36,
37153,2011-12-24,0.0,101.23,4.48,6.4,2.39,2.41,11.78,2.8,8.98,6.24,2.16,3.74,1.2,2.54,4.22,5.56,2.08,3.48,
48137,2005-03-22,0.01,95.02,4.76,14.77,2.23,2.27,23.26,6.74,16.52,15.17,5.45,7.89,3.33,4.56,8.12,9.72,5.67,4.06,0.0
18165,2012-08-01,0.0,98.84,9.05,27.53,12.03,12.03,35.95,19.36,16.58,29.36,3.15,3.73,2.4,1.33,4.7,6.37,3.07,3.3,
51019,2007-03-01,16.77,96.1,6.57,7.2,6.58,6.58,12.69,0.58,12.11,7.18,3.0,6.23,1.21,5.02,6.06,11.52,2.45,9.07,
16055,2001-04-14,0.25,91.54,3.17,2.0,-3.62,-3.57,7.52,-3.71,11.23,1.57,1.72,2.54,0.55,1.99,2.79,3.71,1.23,2.49,
55019,2007-01-19,0.0,98.1,1.06,-13.07,-15.46,-15.24,-8.42,-17.7,9.28,-13.86,6.1,8.05,3.56,4.49,8.35,9.85,4.88,4.96,
5071,2015-07-22,7.71,97.13,17.61,24.54,22.47,22.47,28.18,21.6,6.58,24.61,1.3,1.89,0.94,0.96,3.06,4.0,2.0,1.99,
5107,2016-01-27,0.01,101.89,3.36,2.16,-1.48,-1.45,7.87,-2.56,10.43,1.9,3.64,5.75,1.34,4.41,5.31,6.92,2.07,4.85,
41047,2003-11-14,1.46,96.38,6.39,9.1,6.71,6.71,14.31,6.87,7.45,8.44,1.19,1.65,0.3,1.36,2.39,3.76,0.41,3.35,
35033,2013-01-17,0.14,81.87,2.68,0.14,-7.05,-6.97,7.44,-4.31,11.75,-0.71,3.13,4.18,1.48,2.7,5.21,7.7,1.51,6.19,
49057,2011-09-14,0.73,81.66,6.74,16.16,5.0,5.01,24.85,9.15,15.71,15.71,1.8,2.44,0.15,2.28,2.8,4.62,0.2,4.42,
29093,2014-05-07,0.12,97.71,12.23,22.0,16.76,16.76,26.36,17.62,8.75,22.0,3.34,4.09,2.54,1.56,6.77,7.93,4.91,3.02,
13087,2006-05-12,0.0,100.64,8.25,18.31,11.16,11.16,24.77,11.79,12.97,18.54,2.85,4.32,2.19,2.13,5.42,6.3,3.3,2.99,
21183,2010-08-01,0.1,99.18,16.61,26.85,21.86,21.86,32.15,21.87,10.28,27.21,2.01,2.41,1.42,0.99,3.34,4.42,2.39,2.03,
26147,2006-02-03,4.4,97.9,4.04,1.45,0.51,0.51,4.76,-0.13,4.9,0.84,3.54,5.24,2.04,3.2,4.99,6.6,3.16,3.45,
39115,2002-01-23,1.91,98.19,5.72,5.41,5.1,5.1,9.35,1.3,8.06,5.33,2.94,3.8,2.23,1.58,6.21,7.12,4.8,2.32,
37023,2004-07-11,5.76,95.63,14.55,25.04,19.11,19.11,30.75,20.07,10.68,25.0,0.99,1.38,0.23,1.15,2.12,3.53,0.11,3.42,
5141,2010-08-06,8.39,97.83,17.18,27.02,22.17,22.17,32.33,22.82,9.51,27.18,1.41,1.96,0.88,1.09,2.81,3.45,2.05,1.4,
22097,2006-12-31,10.34,101.63,7.49,12.55,9.77,9.77,18.1,7.35,10.75,12.3,2.76,3.97,1.23,2.74,5.13,7.01,1.62,5.39,
38061,2009-08-10,0.0,94.13,8.07,21.3,9.85,9.85,28.79,12.68,16.11,22.0,2.4,4.18,0.8,3.38,3.83,9.03,1.18,7.84,
53069,2006-04-08,13.37,98.84,6.32,7.53,6.99,6.99,8.96,5.68,3.29,7.53,2.03,3.1,1.48,1.63,4.28,5.64,3.59,2.05,
22081,2005-02-18,0.02,101.79,4.88,8.45,3.64,3.66,13.89,4.17,9.72,8.3,1.3,1.74,0.95,0.79,2.75,4.5,1.35,3.14,
48327,2002-11-10,0.0,93.75,7.86,18.09,9.34,9.34,27.0,11.5,15.5,17.44,5.47,9.41,2.99,6.42,9.12,12.12,6.32,5.8,
54061,2014-03-07,0.0,96.99,3.39,2.71,-2.21,-2.18,11.02,-4.92,15.93,0.71,1.6,2.77,0.25,2.52,2.75,5.22,0.42,4.8,
31031,2001-06-06,0.25,90.61,7.67,17.79,8.45,8.45,25.72,9.93,15.79,18.61,5.26,7.79,2.27,5.52,7.5,9.96,4.33,5.64,
19189,2009-07-21,6.66,97.23,11.04,18.89,15.06,15.06,23.5,13.66,9.84,18.84,1.72,3.44,0.1,3.34,2.66,6.17,0.17,6.01,0.0
42095,2013-02-01,0.09,98.75,1.81,-4.36,-9.55,-9.34,-2.79,-6.94,4.15,-4.34,4.42,6.19,2.59,3.6,7.42,9.92,4.4,5.52,
20023,2008-12-07,0.0,89.0,4.19,5.51,-0.37,-0.35,14.34,0.41,13.93,3.53,3.42,4.81,1.59,3.22,5.83,9.55,2.77,6.78,
48447,2000-02-04,0.05,98.18,2.4,4.44,-6.41,-6.15,11.18,-1.15,12.33,4.77,5.07,8.44,2.52,5.92,7.67,10.43,4.43,6.0,
19097,2015-04-22,0.0,98.12,2.58,3.98,-5.38,-5.21,10.42,-1.8,12.21,4.64,7.27,10.1,3.97,6.13,10.32,12.21,8.2,4.01,
51187,2008-02-07,0.04,97.6,3.71,3.7,-0.88,-0.85,8.22,-2.82,11.04,3.5,3.21,4.57,1.45,3.13,6.2,8.38,2.79,5.6,
47085,2015-07-02,14.11,99.0,17.78,24.13,22.94,22.94,27.25,21.64,5.61,24.18,2.21,4.16,0.83,3.32,4.19,6.7,1.98,4.72,
38099,2006-07-07,1.37,96.96,11.15,27.61,14.85,14.85,37.44,20.22,17.21,28.1,5.71,8.09,2.74,5.35,8.13,10.37,5.49,4.88,
17029,2015-07-12,1.91,99.0,18.49,26.02,23.56,23.56,30.09,22.26,7.83,25.89,2.26,3.74,0.75,2.99,3.66,7.13,1.19,5.93,
48069,2008-02-26,0.0,89.39,2.73,3.22,-5.82,-5.7,9.95,-2.39,12.34,3.96,4.55,7.91,0.95,6.96,6.57,9.41,1.42,7.99,0.7486
39009,2016-02-10,0.13,98.45,1.54,-7.27,-11.32,-11.12,-5.29,-10.29,5.0,-7.18,4.44,5.25,3.35,1.9,7.06,7.91,5.66,2.26,
29089,2012-10-11,0.03,99.29,6.28,12.67,6.01,6.02,22.25,3.91,18.34,12.73,3.45,6.88,0.77,6.11,5.48,9.56,1.22,8.34,
18155,2003-10-22,0.04,98.42,5.52,9.53,4.88,4.89,14.47,5.93,8.54,9.32,2.57,4.27,1.08,3.19,4.4,6.0,1.74,4.26,
6013,2002-02-14,0.0,99.71,6.81,10.3,8.15,8.15,17.43,5.87,11.57,10.41,1.64,2.7,0.71,2.0,2.78,5.19,0.76,4.44,
1093,2004-05-25,0.0,99.26,15.02,25.15,20.24,20.24,30.59,20.64,9.95,25.2,2.39,3.31,1.4,1.91,4.98,5.8,3.71,2.09,1.0
36103,2009-04-05,0.0,100.6,4.98,8.02,3.78,3.79,10.83,5.27,5.55,6.49,6.04,9.9,1.0,8.9,8.36,13.03,1.87,11.16,
13085,2000-01-18,4.71,97.16,6.71,7.84,7.27,7.27,11.03,1.58,9.45,7.73,2.86,3.82,2.2,1.62,5.37,6.75,4.37,2.39,2.0
31153,2002-04-21,3.38,97.1,4.37,6.46,1.49,1.51,12.42,2.27,10.16,7.69,5.05,8.29,1.57,6.72,6.39,10.32,2.5,7.82,
8019,2012-08-14,0.14,72.59,5.97,15.08,1.47,1.5,25.04,6.9,18.14,15.35,1.94,3.28,0.85,2.43,3.77,5.45,2.05,3.4,3.0101
26047,2011-03-11,0.04,98.72,3.03,-1.3,-3.21,-3.19,1.4,-3.28,4.68,-1.22,5.18,8.18,1.01,7.16,6.72,10.0,1.49,8.51,
1065,2007-07-02,6.0,100.86,16.37,27.25,21.83,21.83,31.87,21.98,9.89,27.02,0.97,2.05,0.11,1.94,1.77,3.19,0.23,2.96,
51093,2003-04-14,0.01,102.58,6.46,11.96,7.66,7.66,19.38,5.23,14.15,12.11,2.55,3.89,0.84,3.05,4.07,7.29,0.95,6.34,
30073,2006-05-02,3.24,87.57,3.68,4.22,-2.29,-2.25,9.19,0.82,8.37,4.9,6.61,8.25,2.73,5.52,8.98,11.17,5.09,6.07,0.8995000000000001
26025,2013-01-02,0.16,98.76,1.75,-8.23,-10.0,-9.94,-3.35,-12.68,9.33,-8.84,3.91,4.81,2.36,2.45,5.49,6.82,3.23,3.59,
40111,2003-11-08,1.01,100.37,5.07,8.3,3.95,3.96,11.07,6.22,4.85,8.66,3.12,4.45,2.13,2.32,4.75,5.64,3.96,1.68,
26061,2001-12-16,2.23,97.55,4.43,2.26,1.73,1.73,3.22,1.28,1.94,2.2,4.45,5.4,3.34,2.06,7.08,8.57,5.65,2.92,
19031,2012-08-27,0.03,99.12,11.72,24.13,16.14,16.14,31.07,17.52,13.56,23.85,2.78,4.24,1.51,2.72,4.35,6.55,2.31,4.24,
27019,2000-12-20,0.52,97.59,1.06,-14.64,-15.58,-15.49,-9.04,-18.03,8.99,-14.77,6.2,8.96,4.1,4.85,7.93,11.5,5.24,6.27,
27111,2010-06-05,2.39,96.09,8.76,17.15,11.3,11.31,21.6,13.74,7.86,17.39,2.55,4.29,0.86,3.43,3.96,7.09,1.34,5.75,
13193,2008-06-03,0.53,99.64,14.18,29.11,19.36,19.36,35.94,22.1,13.84,29.66,1.49,3.11,0.16,2.95,2.51,6.28,0.22,6.06,2.0
30051,2002-06-30,0.1,89.51,5.29,17.27,3.01,3.04,24.03,9.69,14.35,18.39,7.98,11.23,4.41,6.82,10.7,14.16,6.88,7.27,
48223,2006-04-23,0.0,99.55,11.48,21.44,15.94,15.94,27.4,15.08,12.32,21.39,4.45,6.12,2.98,3.14,7.25,8.86,4.8,4.06,
36095,2001-03-10,1.25,96.87,3.05,-3.05,-3.5,-3.5,-0.78,-8.96,8.17,-3.15,3.87,4.81,2.45,2.37,6.72,7.84,5.12,2.72,
45073,2014-07-03,0.81,95.69,14.1,24.58,18.55,18.55,31.17,17.69,13.47,24.66,1.66,2.32,0.45,1.88,3.46,5.16,0.73,4.43,
17195,2003-08-05,0.59,98.63,11.84,23.92,16.37,16.37,29.75,17.92,11.83,24.77,1.5,2.23,0.7,1.54,2.08,3.37,1.03,2.34,0.0
1099,2008-04-20,0.02,100.53,10.14,17.97,14.09,14.09,25.89,10.3,15.59,17.88,1.68,2.32,1.0,1.32,3.83,5.15,1.81,3.35,
51195,2008-08-12,0.0,94.68,7.62,19.93,9.02,9.02,28.47,11.0,17.47,19.83,1.13,1.86,0.11,1.74,2.47,4.7,0.37,4.33,1.6431999999999998
48471,2000-07-05,0.12,100.47,14.03,29.24,19.08,19.08,37.16,21.55,15.6,30.51,2.25,3.56,1.27,2.3,3.83,6.41,1.57,4.84,
21105,2012-10-08,0.01,100.64,4.11,11.11,1.06,1.11,16.92,5.42,11.5,11.04,1.31,2.3,0.28,2.02,2.14,5.14,0.3,4.84,
27115,2012-09-30,0.0,97.42,5.55,14.44,4.85,4.86,23.63,6.17,17.46,14.81,2.81,3.91,2.0,1.91,4.91,8.12,2.58,5.54,
27139,2001-11-04,0.0,99.16,3.7,7.4,-0.75,-0.67,15.65,1.11,14.54,6.99,2.99,5.15,1.21,3.94,5.17,9.56,1.31,8.26,
49011,2010-08-03,0.26,84.84,8.19,26.32,7.22,7.25,32.44,20.68,11.75,26.66,3.28,4.28,0.32,3.96,4.48,6.02,0.23,5.79,0.0007
6041,2007-07-07,0.07,99.59,8.34,17.12,11.17,11.17,23.34,12.06,11.28,18.18,3.31,4.28,1.54,2.73,4.14,5.29,2.03,3.26,
48299,2011-12-26,0.13,96.9,3.69,4.36,-0.92,-0.89,11.5,-0.51,12.01,4.45,4.83,9.06,3.06,6.0,7.6,11.62,4.8,6.83,
54087,2001-08-06,0.12,98.45,14.69,26.04,19.73,19.73,32.73,19.33,13.4,25.99,1.11,1.45,0.72,0.73,2.74,4.9,1.13,3.78,
39041,2005-07-28,0.24,98.3,10.91,21.21,15.08,15.08,27.57,14.92,12.65,22.27,2.45,3.51,1.83,1.68,3.64,5.3,1.96,3.34,
17003,2003-11-12,8.17,100.02,9.45,17.03,11.41,11.43,23.8,6.14,17.66,16.62,6.25,8.07,4.16,3.91,9.58,11.94,7.44,4.5,
39175,2002-06-13,3.3,97.57,11.81,20.16,16.14,16.14,25.01,15.38,9.63,20.92,2.39,4.07,0.56,3.5,3.35,6.34,0.76,5.58,
27081,2014-08-23,16.44,95.56,16.37,23.0,20.95,20.95,27.75,18.85,8.9,23.09,5.63,7.62,3.35,4.27,7.87,9.49,5.67,3.82,
12121,2011-10-12,0.75,100.53,14.72,22.98,20.14,20.14,28.52,19.64,8.88,23.04,2.04,3.27,1.55,1.72,4.04,4.83,2.75,2.07,
51143,2016-11-15,0.05,98.94,4.68,8.51,2.58,2.61,16.95,2.84,14.1,7.81,1.95,2.37,1.27,1.1,3.57,5.96,2.11,3.85,0.9974
17131,2015-12-17,0.0,98.89,2.46,-2.0,-5.78,-5.71,1.76,-4.44,6.21,-2.18,5.59,7.25,3.28,3.97,8.25,9.67,6.61,3.06,
19025,2011-01-06,0.23,96.46,2.68,-3.63,-5.11,-5.09,0.03,-6.74,6.77,-3.57,3.28,5.02,0.87,4.15,4.62,6.55,1.31,5.25,
40047,2016-03-17,0.0,97.39,4.52,12.07,1.66,1.71,20.36,4.67,15.68,12.07,3.06,4.01,1.54,2.47,4.99,8.75,2.48,6.26,
40069,2007-05-25,4.92,99.03,13.97,20.51,19.07,19.07,23.18,18.41,4.77,20.65,2.73,4.21,1.9,2.31,4.33,5.46,2.38,3.09,
27157,2012-07-18,8.91,97.44,16.07,27.7,21.03,21.03,33.6,22.24,11.36,28.78,2.64,4.48,0.44,4.05,3.6,6.21,0.42,5.79,
29129,2005-01-20,0.0,98.08,3.32,-1.31,-2.23,-2.22,3.75,-5.21,8.95,-1.67,3.92,5.02,2.71,2.3,6.22,8.56,3.78,4.78,
40009,2007-04-19,0.0,93.99,9.29,15.68,11.81,11.81,22.24,8.87,13.36,16.06,5.47,7.31,3.82,3.49,8.02,8.8,7.02,1.78,
23003,2010-01-12,0.06,97.46,1.05,-15.03,-15.53,-15.48,-12.05,-17.05,5.0,-15.11,3.54,3.96,3.15,0.81,6.24,6.66,5.69,0.97,0.0
27029,2007-09-11,0.25,96.98,4.13,7.33,0.58,0.62,12.06,4.01,8.05,8.57,8.29,11.87,2.32,9.54,10.65,15.16,3.59,11.57,1.1342
33001,2004-10-03,0.01,98.23,5.34,9.36,4.22,4.23,16.11,4.22,11.89,9.06,1.63,3.04,0.28,2.76,2.99,5.97,0.54,5.43,
13201,2002-03-09,4.14,101.58,11.55,18.82,16.42,16.42,25.56,12.49,13.07,18.78,3.64,5.54,2.39,3.15,6.16,8.5,4.89,3.61,
37115,2011-01-26,10.66,92.32,3.54,-1.24,-2.26,-2.25,1.68,-5.64,7.32,-1.33,3.28,5.83,0.74,5.08,5.55,9.21,1.44,7.77,
37027,2006-10-18,0.29,94.86,10.74,17.97,14.17,14.17,25.08,12.9,12.18,17.15,1.12,1.99,0.2,1.79,2.3,4.26,0.47,3.79,
37035,2004-07-13,0.87,97.01,15.22,27.12,20.07,20.07,33.53,21.25,12.28,27.82,2.26,3.29,1.56,1.72,4.01,5.31,3.19,2.11,0.0
39019,2010-03-19,0.0,97.37,5.73,8.63,5.28,5.28,17.04,0.63,16.42,8.51,3.01,4.47,2.1,2.37,6.3,7.75,2.62,5.13,
18049,2015-02-17,0.07,98.51,1.33,-9.82,-13.03,-12.85,-4.07,-16.22,12.14,-10.03,4.76,6.97,1.31,5.66,6.39,8.21,1.96,6.25,0.0
21179,2006-05-11,7.23,97.55,7.87,13.19,9.93,9.93,16.86,8.92,7.94,13.16,5.61,7.13,4.15,2.98,8.47,10.28,7.04,3.24,
17075,2008-08-20,0.0,99.45,12.64,22.22,17.49,17.49,27.8,17.21,10.59,22.37,3.95,4.51,2.76,1.75,6.25,8.07,5.06,3.01,
24005,2000-11-24,0.06,101.73,2.07,-0.62,-7.63,-7.43,4.51,-3.36,7.87,-0.25,2.58,3.34,1.96,1.38,4.05,6.38,2.47,3.91,
36055,2009-06-25,3.47,98.98,13.22,21.23,18.07,18.07,24.08,18.31,5.77,20.28,3.23,3.7,2.59,1.11,5.76,6.62,4.62,2.0,
48205,2004-01-15,0.01,87.85,4.6,6.46,0.29,0.32,12.29,1.76,10.52,5.94,4.2,6.9,1.86,5.04,6.11,8.69,2.97,5.72,
48119,2004-01-16,21.76,99.37,8.18,12.36,10.53,10.53,18.31,8.5,9.81,12.4,5.57,7.54,4.45,3.09,7.51,10.34,6.27,4.07,
25007,2012-11-15,0.09,102.63,5.29,7.65,4.88,4.88,8.35,7.19,1.16,10.76,7.81,9.0,5.73,3.28,8.81,10.55,6.47,4.09,
27027,2003-08-08,0.16,97.74,9.76,24.36,13.27,13.27,30.45,18.6,11.85,24.93,4.15,5.49,2.75,2.73,6.4,8.19,5.1,3.09,
19161,2007-07-13,0.0,97.17,7.53,21.88,9.11,9.12,28.94,12.54,16.39,23.23,3.17,5.98,1.78,4.2,4.96,9.49,2.2,7.29,
46063,2011-12-13,0.04,91.28,2.47,-5.58,-6.73,-6.72,-0.46,-7.63,7.17,-5.42,3.55,4.68,2.44,2.24,4.87,6.19,3.93,2.25,1.0
29073,2001-09-16,0.36,98.78,6.18,18.7,6.4,6.43,28.67,9.58,19.08,18.62,1.37,2.07,0.41,1.66,3.11,5.93,0.7,5.23,
23003,2002-12-11,0.21,98.69,2.3,-6.48,-6.95,-6.94,-2.24,-11.33,9.09,-7.02,1.76,2.24,0.26,1.97,3.58,5.41,0.37,5.04,
18115,2003-07-06,4.31,98.74,17.22,25.79,22.38,22.38,30.52,21.72,8.8,25.82,1.86,2.36,1.45,0.91,3.79,4.59,2.39,2.2,
28003,2015-08-20,7.6,99.93,12.05,22.63,16.71,16.71,28.41,17.42,10.99,22.69,1.43,2.78,0.48,2.29,2.5,4.47,1.12,3.35,
17019,2002-06-17,0.08,98.89,9.8,19.21,13.41,13.41,25.33,11.56,13.77,19.01,3.36,4.74,2.18,2.57,5.2,7.47,3.59,3.88,
36111,2002-08-12,0.0,97.79,9.15,26.53,12.21,12.21,35.28,16.43,18.85,25.55,1.03,1.75,0.49,1.26,2.07,3.69,0.88,2.81,
26161,2012-05-13,1.26,99.25,8.02,13.68,10.49,10.49,17.84,10.24,7.6,13.82,2.77,4.07,1.48,2.58,3.77,5.66,1.93,3.73,
13111,2016-06-06,4.57,95.01,14.16,22.68,18.53,18.53,27.22,17.55,9.67,22.4,1.0,1.59,0.7,0.89,2.06,3.47,1.21,2.26,
28095,2003-11-15,0.42,100.56,5.36,12.46,4.4,4.42,22.2,4.69,17.5,12.49,2.22,2.74,1.65,1.09,4.82,6.79,2.58,4.21,
48141,2012-01-06,0.0,87.13,2.28,8.12,-8.27,-7.98,17.13,-0.29,17.43,5.07,3.29,6.92,0.41,6.51,4.45,7.95,0.55,7.39,
21161,2006-04-19,0.76,98.04,7.66,14.95,9.62,9.62,23.19,8.01,15.18,14.48,2.57,3.96,0.83,3.14,4.46,7.08,1.5,5.58,
21023,2004-04-03,0.0,98.1,5.27,9.1,4.17,4.18,15.28,3.41,11.87,9.12,3.6,5.33,1.83,3.5,6.58,9.4,3.13,6.27,
26101,2005-11-14,2.35,100.21,4.11,5.47,1.01,1.03,7.18,3.99,3.19,8.22,4.75,7.72,1.15,6.57,5.33,8.79,1.24,7.55,
1001,2005-03-18,0.0,100.17,4.79,7.18,3.14,3.15,14.93,0.6,14.33,7.37,1.65,2.36,1.1,1.26,3.46,6.48,1.6,4.88,
45059,2012-10-05,0.02,99.78,10.02,21.08,13.96,13.96,28.81,13.97,14.84,20.42,1.3,1.94,0.53,1.41,2.56,5.13,0.85,4.28,
31111,2010-10-13,0.0,92.09,3.42,10.63,-2.58,-2.48,18.18,3.83,14.35,10.51,3.43,4.69,0.26,4.44,5.75,8.81,0.33,8.48,
22011,2005-09-09,0.0,101.01,12.51,27.44,17.5,17.5,35.89,19.82,16.07,27.26,1.34,1.73,0.79,0.94,2.68,3.93,1.28,2.65,
6005,2006-03-05,5.24,95.14,4.52,6.39,1.42,1.44,9.83,2.61,7.23,5.71,6.14,7.9,4.69,3.2,10.01,11.49,8.87,2.61,
13023,2003-06-23,0.02,100.37,14.94,24.99,20.33,20.33,30.23,19.22,11.01,25.24,1.73,2.34,1.28,1.06,2.99,5.17,1.48,3.69,
21209,2008-12-14,0.06,98.97,4.7,4.76,2.29,2.3,9.28,-1.03,10.31,4.32,5.67,7.78,3.77,4.0,9.73,11.76,7.31,4.45,
37033,2003-09-19,0.28,99.19,11.31,21.54,15.74,15.74,27.11,17.51,9.61,20.59,3.33,7.12,1.31,5.81,5.17,11.05,2.05,9.0,
39079,2010-02-02,0.14,98.72,3.22,-0.8,-2.59,-2.57,3.82,-4.34,8.16,-0.97,2.0,2.96,1.26,1.71,3.88,5.9,1.86,4.04,0.0
48281,2005-05-24,0.0,96.48,12.26,27.66,16.55,16.55,36.67,19.04,17.63,28.93,4.72,6.26,3.01,3.24,6.95,8.17,5.7,2.48,0.0
21165,2004-05-16,6.11,98.75,11.97,19.94,16.54,16.54,25.06,15.53,9.53,19.97,0.99,1.81,0.35,1.47,1.93,4.62,0.43,4.19,
12079,2012-03-09,0.57,101.82,11.89,19.3,16.89,16.89,24.91,14.91,10.01,19.28,2.43,3.33,1.75,1.58,4.36,5.6,2.74,2.86,
5143,2016-08-22,0.0,98.19,12.47,23.03,16.94,16.94,30.09,15.32,14.77,23.66,2.45,3.2,1.84,1.37,4.27,4.94,2.84,2.1,
51117,2003-11-29,0.01,100.31,2.72,2.37,-4.45,-4.35,6.85,-1.88,8.74,2.45,3.98,5.38,1.82,3.56,7.46,9.37,4.57,4.8,
1041,2010-08-08,6.91,100.01,19.07,29.73,24.22,24.22,36.1,25.39,10.72,29.66,0.9,1.36,0.14,1.22,1.93,3.23,0.18,3.06,
21177,2007-12-28,10.76,99.71,5.33,5.59,4.6,4.6,9.16,2.64,6.52,5.35,3.47,5.72,0.56,5.16,5.75,7.67,1.25,6.42,
55129,2015-05-30,0.19,98.0,5.2,9.59,3.86,3.88,14.64,3.18,11.46,10.35,5.23,6.67,3.12,3.55,7.38,8.86,6.45,2.41,
51111,2005-05-17,0.11,100.42,8.46,17.44,11.45,11.45,23.86,11.86,11.99,17.39,1.63,2.98,0.56,2.42,3.13,5.06,0.83,4.22,0.0
26041,2014-08-29,9.99,98.91,12.48,18.23,17.12,17.12,20.36,15.46,4.91,18.28,4.97,5.62,3.41,2.21,7.13,8.06,5.35,2.71,
54107,2000-05-02,3.04,98.8,7.35,14.4,9.03,9.04,20.84,9.13,11.71,14.34,1.67,2.57,1.01,1.56,3.64,5.77,1.61,4.16,0.0
49003,2014-05-09,6.26,85.87,5.61,11.43,3.2,3.21,14.45,8.12,6.32,12.38,3.95,7.92,1.53,6.39,5.3,9.49,2.27,7.22,
35009,2012-04-12,0.19,86.52,6.14,18.71,2.79,2.87,26.54,11.67,14.87,19.85,7.22,9.52,4.67,4.85,9.95,11.6,8.79,2.82,
55137,2008-05-17,0.79,96.74,6.23,13.46,6.37,6.37,18.76,8.13,10.63,13.58,6.55,10.74,3.4,7.34,9.45,13.74,4.65,9.09,
18171,2016-05-19,0.0,99.6,6.63,14.48,7.69,7.69,21.42,6.19,15.23,14.96,2.96,3.77,2.02,1.76,4.76,8.34,2.3,6.04,
48471,2002-10-18,3.01,100.47,12.27,19.9,17.09,17.09,25.71,14.16,11.55,19.86,4.2,6.08,2.62,3.46,6.97,8.89,4.24,4.65,
21175,2002-03-26,16.38,97.63,7.22,9.5,7.9,7.9,17.07,0.96,16.1,9.46,3.48,5.56,1.53,4.03,6.38,9.27,3.58,5.68,0.0
22127,2003-02-11,0.0,101.39,5.54,7.95,5.06,5.06,17.3,-0.82,18.12,7.54,1.97,2.42,1.45,0.97,4.37,6.67,2.11,4.56,0.0
5087,2007-05-25,4.31,97.01,12.93,19.12,17.49,17.49,22.3,16.34,5.96,18.95,1.9,2.84,0.91,1.93,3.66,5.14,2.15,2.99,
41013,2000-08-22,0.0,87.07,5.17,19.45,2.06,2.1,30.82,8.45,22.36,20.24,2.46,3.56,0.64,2.92,3.92,5.8,0.48,5.32,1.0
49049,2015-07-01,0.38,81.5,11.85,25.95,13.26,13.26,32.1,19.99,12.11,26.52,2.02,3.63,0.34,3.29,2.61,4.35,0.47,3.88,
21169,2002-09-22,2.65,98.67,10.44,20.93,14.33,14.34,28.05,14.56,13.49,21.23,2.88,4.24,1.55,2.69,4.83,6.64,2.74,3.9,
17055,2006-07-06,0.0,100.67,8.69,21.16,11.86,11.86,27.95,13.45,14.5,21.72,3.79,5.42,2.46,2.96,5.93,7.02,3.66,3.35,
26011,2003-01-05,0.27,98.82,2.57,-3.37,-5.29,-5.26,0.24,-6.87,7.11,-3.95,1.8,3.33,0.26,3.07,2.6,5.21,0.34,4.87,
21109,2012-03-08,35.95,98.14,8.0,11.19,10.0,10.0,15.56,4.0,11.56,11.03,4.48,6.02,2.38,3.64,7.6,9.96,4.29,5.66,
16083,2001-06-29,0.01,84.52,5.2,23.83,1.91,1.94,33.35,14.67,18.67,25.58,2.51,5.09,1.36,3.73,3.32,6.39,1.35,5.04,
19021,2010-06-25,12.23,96.57,15.98,24.12,20.41,20.41,29.36,16.43,12.93,24.03,6.0,8.39,3.26,5.13,8.89,10.74,5.93,4.82,
39141,2013-07-21,4.43,98.15,15.79,24.83,20.85,20.85,28.91,21.81,7.11,24.87,1.42,2.11,0.37,1.73,2.21,3.46,0.95,2.52,
46107,2009-06-22,0.57,94.36,11.13,24.11,14.67,14.67,32.38,15.31,17.06,24.48,2.9,5.27,1.6,3.67,4.03,6.59,1.81,4.77,
20181,2012-09-01,0.0,89.17,6.65,26.51,5.94,5.95,36.0,17.22,18.78,27.45,5.49,7.38,3.45,3.93,8.21,10.11,4.61,5.5,
1097,2000-03-30,3.91,100.63,13.79,23.0,18.99,19.0,28.31,16.86,11.45,23.01,3.07,4.41,2.21,2.19,5.2,6.8,3.53,3.26,
28123,2003-09-11,0.13,100.35,14.81,25.31,20.19,20.19,31.79,19.95,11.84,25.48,1.75,2.12,1.27,0.85,3.73,5.37,2.04,3.32,
54075,2003-10-07,0.0,93.32,7.44,12.26,8.42,8.42,20.06,5.58,14.47,11.27,1.19,1.95,0.54,1.4,2.46,4.15,0.99,3.17,0.0
41043,2009-11-07,18.55,95.43,6.1,6.18,5.88,5.88,7.68,5.13,2.55,6.14,2.99,3.83,2.11,1.72,5.6,6.83,4.32,2.51,
30063,2010-08-29,6.37,84.02,5.99,6.11,3.84,3.85,9.21,3.57,5.64,6.42,1.01,2.18,0.12,2.06,1.7,3.23,0.19,3.04,
24013,2005-03-14,0.0,99.09,2.54,-0.72,-5.42,-5.34,4.2,-4.24,8.44,-0.3,4.04,5.51,2.8,2.71,6.33,7.57,5.41,2.16,
8007,2008-07-20,7.98,74.86,10.41,16.86,10.02,10.02,22.83,12.33,10.49,17.2,1.77,3.45,0.23,3.22,2.46,4.23,0.32,3.91,
29039,2001-02-01,0.0,98.92,2.6,-1.44,-5.67,-5.56,6.41,-10.85,17.26,-1.2,4.63,8.35,1.34,7.01,6.4,10.7,2.27,8.44,
12051,2003-09-23,1.49,101.19,17.38,26.63,22.92,22.92,30.2,24.32,5.88,26.16,1.17,2.02,0.25,1.77,1.82,4.0,0.29,3.71,0.0
5143,2000-09-21,0.13,97.65,6.62,20.41,7.24,7.25,28.48,11.76,16.72,21.11,3.07,4.19,1.73,2.45,5.17,7.16,3.72,3.44,
12123,2001-04-29,0.01,102.11,9.13,21.19,12.83,12.83,27.67,15.24,12.43,21.42,3.52,4.82,1.95,2.88,5.95,8.07,2.97,5.1,
48075,2009-03-21,0.04,94.51,7.3,19.21,8.42,8.42,26.12,13.26,12.86,19.75,6.11,8.33,2.95,5.38,8.64,11.75,5.5,6.24,
35035,2008-10-22,0.0,83.25,3.09,8.51,-5.37,-5.22,15.46,1.69,13.77,8.82,4.58,7.24,1.41,5.83,6.83,9.55,2.28,7.27,
37031,2001-07-21,1.02,101.48,13.79,24.02,19.16,19.16,27.09,20.61,6.48,25.57,5.02,5.76,4.27,1.5,6.17,6.85,5.58,1.27,
30093,2001-05-16,2.5,79.83,3.71,3.88,-3.66,-3.6,9.61,-3.35,12.97,4.35,4.25,6.31,1.6,4.71,6.92,9.23,3.33,5.9,
26045,2016-03-27,5.07,98.21,5.7,8.54,4.78,4.78,18.91,-1.21,20.12,8.84,4.91,6.93,2.72,4.21,7.05,8.95,4.91,4.05,
27165,2012-05-04,20.92,96.8,12.34,19.21,16.53,16.53,24.81,13.53,11.28,19.72,4.46,6.5,2.23,4.27,6.18,7.86,3.7,4.16,
48387,2003-08-12,1.79,99.74,12.28,26.94,16.93,16.93,34.8,20.41,14.39,27.8,2.84,4.26,1.12,3.14,4.63,5.83,2.6,3.22,0.962
49057,2005-04-14,0.03,81.87,2.53,1.08,-7.94,-7.77,6.72,-5.09,11.81,1.37,2.59,3.66,0.82,2.84,3.6,5.06,1.08,3.98,
36115,2005-07-02,0.38,97.1,9.85,17.44,13.11,13.11,21.36,12.51,8.84,17.29,1.98,2.67,1.13,1.54,4.2,4.93,3.37,1.56,
55063,2014-10-15,0.08,97.7,6.54,9.42,7.17,7.17,15.75,5.14,10.61,9.13,5.13,7.72,1.78,5.94,7.07,9.64,2.71,6.93,
21077,2001-07-01,4.55,98.86,12.4,23.96,17.05,17.05,31.56,16.45,15.11,24.13,2.72,3.85,1.64,2.2,4.92,6.47,3.08,3.39,
48253,2002-04-21,0.0,95.32,6.61,20.37,5.83,5.88,26.58,14.94,11.65,21.6,4.54,7.45,1.97,5.48,6.56,9.05,2.92,6.14,
55039,2010-09-04,0.0,98.1,6.14,12.2,6.44,6.45,17.15,7.67,9.48,12.99,7.28,9.93,3.06,6.87,9.93,12.28,5.4,6.88,
26029,2003-05-31,0.32,98.94,4.37,5.64,1.67,1.69,7.7,2.67,5.03,5.11,5.61,7.3,3.52,3.78,8.12,9.66,5.18,4.48,
1075,2012-04-20,0.8,99.75,10.68,18.98,14.93,14.93,24.61,12.79,11.82,18.92,1.64,2.08,1.15,0.93,3.48,4.88,2.23,2.65,
51167,2008-07-13,16.19,93.7,14.77,21.3,18.98,18.98,24.25,17.7,6.56,21.32,1.78,2.21,1.41,0.8,3.61,4.7,2.79,1.91,
46137,2012-08-27,0.01,93.5,8.47,27.27,10.29,10.3,38.01,16.4,21.61,28.13,4.78,6.46,2.72,3.73,7.18,9.93,5.07,4.86,
36055,2000-08-31,0.03,100.08,13.43,24.14,18.57,18.57,29.2,19.52,9.68,23.82,1.85,2.88,0.92,1.96,2.97,5.03,1.44,3.6,
56011,2008-01-14,0.0,88.01,2.56,-1.51,-6.77,-6.69,6.16,-6.25,12.41,-2.23,5.19,7.84,3.44,4.4,8.08,10.68,6.28,4.4,
18179,2010-08-04,23.52,98.0,20.77,26.57,25.33,25.33,29.58,24.05,5.53,26.42,2.7,4.07,1.85,2.22,4.53,6.26,2.26,4.0,
21187,2012-11-02,0.0,98.51,4.11,6.48,0.76,0.79,13.36,1.38,11.98,6.44,2.53,3.7,1.81,1.89,4.81,6.42,3.62,2.81,
48355,2008-09-04,0.4,100.41,15.88,28.61,21.21,21.21,34.23,23.83,10.39,29.37,3.15,5.99,1.07,4.92,4.51,7.3,2.15,5.14,
13209,2016-03-06,0.01,101.36,6.46,11.0,7.64,7.64,18.06,4.96,13.09,11.07,3.43,4.9,2.21,2.69,5.89,7.53,4.22,3.31,
13299,2003-03-25,0.06,101.35,8.62,16.79,11.88,11.88,24.27,11.08,13.19,16.25,1.51,2.22,0.39,1.82,2.87,5.66,0.44,5.21,0.0
47009,2002-01-08,0.3,95.18,2.41,-4.15,-6.58,-6.55,2.1,-8.61,10.71,-5.18,1.97,2.76,1.35,1.41,3.7,6.09,1.88,4.21,2.0
55083,2001-06-23,0.0,98.94,8.68,17.81,11.65,11.65,23.37,11.57,11.8,17.06,2.36,3.83,0.85,2.98,3.71,7.83,1.07,6.76,
54039,2002-04-15,1.31,97.57,12.46,19.22,16.98,16.98,24.83,15.59,9.25,19.22,2.13,2.93,1.05,1.88,4.95,6.53,3.19,3.34,
29093,2004-12-06,8.21,97.5,8.11,10.86,10.29,10.29,14.48,7.48,7.0,10.86,2.05,3.12,1.49,1.63,4.35,6.63,2.7,3.93,
13277,2016-05-30,0.06,100.43,13.66,26.55,18.93,18.93,33.06,19.93,13.13,27.2,2.66,3.43,1.85,1.58,4.28,6.86,2.6,4.26,
53045,2000-06-16,0.0,98.64,7.59,15.06,9.49,9.5,21.74,6.89,14.85,14.53,1.66,2.02,1.24,0.78,3.19,4.56,2.44,2.11,
17169,2011-12-09,0.06,100.55,1.94,-3.52,-8.8,-8.56,-0.04,-7.63,7.6,-3.49,4.07,6.54,2.45,4.09,5.82,7.9,4.26,3.63,
49035,2003-04-30,0.84,80.96,3.71,4.66,-3.25,-3.2,9.07,0.5,8.56,4.78,2.44,4.0,1.53,2.48,3.17,4.74,2.22,2.52,
47189,2007-01-26,0.0,99.39,2.91,0.24,-3.77,-3.72,7.2,-4.92,12.12,0.04,2.94,4.27,0.27,4.0,4.98,8.79,0.39,8.4,
42041,2001-10-23,2.08,98.06,8.61,15.65,11.34,11.34,23.03,8.85,14.18,15.56,2.45,4.44,1.09,3.35,4.83,7.32,2.62,4.7,1.0
16041,2013-04-11,1.32,80.89,4.03,3.81,-2.23,-2.2,10.47,-0.84,11.31,4.8,3.28,4.22,2.34,1.88,4.94,7.27,3.76,3.51,
13137,2008-06-20,0.02,95.07,8.07,22.41,9.88,9.88,28.74,14.34,14.4,21.55,0.98,1.91,0.07,1.85,1.93,4.55,0.19,4.36,
47169,2007-05-13,0.0,99.28,9.27,18.48,12.57,12.57,23.86,12.05,11.81,18.63,3.9,4.93,2.76,2.18,6.35,7.01,5.8,1.21,
31029,2001-11-17,0.0,90.0,6.62,11.26,6.24,6.24,18.09,6.79,11.31,11.39,6.08,8.64,4.23,4.42,8.54,10.41,6.74,3.67,
12035,2004-01-03,0.01,102.17,12.42,20.52,17.7,17.7,25.68,17.05,8.62,20.17,2.14,3.17,0.91,2.26,3.45,5.72,1.17,4.55,
21127,2014-09-15,0.25,98.83,7.6,15.87,9.53,9.53,21.83,8.97,12.86,15.47,1.26,2.04,0.25,1.79,2.79,5.07,0.53,4.54,
55133,2014-06-26,0.16,98.67,10.09,16.97,13.76,13.76,23.38,10.85,12.53,18.09,2.44,3.28,1.3,1.98,3.11,4.97,1.34,3.62,
39045,2002-02-12,0.08,98.2,3.37,1.57,-1.93,-1.9,5.93,-1.87,7.8,1.37,6.37,8.63,4.87,3.76,9.45,11.82,7.52,4.3,0.0
51059,2009-03-19,1.25,100.83,5.88,8.47,6.12,6.13,12.73,4.19,8.54,8.28,3.0,5.65,0.73,4.91,4.82,7.22,1.39,5.83,
41035,2010-02-06,2.38,83.9,4.15,-0.47,-1.23,-1.23,1.55,-1.91,3.47,-0.75,1.65,2.57,0.58,1.99,3.24,4.54,1.04,3.5,
13141,2010-11-20,0.0,100.75,5.99,12.77,6.36,6.37,21.07,6.13,14.94,10.52,1.27,2.33,0.31,2.02,2.01,4.49,0.39,4.1,
26099,2009-06-16,0.14,99.19,8.6,17.93,11.48,11.48,24.11,9.77,14.35,17.89,3.44,4.94,2.36,2.58,5.21,8.39,3.06,5.33,0.0
39047,2008-01-19,0.01,98.68,1.49,-8.05,-12.08,-11.78,-5.28,-13.98,8.7,-7.77,5.76,7.38,3.76,3.62,7.8,8.87,6.67,2.2,
21103,2009-02-03,1.29,99.03,1.72,-9.04,-10.17,-10.12,-3.99,-11.47,7.48,-10.56,4.7,8.44,1.2,7.24,6.85,10.94,1.67,9.26,0.0
31155,2012-11-21,0.0,96.58,5.4,12.06,4.22,4.23,21.37,4.82,16.56,11.39,7.55,10.39,5.47,4.92,11.17,13.88,7.58,6.29,
48261,2005-07-28,2.48,101.37,17.86,29.3,23.4,23.4,33.67,25.33,8.33,30.43,3.35,4.62,2.1,2.52,4.59,6.59,2.73,3.86,
18041,2015-08-26,0.0,98.44,9.82,17.68,13.45,13.46,23.14,11.7,11.44,18.05,2.05,2.38,1.41,0.98,3.21,4.95,1.7,3.26,
8033,2013-10-08,0.0,78.95,4.23,11.69,-1.8,-1.76,19.17,5.59,13.58,11.54,5.01,8.51,3.18,5.33,8.53,10.91,6.85,4.06,1.0
48399,2004-08-27,0.71,95.04,15.33,25.27,19.88,19.88,29.83,22.18,7.65,25.54,6.5,8.78,3.12,5.66,8.77,10.81,5.75,5.05,
51043,2002-09-17,0.0,99.33,8.47,22.47,11.24,11.24,29.82,15.19,14.63,22.15,1.41,2.03,0.2,1.83,2.39,4.59,0.37,4.22,3.0
48289,2012-04-02,4.81,99.37,14.1,21.16,19.26,19.26,25.41,17.92,7.5,21.01,4.12,5.74,2.92,2.83,6.73,7.7,5.23,2.47,
29031,2000-06-07,0.0,100.52,7.08,18.03,8.69,8.69,25.4,9.52,15.88,17.78,2.52,3.13,1.52,1.61,3.95,5.4,1.91,3.5,
30033,2016-03-29,4.54,91.6,4.47,3.91,0.97,0.98,7.25,1.39,5.86,4.09,4.4,8.67,0.24,8.43,5.75,10.16,0.41,9.75,0.0
45051,2011-04-03,0.0,101.91,6.5,14.43,7.5,7.51,19.23,9.52,9.71,15.08,3.51,5.89,0.7,5.2,4.8,9.05,0.75,8.29,
21233,2001-02-05,0.18,100.36,3.1,0.32,-2.71,-2.68,5.26,-2.48,7.73,0.52,4.29,5.46,2.3,3.16,6.36,9.41,3.56,5.84,
48113,2001-09-14,2.42,99.6,15.0,26.15,20.28,20.28,31.36,20.63,10.73,26.57,2.04,3.53,0.67,2.86,3.37,6.74,0.71,6.03,
48111,2015-03-08,0.0,86.94,3.37,8.45,-3.52,-3.44,15.26,3.08,12.18,8.77,5.09,7.72,3.26,4.46,7.59,9.11,6.42,2.69,
21035,2014-03-01,0.18,100.25,5.57,6.68,5.17,5.17,12.45,0.86,11.58,5.75,1.91,3.04,1.01,2.03,3.26,6.25,1.78,4.47,
48345,2004-10-22,0.89,92.75,10.04,19.13,12.33,12.34,23.37,12.58,10.79,18.76,6.3,9.85,3.72,6.13,9.27,12.75,6.19,6.56,
48209,2014-06-20,0.51,97.72,14.79,26.98,19.71,19.71,33.27,22.03,11.24,28.35,3.97,4.99,2.07,2.92,5.58,7.6,3.85,3.75,
32510,2011-04-01,0.0,82.26,5.94,11.93,2.86,2.89,19.58,6.8,12.78,10.54,3.0,5.29,1.34,3.94,4.49,7.71,1.81,5.89,
37039,2001-02-23,0.02,96.37,4.21,5.75,0.73,0.74,15.16,-2.72,17.88,5.44,1.57,2.37,0.79,1.58,3.36,5.91,1.48,4.43,
40143,2009-03-12,1.53,100.27,3.42,2.87,-1.53,-1.5,7.55,-1.13,8.68,3.81,4.32,5.47,2.13,3.34,5.85,7.44,4.05,3.39,
54099,2005-01-12,0.16,98.08,9.69,14.59,13.19,13.19,19.56,12.29,7.27,14.55,3.09,3.84,2.68,1.15,6.25,6.96,5.94,1.01,
49035,2007-03-24,0.0,81.33,4.47,6.77,-0.67,-0.65,14.28,0.34,13.94,6.14,2.38,4.16,0.94,3.22,3.01,4.45,1.25,3.2,
48501,2001-11-21,0.01,88.8,3.64,8.41,-2.34,-2.26,18.49,0.7,17.79,8.14,4.07,5.7,2.91,2.79,6.84,9.97,4.04,5.93,
48003,2012-11-11,0.0,90.77,2.22,10.02,-8.72,-8.22,15.85,3.11,12.74,10.32,5.8,9.25,3.47,5.78,8.83,11.07,6.4,4.67,
35028,2000-11-17,0.01,78.31,1.71,-5.09,-12.74,-12.47,2.28,-10.04,12.32,-5.4,2.99,5.66,1.46,4.19,4.55,7.22,2.34,4.87,
48395,2005-08-18,0.02,99.75,17.47,29.08,22.78,22.78,34.66,23.82,10.84,29.71,4.21,4.95,2.7,2.24,6.36,8.72,4.65,4.07,
47139,2002-11-07,0.0,97.88,4.64,7.1,2.38,2.39,14.63,0.62,14.01,5.94,1.41,2.28,0.56,1.72,2.53,4.75,0.72,4.03,
48035,2008-03-29,0.35,98.16,10.44,16.86,14.04,14.04,23.25,9.97,13.28,18.06,2.67,5.65,0.29,5.37,4.06,8.64,0.28,8.36,
29175,2000-04-08,0.02,99.78,2.56,4.19,-5.41,-5.22,10.96,-2.0,12.96,5.03,5.41,8.71,2.5,6.22,7.45,11.66,4.36,7.3,
30019,2008-04-13,0.01,92.66,2.97,8.94,-4.41,-4.28,19.07,-2.05,21.12,9.6,6.04,7.77,4.24,3.52,8.76,11.89,5.65,6.24,
31099,2004-11-17,8.38,94.82,8.85,12.31,11.29,11.29,17.03,8.66,8.37,12.23,2.6,6.42,0.41,6.01,4.11,8.39,0.57,7.82,
36115,2012-10-17,0.0,97.23,4.24,6.22,1.02,1.04,14.24,-0.79,15.03,5.01,1.15,2.19,0.27,1.92,2.0,4.15,0.49,3.66,
48311,2000-06-29,0.87,99.9,13.9,30.44,18.87,18.88,38.32,23.11,15.21,32.48,5.03,7.11,3.24,3.87,6.56,9.61,4.1,5.51,
20089,2012-10-20,0.0,94.78,4.95,13.41,2.46,2.5,22.69,4.65,18.04,13.32,3.46,4.1,2.38,1.72,5.93,8.79,3.58,5.21,
13019,2016-06-20,0.0,101.44,11.89,24.67,16.88,16.88,30.89,17.59,13.31,25.34,2.97,4.29,1.94,2.35,4.85,5.48,3.72,1.76,
21061,2000-01-08,1.75,99.95,3.5,0.66,-1.32,-1.3,4.82,-2.9,7.72,-0.21,2.38,3.61,0.88,2.73,4.43,7.67,1.25,6.42,
29029,2004-04-15,0.0,98.31,7.95,14.53,10.08,10.08,21.67,6.61,15.06,14.33,4.09,5.79,2.89,2.91,7.58,8.94,5.42,3.52,
48093,2007-11-06,0.01,97.45,3.39,11.44,-2.24,-2.09,16.95,6.77,10.18,11.87,5.52,8.42,2.6,5.82,7.75,11.55,5.23,6.31,0.0
55099,2004-04-24,2.99,96.81,2.99,3.3,-3.66,-3.58,10.73,-3.77,14.5,3.91,4.37,6.17,3.05,3.11,6.54,7.85,5.15,2.7,
45059,2004-10-27,0.08,99.92,11.31,17.93,15.74,15.74,24.8,12.35,12.45,17.88,1.61,2.31,1.09,1.22,3.24,4.41,2.4,2.01,
8009,2003-04-21,0.28,86.63,4.18,13.1,-0.73,-0.68,22.01,3.3,18.71,14.26,6.44,9.58,3.01,6.56,8.86,12.2,5.29,6.91,
10001,2003-09-08,0.12,101.44,12.01,21.14,16.99,16.99,26.48,16.17,10.31,21.07,2.88,4.22,1.59,2.63,4.43,7.21,2.34,4.86,
18145,2013-06-29,8.66,97.11,12.98,19.92,17.6,17.6,22.76,17.31,5.45,20.2,2.48,3.1,1.95,1.15,3.91,5.3,2.74,2.56,
27047,2000-07-19,0.48,97.69,8.58,15.7,11.32,11.32,20.75,10.76,9.98,16.73,1.92,2.58,1.11,1.47,2.76,4.61,1.4,3.2,
48447,2009-01-10,0.0,97.76,2.06,2.22,-8.23,-7.95,7.41,-0.95,8.36,2.22,6.71,9.89,1.15,8.75,8.8,12.91,1.63,11.28,
13315,2004-07-13,1.72,100.34,16.62,28.94,22.07,22.07,34.46,23.31,11.15,29.61,2.59,3.6,1.7,1.9,4.17,6.77,2.79,3.97,0.6483
13245,2008-08-10,0.21,99.77,11.48,28.27,15.76,15.76,35.5,22.28,13.21,29.23,2.93,3.88,1.9,1.98,4.71,5.73,3.68,2.06,
27025,2004-01-19,0.02,98.77,0.57,-19.28,-21.9,-21.32,-14.32,-24.73,10.4,-18.84,2.7,4.96,0.94,4.02,3.33,6.4,0.97,5.43,
51595,2007-01-25,0.01,100.6,2.95,0.17,-3.4,-3.35,5.64,-3.39,9.03,0.13,3.21,4.53,1.94,2.58,6.03,8.19,2.85,5.34,
6005,2015-05-15,1.49,94.65,6.42,11.71,6.52,6.52,17.28,7.23,10.05,12.43,2.5,4.64,0.42,4.22,3.44,5.75,0.75,4.99,
38031,2012-05-17,0.0,94.75,7.49,22.16,8.65,8.66,32.23,12.23,20.0,23.01,3.69,7.86,1.0,6.86,5.62,11.62,1.12,10.51,
39023,2008-04-17,0.0,98.2,8.29,13.87,10.62,10.62,21.43,5.32,16.1,13.57,4.34,5.72,3.07,2.65,7.18,8.23,4.88,3.34,
39125,2016-01-30,0.0,97.71,4.5,2.63,1.48,1.48,9.56,-3.33,12.89,1.54,5.76,8.23,3.31,4.92,8.74,10.48,5.56,4.92,
55111,2000-06-11,2.66,98.15,14.14,22.22,18.98,18.98,26.65,14.67,11.98,22.46,3.76,5.99,2.2,3.79,5.38,8.48,3.08,5.4,
45073,2016-10-30,0.0,96.09,7.68,18.44,9.4,9.41,27.45,11.96,15.49,18.36,1.9,2.43,1.29,1.14,4.76,6.01,2.43,3.59,
13255,2010-05-29,7.56,98.46,14.89,22.59,19.97,19.97,26.88,18.97,7.9,22.68,2.09,3.33,1.17,2.15,4.02,5.04,2.82,2.22,
47045,2009-12-15,0.0,101.64,2.81,-0.21,-3.93,-3.88,3.82,-4.89,8.71,-0.02,5.9,8.92,3.77,5.15,8.29,10.99,6.75,4.23,0.0
5101,2002-04-13,2.93,97.55,12.07,19.34,16.46,16.46,24.78,14.75,10.03,19.08,1.31,2.14,0.4,1.74,2.82,4.56,0.8,3.76,
40007,2005-02-12,1.75,92.06,7.17,10.51,7.77,7.77,15.81,7.28,8.53,10.36,7.51,10.16,4.6,5.57,10.18,12.61,7.99,4.62,
39085,2005-11-11,0.0,99.13,4.63,7.32,2.51,2.53,9.89,4.37,5.53,9.18,4.32,5.33,3.47,1.86,5.82,7.4,4.55,2.85,
51690,2009-07-09,1.88,98.14,11.69,21.13,16.06,16.06,25.83,17.32,8.51,21.18,1.89,2.56,1.07,1.49,3.48,4.92,2.35,2.57,
30015,2004-05-19,8.53,89.59,6.33,13.34,5.47,5.48,20.59,6.87,13.72,14.46,3.81,5.72,2.26,3.45,5.22,7.0,2.63,4.37,
6055,2016-08-07,0.0,98.31,5.33,22.83,3.86,3.93,34.72,12.27,22.45,24.79,1.72,3.01,0.14,2.87,2.32,5.3,0.11,5.19,
55003,2015-11-04,0.19,98.15,7.83,10.82,9.93,9.93,15.01,7.82,7.2,10.06,2.32,4.08,1.69,2.39,3.97,7.3,2.86,4.44,
13211,2010-09-25,2.7,99.14,12.98,26.53,17.81,17.81,35.02,19.1,15.92,26.49,1.33,1.73,0.97,0.76,3.08,4.57,2.11,2.45,
18015,2003-02-27,0.02,99.14,1.92,-5.61,-8.99,-8.91,1.33,-13.17,14.5,-5.33,3.37,4.97,2.31,2.66,4.84,5.58,3.76,1.81,
12113,2003-08-27,2.54,101.17,18.83,27.36,24.23,24.23,30.36,25.02,5.35,27.3,1.47,2.16,0.7,1.46,2.4,4.07,1.23,2.84,
12079,2012-02-14,2.53,101.48,7.28,12.22,7.72,7.74,18.85,2.88,15.97,11.88,2.59,3.85,0.78,3.06,4.6,6.84,1.27,5.57,3.8812
46105,2004-05-22,11.9,92.01,8.28,13.49,9.9,9.9,17.81,9.94,7.88,14.39,4.67,5.97,2.91,3.06,5.96,7.52,3.47,4.06,
56041,2009-12-03,0.03,76.05,0.84,-14.06,-20.28,-19.45,-7.95,-17.47,9.51,-14.4,1.99,3.42,0.43,2.99,3.12,4.21,0.51,3.7,
27083,2008-03-24,0.11,96.5,2.77,0.13,-5.2,-5.1,6.77,-6.63,13.4,-0.11,7.74,12.36,1.74,10.62,10.5,15.32,2.91,12.41,
12033,2005-02-16,0.05,101.11,11.44,18.0,16.24,16.24,22.73,14.35,8.38,17.83,2.45,3.2,1.99,1.21,4.6,5.63,3.58,2.05,
48263,2002-11-25,0.0,94.53,2.57,2.22,-5.87,-5.75,6.9,-1.4,8.3,3.32,5.0,8.24,2.43,5.82,6.4,10.76,3.75,7.01,
16081,2000-09-11,0.92,80.0,6.0,11.55,3.19,3.2,19.32,4.49,14.83,11.26,2.57,4.25,0.94,3.31,4.08,5.9,1.37,4.54,
36069,2009-04-07,1.19,95.93,2.79,-1.31,-4.67,-4.62,0.76,-3.18,3.93,-0.92,4.57,5.41,3.08,2.33,7.66,8.83,5.65,3.18,0.0
45029,2005-11-11,0.0,101.98,4.36,12.26,1.8,1.86,18.32,7.25,11.07,13.21,3.53,5.02,2.19,2.82,5.0,7.78,2.8,4.98,
27025,2015-11-21,0.0,98.59,1.53,-6.07,-11.38,-11.1,-3.48,-8.18,4.7,-5.85,3.43,4.84,0.76,4.08,4.6,5.66,1.12,4.54,
31019,2002-12-18,0.0,92.15,3.47,2.22,-2.46,-2.42,9.16,-1.37,10.53,1.74,5.44,7.5,3.87,3.63,8.71,9.6,6.95,2.65,
54039,2015-11-10,3.35,97.55,6.82,8.92,7.86,7.86,9.88,6.94,2.93,8.91,1.75,2.52,1.11,1.41,3.74,4.56,2.96,1.6,0.5609000000000001
13127,2001-09-16,0.0,101.53,10.77,21.62,15.31,15.32,24.35,18.49,5.86,24.04,4.3,7.51,1.67,5.84,5.14,9.35,1.84,7.51,
55053,2007-12-03,0.01,98.75,1.55,-10.16,-11.24,-11.19,-7.21,-14.15,6.93,-11.45,4.18,9.05,0.28,8.77,5.37,11.67,0.4,11.27,
5141,2016-08-04,0.74,97.87,16.23,29.78,21.22,21.22,36.68,23.43,13.24,29.83,1.21,1.87,0.73,1.15,2.85,4.79,1.17,3.62,
39149,2000-10-24,1.38,99.22,10.82,17.6,15.09,15.09,22.8,14.37,8.42,17.34,2.47,3.51,1.71,1.8,4.05,5.19,2.87,2.32,0.0
20129,2003-09-21,2.39,89.75,8.3,19.3,9.06,9.07,26.66,13.68,12.98,20.64,2.94,5.13,0.27,4.86,4.73,9.36,0.55,8.81,
26027,2016-11-01,0.0,98.4,9.87,16.18,13.4,13.4,22.61,9.29,13.32,15.53,5.02,7.34,3.01,4.33,7.93,9.4,6.14,3.26,0.0
42091,2007-10-17,0.03,100.59,10.2,18.1,14.37,14.37,25.61,12.52,13.09,18.08,2.03,2.62,1.48,1.14,4.22,5.73,3.21,2.52,
27085,2001-11-01,0.01,96.74,5.2,11.82,3.06,3.12,18.61,7.52,11.09,11.3,6.04,9.16,4.17,4.99,9.34,12.27,5.53,6.74,
48019,2015-09-25,2.27,96.33,11.19,26.55,15.04,15.04,33.44,20.89,12.54,28.06,2.09,3.16,1.07,2.09,3.18,5.05,1.82,3.23,
39165,2008-06-10,6.6,98.5,13.9,22.96,18.69,18.69,25.96,18.81,7.15,22.34,3.39,5.86,1.28,4.57,5.33,7.99,1.88,6.1,0.0
45075,2013-05-23,1.07,100.79,14.54,24.0,19.98,19.98,28.97,19.27,9.7,24.2,2.53,3.74,1.78,1.96,4.57,6.96,2.44,4.52,
26015,2010-05-24,0.01,99.0,13.87,22.61,18.8,18.8,29.46,15.92,13.54,22.69,4.09,5.03,3.17,1.86,6.08,9.08,3.87,5.21,
20125,2003-10-27,0.03,97.89,5.29,10.16,4.18,4.19,17.42,3.3,14.12,10.3,4.22,5.92,2.43,3.5,6.74,9.63,4.12,5.51,
17027,2002-03-18,2.22,100.34,5.17,6.66,4.29,4.29,10.61,3.25,7.36,7.05,3.3,4.3,1.59,2.71,4.73,6.74,2.5,4.24,
35047,2001-02-24,0.07,82.09,2.44,3.53,-8.57,-8.31,7.95,-0.97,8.92,3.8,9.58,15.3,4.51,10.79,12.98,18.41,7.17,11.24,
27093,2001-12-24,0.01,97.83,1.08,-11.49,-15.17,-14.83,-6.91,-14.24,7.33,-11.28,7.97,10.09,4.75,5.34,9.91,12.02,6.21,5.82,
30039,2007-01-03,6.98,79.33,4.38,-0.79,-1.3,-1.3,0.8,-4.48,5.28,-0.91,3.93,5.76,2.74,3.02,7.3,10.39,5.24,5.15,
29033,2012-08-09,1.31,98.39,12.19,25.74,16.7,16.71,32.8,19.78,13.02,27.15,4.0,6.6,1.46,5.14,5.76,8.25,2.91,5.34,
17051,2010-06-30,0.0,100.16,10.82,19.9,15.21,15.21,25.3,14.33,10.97,20.16,3.14,3.68,2.57,1.11,4.99,6.48,3.51,2.98,
21117,2000-06-13,1.47,98.82,13.92,26.24,18.94,18.94,32.28,20.9,11.38,26.25,2.56,3.91,1.59,2.32,5.49,6.64,3.53,3.11,0.9963
38037,2012-09-14,0.0,94.3,4.33,15.97,0.92,0.97,24.64,7.18,17.45,17.5,2.75,5.4,0.29,5.11,4.86,9.97,0.26,9.71,
29099,2009-11-26,0.01,99.21,3.61,2.27,-0.84,-0.82,6.65,-2.65,9.3,2.22,3.35,4.67,1.98,2.69,6.22,7.18,4.72,2.46,
48245,2003-06-14,11.06,101.15,18.57,26.68,24.01,24.01,29.15,24.83,4.32,27.01,3.65,4.73,2.91,1.83,5.0,5.82,4.51,1.31,
6047,2015-01-10,0.0,99.28,7.42,11.88,9.39,9.39,16.89,8.52,8.37,10.43,1.24,1.93,0.5,1.42,1.75,3.15,0.73,2.42,
48363,2014-03-17,0.0,97.12,2.87,9.04,-4.18,-4.02,18.81,-1.26,20.07,10.46,4.2,8.31,1.93,6.38,6.49,11.43,2.25,9.18,
6043,2009-08-16,0.0,84.04,3.03,18.77,-5.5,-5.29,28.7,9.07,19.63,18.59,2.54,3.84,1.4,2.44,3.67,4.33,1.69,2.64,
1063,2000-12-28,37.64,100.47,4.32,2.26,1.62,1.62,5.05,-3.08,8.13,2.14,2.73,3.71,1.73,1.98,4.98,6.25,3.27,2.98,
42001,2007-04-19,0.0,98.88,5.89,9.27,5.94,5.94,13.97,3.53,10.44,8.85,1.99,2.86,0.67,2.2,3.06,4.49,1.0,3.49,
20087,2004-11-05,0.3,98.42,4.27,8.16,0.6,0.65,17.18,0.05,17.13,7.16,5.39,8.95,1.73,7.22,8.32,11.35,2.56,8.79,
31027,2004-08-22,9.27,95.73,10.59,25.33,14.03,14.03,34.01,18.03,15.98,26.27,4.05,9.49,0.31,9.18,5.95,13.58,0.42,13.16,
51045,2007-06-04,2.36,93.66,11.04,18.84,14.49,14.49,24.91,13.48,11.43,18.86,2.17,3.11,1.48,1.62,4.78,6.13,3.51,2.63,
27003,2004-03-21,0.0,100.08,1.41,-3.77,-12.16,-11.67,0.67,-7.18,7.86,-2.26,4.97,6.53,2.23,4.29,6.58,8.31,4.26,4.06,
18167,2011-03-27,0.0,99.75,2.53,0.5,-5.39,-5.29,6.29,-4.67,10.96,1.23,4.82,6.66,3.39,3.27,6.95,8.26,5.86,2.4,
12073,2013-10-04,0.0,101.44,16.46,25.3,22.04,22.04,30.29,21.33,8.96,25.42,1.47,2.26,0.44,1.83,2.74,4.63,0.83,3.79,
37125,2012-08-05,5.79,100.92,16.82,26.81,22.36,22.36,31.52,22.18,9.34,27.08,2.6,3.69,1.68,2.0,4.59,5.3,3.13,2.17,
31047,2005-08-12,20.08,92.88,13.6,21.46,17.61,17.61,24.88,17.86,7.02,21.89,3.37,4.97,1.78,3.19,4.8,6.02,3.49,2.53,
5101,2003-11-14,10.09,98.2,4.46,6.65,1.71,1.73,10.67,4.23,6.45,6.68,1.61,2.81,0.57,2.25,3.04,4.87,1.34,3.54,
41015,2009-11-05,17.66,97.26,8.34,12.45,10.79,10.79,13.16,11.39,1.76,11.66,7.88,9.24,5.24,3.99,11.62,13.66,8.27,5.39,
47069,2015-12-12,0.0,100.1,11.9,18.14,16.71,16.7,21.92,15.53,6.39,17.91,3.39,4.31,2.47,1.84,6.4,7.98,5.35,2.63,
54025,2012-03-24,27.52,93.26,10.13,14.22,13.11,13.11,17.39,11.65,5.74,14.2,1.61,2.75,0.66,2.09,3.15,4.66,1.45,3.21,
13071,2000-11-27,0.5,100.9,5.75,9.73,5.91,5.91,17.38,5.56,11.83,9.77,3.12,5.23,1.8,3.43,5.2,7.2,2.1,5.1,
21111,2013-05-05,20.72,98.8,7.89,11.55,10.24,10.24,12.5,10.22,2.29,11.54,4.62,6.06,3.56,2.5,6.85,8.26,5.49,2.76,
18099,2005-03-10,3.32,97.58,2.79,-2.72,-4.94,-4.89,1.48,-8.31,9.78,-2.77,6.37,9.16,1.9,7.26,8.52,11.65,3.03,8.62,
48317,2007-01-11,0.08,91.9,6.56,11.35,6.31,6.31,17.86,6.14,11.73,10.97,6.64,8.0,3.66,4.34,9.3,11.11,7.26,3.85,
21025,2016-03-20,0.01,97.83,3.44,3.44,-1.71,-1.67,9.58,-1.26,10.84,3.51,1.95,3.56,0.67,2.89,3.68,5.85,0.98,4.87,
40107,2014-03-10,0.0,98.48,5.51,12.28,4.85,4.87,23.27,3.16,20.11,12.22,5.8,7.25,4.6,2.64,8.94,10.96,7.17,3.79,
47115,2008-07-28,0.74,96.89,14.06,27.94,18.79,18.79,34.41,20.94,13.46,27.54,1.26,1.76,0.22,1.53,2.15,3.22,0.32,2.9,
9009,2011-01-17,0.1,101.9,1.49,-9.68,-11.56,-11.48,-6.15,-12.93,6.78,-7.8,3.3,4.09,1.84,2.24,4.81,6.48,2.23,4.25,
36023,2011-02-06,0.4,97.38,2.88,-3.56,-4.15,-4.14,-0.51,-7.6,7.09,-3.79,3.46,7.77,1.44,6.32,5.65,11.64,3.11,8.53,
47133,2012-05-28,0.11,96.99,14.76,24.81,19.58,19.58,30.52,19.12,11.4,24.81,1.4,2.23,0.11,2.12,3.17,5.88,0.26,5.62,
48097,2015-12-07,0.0,99.26,5.73,9.39,5.53,5.54,16.47,3.83,12.64,7.18,2.66,4.56,0.38,4.18,4.35,9.54,0.54,9.0,
39037,2000-04-12,0.23,99.46,3.48,3.74,-1.31,-1.27,9.43,-0.66,10.08,5.24,3.25,3.96,2.18,1.78,4.65,6.22,3.25,2.98,
48391,2005-07-17,5.12,101.14,19.66,29.02,24.94,24.94,32.21,26.8,5.41,29.21,4.5,5.56,3.12,2.44,6.41,7.46,5.29,2.17,
39021,2015-09-02,1.93,98.13,15.05,24.6,20.09,20.09,29.85,19.71,10.13,24.83,2.44,3.09,1.83,1.26,3.94,5.22,2.49,2.72,
27035,2008-11-17,0.06,98.37,1.78,-6.73,-9.78,-9.65,-3.99,-11.01,7.02,-6.76,5.65,7.62,2.11,5.51,7.56,9.15,3.62,5.53,
5079,2008-12-07,0.0,101.8,3.37,2.64,-1.47,-1.43,9.39,-2.45,11.84,2.66,2.28,2.9,1.26,1.64,4.61,6.62,1.58,5.04,
48415,2003-06-02,1.27,93.22,11.3,26.93,14.59,14.59,33.8,21.09,12.71,28.36,3.91,5.2,2.67,2.52,5.89,8.27,3.66,4.61,
1119,2015-09-23,0.05,100.89,12.09,24.75,17.05,17.05,32.8,18.38,14.42,25.04,1.95,2.69,1.39,1.29,3.99,4.95,3.09,1.87,
47089,2016-02-19,0.0,96.3,5.32,6.63,3.91,3.91,13.39,0.15,13.24,6.41,4.0,5.39,2.98,2.41,7.62,9.15,5.52,3.63,
51047,2002-09-29,0.0,100.84,8.89,18.23,12.29,12.29,26.08,12.06,14.02,18.3,1.52,1.89,1.24,0.66,3.42,5.19,1.96,3.23,
20055,2005-08-07,0.79,91.62,12.16,27.9,15.65,15.65,34.59,20.82,13.77,29.26,4.95,5.74,3.81,1.93,6.9,9.05,5.58,3.47,
42023,2012-10-17,0.0,95.17,4.97,9.4,2.91,2.93,16.68,1.47,15.2,8.76,1.75,2.22,0.94,1.28,3.71,5.7,1.5,4.2,
55065,2006-10-12,0.33,97.11,2.37,0.1,-6.5,-6.37,2.35,-1.95,4.3,0.3,7.35,9.75,4.48,5.27,10.03,12.42,6.26,6.15,
18183,2005-10-24,0.97,98.33,4.91,6.48,3.29,3.3,10.94,3.61,7.33,6.79,6.16,7.83,4.66,3.17,8.32,9.85,6.6,3.24,
48289,2003-08-28,2.46,100.23,17.76,27.99,23.12,23.12,32.57,24.37,8.21,28.28,2.89,3.47,2.09,1.38,4.75,6.64,3.29,3.34,
45035,2002-05-01,5.1,100.76,13.59,24.58,18.85,18.85,31.36,18.53,12.83,25.11,3.22,5.14,1.73,3.42,5.44,7.41,3.73,3.68,
1059,2011-11-29,3.26,99.09,4.04,1.99,0.71,0.72,4.55,0.67,3.88,2.07,2.67,3.44,1.86,1.58,4.6,5.69,3.39,2.3,0.9896
40073,2016-09-04,0.0,97.15,13.79,26.6,18.46,18.46,32.67,19.91,12.76,27.25,6.73,7.92,4.94,2.98,9.11,10.48,7.31,3.18,
38035,2000-10-27,0.05,98.87,2.87,1.27,-3.92,-3.85,7.67,-3.11,10.78,1.62,4.82,6.95,3.02,3.93,6.9,9.29,5.01,4.29,
19161,2003-08-29,0.0,97.24,7.67,23.37,9.56,9.57,30.8,17.05,13.75,24.36,4.77,7.23,2.35,4.87,6.47,8.96,4.02,4.94,
51007,2015-02-01,0.1,101.08,3.55,2.77,-1.09,-1.05,8.35,-2.41,10.76,2.37,1.86,4.44,0.17,4.27,3.9,8.86,0.26,8.61,
8087,2012-01-19,0.0,85.13,3.26,4.79,-4.2,-4.14,13.56,0.93,12.64,2.81,4.1,5.35,2.96,2.39,7.19,10.68,3.75,6.93,
29223,2003-05-23,0.45,99.65,7.87,16.05,10.14,10.15,22.17,8.51,13.66,15.48,2.12,2.58,1.48,1.1,3.72,5.14,1.98,3.16,
46041,2003-06-11,1.45,93.82,9.33,19.48,11.86,11.87,26.01,12.47,13.54,20.38,5.18,8.53,0.77,7.76,7.04,10.0,1.31,8.69,
31125,2000-12-18,0.89,95.96,1.17,-10.91,-15.08,-14.65,-6.08,-15.59,9.5,-10.96,11.98,14.63,4.05,10.59,15.38,18.12,6.05,12.07,
8015,2013-07-03,0.63,70.38,6.54,14.13,2.42,2.44,23.43,4.46,18.98,15.8,3.07,5.48,0.65,4.82,3.92,6.69,1.04,5.64,
48349,2016-03-26,0.0,99.74,8.52,14.85,11.42,11.42,21.89,7.59,14.3,15.04,3.55,4.72,2.75,1.97,5.6,8.82,4.17,4.64,
46103,2001-06-24,0.25,90.75,9.85,29.2,12.07,12.07,40.09,17.56,22.53,30.22,2.25,3.92,0.15,3.77,4.02,8.06,0.23,7.82,
39047,2014-07-26,1.01,97.91,12.53,24.11,16.8,16.8,30.85,15.74,15.12,24.52,3.7,5.89,2.13,3.76,5.87,7.74,3.13,4.61,
48455,2005-07-05,0.4,100.27,14.65,31.94,19.88,19.88,39.39,25.12,14.27,32.93,1.51,2.26,0.21,2.05,2.82,4.36,0.3,4.06,2.1396
35003,2004-06-01,0.0,77.4,3.22,18.96,-5.64,-5.47,28.96,7.88,21.09,20.03,3.08,4.36,1.48,2.88,4.5,5.97,1.71,4.26,3.1627
20157,2004-12-30,0.08,95.19,5.53,8.86,4.11,4.12,15.03,3.08,11.95,8.1,6.96,10.37,3.82,6.55,10.52,13.97,4.45,9.52,
48399,2007-07-11,0.0,95.42,16.03,26.1,20.65,20.65,30.1,21.65,8.45,26.54,3.05,5.4,1.88,3.52,4.75,8.62,2.59,6.03,
21225,2013-10-20,0.0,100.08,4.98,9.85,3.65,3.66,17.71,3.64,14.07,9.75,4.49,6.71,3.29,3.43,7.47,8.28,6.37,1.91,
40053,2012-09-04,3.92,96.85,12.88,32.04,17.39,17.39,38.85,27.12,11.72,32.65,3.28,4.41,1.4,3.0,5.12,7.75,1.64,6.11,5.0
19049,2008-06-12,26.29,96.99,11.17,19.6,15.1,15.1,24.23,14.67,9.56,19.31,3.22,6.21,1.61,4.59,4.55,8.49,2.39,6.1,
48045,2011-02-13,0.0,91.11,2.89,8.85,-5.08,-4.92,21.93,0.18,21.75,7.65,5.16,6.46,3.75,2.71,8.65,10.82,4.52,6.3,
6069,2002-12-19,21.55,96.68,5.59,5.71,4.71,4.71,10.12,1.11,9.01,5.05,6.39,13.69,2.23,11.46,9.39,17.82,4.14,13.68,
48229,2012-01-10,0.05,86.86,3.1,2.42,-4.59,-4.52,11.1,-4.1,15.19,2.17,5.23,8.01,3.5,4.51,7.9,9.26,6.56,2.7,3.7129
48493,2003-02-12,0.5,99.89,11.89,17.81,16.6,16.6,23.55,12.88,10.67,17.79,3.25,5.31,1.6,3.71,5.01,8.22,2.74,5.48,
31097,2003-04-01,0.0,96.11,5.97,17.16,5.71,5.72,29.01,7.3,21.72,17.13,6.82,7.69,5.5,2.19,9.87,11.89,7.35,4.53,4.0
8039,2013-10-29,0.67,81.43,4.08,4.38,-1.88,-1.86,15.4,-2.18,17.59,5.22,2.95,6.49,1.2,5.29,4.16,8.18,1.77,6.41,0.2263
29103,2011-04-04,2.25,97.81,4.14,6.35,0.54,0.58,9.66,0.23,9.43,6.51,8.7,11.6,4.04,7.56,11.96,15.08,8.0,7.08,
42119,2004-03-21,0.28,97.44,3.24,0.97,-2.89,-2.84,4.18,-4.09,8.27,0.95,4.63,6.3,2.35,3.95,8.13,10.41,4.76,5.65,
26083,2008-10-14,0.25,99.51,5.23,8.59,4.3,4.31,9.4,7.62,1.79,9.35,8.6,14.19,4.67,9.52,9.89,16.85,5.39,11.46,1.0
30043,2003-12-25,1.0,81.38,3.18,-2.97,-5.08,-5.06,0.93,-6.19,7.12,-3.72,1.98,2.73,1.46,1.27,3.5,4.29,2.54,1.75,
55023,2015-04-26,0.0,98.09,3.84,6.77,-0.29,-0.25,15.02,-2.07,17.09,7.61,3.61,4.57,2.65,1.92,5.71,8.19,3.28,4.91,
45017,2005-03-13,0.0,99.92,8.74,16.53,11.75,11.75,23.68,9.41,14.27,16.32,5.8,6.6,5.08,1.52,9.11,10.83,7.54,3.3,
51077,2004-03-18,2.12,92.56,5.75,5.56,4.38,4.38,10.28,-1.84,12.12,5.58,2.31,3.8,1.37,2.44,5.05,7.72,3.17,4.55,
30105,2009-03-18,0.0,93.61,2.28,2.21,-7.4,-7.22,9.05,-2.59,11.64,2.5,2.79,4.32,0.47,3.85,4.11,6.9,0.79,6.11,
22121,2008-08-08,15.96,101.17,17.85,27.23,23.36,23.37,31.07,23.81,7.26,27.62,2.17,2.64,1.49,1.15,3.37,4.91,2.54,2.37,
40153,2000-11-24,0.61,94.76,4.19,3.87,0.47,0.49,7.2,1.02,6.18,3.64,5.29,7.39,2.36,5.03,7.24,9.19,4.31,4.88,
9011,2010-06-02,0.35,100.5,11.6,19.82,16.36,16.36,24.25,15.59,8.66,18.76,1.96,2.79,0.19,2.61,3.42,5.04,0.46,4.58,
26055,2012-06-18,25.66,97.71,12.69,19.59,17.06,17.06,23.86,15.45,8.41,18.33,7.86,10.75,4.39,6.36,11.36,15.89,7.23,8.66,
6093,2014-05-24,0.0,88.14,7.23,14.19,7.12,7.12,21.36,8.76,12.6,14.39,1.8,3.2,1.13,2.07,2.99,4.6,1.85,2.75,
45063,2016-05-25,0.04,101.03,12.19,23.05,17.2,17.2,29.62,15.47,14.14,23.32,2.18,2.77,1.41,1.36,3.67,5.87,1.6,4.27,
55025,2013-04-25,0.36,98.81,3.96,5.05,0.36,0.38,10.33,0.74,9.59,5.6,5.11,7.59,2.64,4.94,7.15,9.36,4.78,4.58,
6037,2014-01-28,0.0,95.29,4.19,14.49,-0.0,0.11,23.98,7.94,16.04,14.46,2.47,4.17,0.88,3.29,3.84,5.92,1.27,4.65,3.6714
21153,2013-09-22,0.0,97.48,7.3,15.32,8.88,8.88,23.36,8.92,14.44,15.35,1.54,1.76,1.22,0.54,3.64,5.37,2.24,3.13,
13313,2014-08-27,0.0,97.47,10.12,24.35,13.7,13.7,32.74,15.4,17.34,23.68,1.26,1.73,0.09,1.64,2.44,4.67,0.04,4.63,
42049,2010-05-23,2.56,99.11,10.71,18.12,14.91,14.91,21.65,14.22,7.43,17.16,1.33,2.47,0.17,2.3,2.25,4.62,0.23,4.39,
21135,2011-11-28,20.08,97.85,8.7,11.91,11.25,11.25,15.74,7.83,7.91,11.89,3.07,4.26,1.82,2.45,5.5,8.05,3.56,4.49,
36095,2007-06-04,17.51,95.9,10.63,15.44,14.25,14.25,17.75,12.12,5.63,15.43,1.79,2.8,0.37,2.44,3.6,5.71,0.68,5.03,
12121,2005-11-16,0.57,101.59,11.88,21.8,16.62,16.62,29.27,15.96,13.3,21.95,2.51,3.45,1.51,1.95,4.57,5.6,2.68,2.92,
26095,2005-10-05,18.2,98.85,11.65,17.89,16.09,16.09,19.55,15.9,3.66,16.75,4.32,7.35,0.43,6.92,7.03,12.02,0.08,11.94,
18153,2013-07-20,18.05,99.05,18.21,25.48,23.31,23.32,28.39,22.27,6.11,25.36,2.86,4.81,0.31,4.5,4.28,7.49,0.42,7.06,
42031,2005-08-06,0.0,96.68,7.59,21.98,9.11,9.12,30.34,14.5,15.84,21.86,1.06,1.36,0.41,0.95,2.62,4.53,0.69,3.85,
13271,2009-08-19,4.77,100.91,18.13,27.09,23.58,23.58,31.21,23.18,8.03,27.3,2.16,2.79,1.66,1.13,3.73,4.89,2.46,2.43,
51161,2013-03-11,8.55,94.82,6.69,8.13,6.86,6.86,11.77,1.96,9.81,8.14,3.25,4.21,1.74,2.47,6.31,8.11,3.84,4.27,
48287,2015-02-07,0.0,100.58,7.16,11.24,8.9,8.9,18.72,4.7,14.03,11.34,5.4,7.56,3.72,3.84,7.96,9.8,5.43,4.38,
53017,2010-01-27,0.04,93.68,2.64,-3.79,-5.76,-5.73,1.46,-7.97,9.44,-4.66,2.69,3.39,1.63,1.76,4.04,4.79,2.84,1.95,
22051,2009-01-24,0.54,102.06,10.21,16.26,14.59,14.59,20.36,12.47,7.89,15.6,3.41,4.62,1.97,2.65,4.89,5.98,3.03,2.95,
47083,2016-01-17,0.0,99.89,2.46,-2.46,-6.03,-5.93,2.84,-8.15,10.99,-2.1,3.33,4.91,1.75,3.16,5.17,7.3,2.87,4.43,
53045,2008-01-22,0.0,99.02,2.5,-1.52,-5.8,-5.71,3.67,-4.14,7.81,-2.41,1.22,1.79,0.44,1.36,2.25,3.97,0.85,3.12,0.0
27063,2012-07-07,0.08,97.04,11.39,23.95,15.49,15.49,28.86,19.69,9.18,25.17,5.49,6.74,2.43,4.31,7.16,8.42,5.45,2.97,
40073,2009-08-14,0.2,97.25,13.65,27.12,18.39,18.39,33.56,20.49,13.08,27.95,5.31,5.97,4.44,1.52,7.3,8.61,5.69,2.92,
38091,2000-09-12,0.03,96.68,4.73,15.69,2.42,2.46,26.16,6.37,19.79,15.49,5.36,9.41,2.6,6.81,8.14,11.81,4.69,7.12,0.0
22007,2009-09-22,20.3,101.44,19.65,27.6,25.0,25.0,30.39,25.56,4.83,27.68,2.66,3.39,0.94,2.44,3.71,5.09,1.5,3.6,0.3285
39087,2001-01-23,0.08,99.41,2.77,-3.63,-4.5,-4.49,1.34,-8.85,10.19,-4.87,1.73,2.13,1.18,0.95,3.51,5.9,1.66,4.24,0.9084
8077,2001-08-19,0.02,79.27,7.0,22.22,5.09,5.1,31.52,12.82,18.7,22.38,2.65,3.99,1.06,2.93,3.8,5.17,2.07,3.09,
48437,2001-05-27,2.39,89.0,11.0,25.07,13.48,13.48,33.72,17.28,16.45,25.69,4.97,7.09,2.75,4.34,6.98,8.53,5.24,3.29,
21087,2002-06-12,12.0,98.68,16.37,23.94,21.51,21.51,28.1,20.42,7.69,23.93,2.66,4.24,1.56,2.68,4.5,5.77,3.33,2.45,
55015,2007-07-24,1.59,98.69,13.75,23.73,18.71,18.71,28.0,19.52,8.48,23.91,2.8,3.87,1.68,2.19,4.32,6.69,2.81,3.88,1.0
29033,2005-02-10,0.0,99.71,2.47,-2.4,-5.7,-5.65,3.12,-6.45,9.57,-2.5,2.73,4.56,1.57,2.99,3.87,8.54,2.52,6.02,
20161,2005-02-28,0.01,97.1,2.14,-2.12,-7.81,-7.65,2.51,-6.06,8.57,-1.56,6.11,10.16,2.87,7.3,8.52,12.07,5.39,6.69,
17079,2015-04-05,0.0,99.89,4.82,8.97,2.97,2.98,16.56,1.03,15.54,8.7,5.09,6.93,4.03,2.9,8.36,10.07,5.73,4.34,
35011,2013-10-23,0.0,86.88,3.71,14.67,-2.33,-2.24,24.76,6.94,17.83,14.25,3.1,4.74,1.96,2.78,4.9,7.26,3.03,4.23,
47157,2015-12-24,2.14,100.19,9.16,14.57,12.42,12.42,21.78,8.15,13.63,14.0,3.34,4.42,2.46,1.96,5.89,7.31,4.71,2.6,
5149,2003-12-31,0.02,99.86,4.89,5.51,3.23,3.24,13.83,-1.42,15.25,5.51,1.94,2.46,1.2,1.26,4.64,5.93,1.85,4.08,
51530,2013-09-12,2.16,96.3,14.03,24.02,18.63,18.63,30.72,19.97,10.75,24.04,1.36,2.14,0.95,1.19,3.28,4.57,1.78,2.79,
20091,2013-08-19,0.0,98.43,12.78,23.02,17.5,17.5,29.45,15.99,13.46,23.43,3.05,3.93,2.34,1.59,4.69,6.82,3.08,3.74,
40007,2004-01-28,0.0,92.96,2.43,0.68,-6.84,-6.71,11.59,-4.26,15.85,0.29,3.19,4.83,1.47,3.35,5.06,8.12,2.28,5.84,
1021,2000-08-27,5.44,99.88,13.92,29.27,18.94,18.94,37.04,22.44,14.6,29.51,1.36,2.04,0.31,1.73,2.93,4.68,0.64,4.03,
19079,2002-10-30,0.14,98.29,4.04,2.48,0.57,0.58,4.98,-0.07,5.05,2.28,4.0,5.79,2.39,3.4,6.0,7.89,4.14,3.75,
30107,2002-10-01,0.66,85.29,3.21,0.14,-4.36,-4.33,4.0,-3.21,7.21,0.63,2.71,3.81,1.18,2.62,3.91,5.28,2.0,3.28,3.0546
12015,2013-09-01,7.98,101.33,17.97,26.92,23.51,23.51,30.15,24.03,6.12,27.08,1.39,2.24,0.41,1.82,2.04,3.95,0.51,3.44,
46081,2006-07-11,0.0,85.66,8.06,25.32,8.28,8.29,34.16,15.51,18.65,25.98,2.21,3.62,1.38,2.23,4.17,7.79,1.69,6.1,2.0
13299,2009-01-20,0.07,100.61,2.84,2.31,-4.31,-4.19,8.07,-2.94,11.01,2.47,4.71,5.98,2.49,3.49,7.51,8.86,5.21,3.65,0.0
27161,2001-01-27,0.14,98.49,1.59,-11.67,-12.41,-12.41,-1.98,-21.78,19.79,-13.05,5.7,9.02,2.72,6.3,8.39,10.93,3.92,7.01,
48411,2002-06-11,0.06,96.07,14.77,29.65,19.46,19.47,36.49,22.32,14.18,31.16,5.37,6.68,3.92,2.76,7.4,8.49,6.61,1.88,1.9907
20113,2010-12-01,0.0,96.7,2.12,-1.37,-7.9,-7.74,4.01,-5.62,9.63,-1.34,2.53,3.72,1.36,2.35,4.69,7.83,1.59,6.24,
42087,2003-02-25,0.05,97.99,1.74,-8.12,-10.15,-10.06,-5.95,-11.66,5.71,-8.74,2.67,3.63,1.62,2.01,4.82,7.08,2.35,4.73,0.0
5145,2007-10-20,0.37,99.95,7.71,16.12,9.95,9.95,24.93,9.21,15.71,15.69,3.39,5.44,1.9,3.54,6.13,8.42,2.87,5.55,
29201,2002-09-22,0.09,100.16,7.63,16.8,9.81,9.81,23.55,11.03,12.52,16.71,4.25,7.0,2.2,4.8,7.04,9.39,4.08,5.31,
5069,2003-09-13,5.21,100.46,14.15,24.96,19.33,19.34,30.54,20.02,10.52,25.27,3.93,5.9,2.22,3.68,6.27,9.16,4.74,4.43,
20165,2007-03-05,0.0,95.17,3.61,6.78,-1.58,-1.53,17.8,-2.0,19.8,6.91,3.7,4.78,2.31,2.47,6.15,9.16,2.73,6.43,
42005,2005-10-14,0.28,96.47,8.49,12.78,10.97,10.97,17.66,9.71,7.95,12.51,1.33,1.57,1.13,0.43,3.0,4.79,2.04,2.75,
30111,2006-09-08,0.02,88.29,4.68,21.05,1.01,1.06,29.65,13.74,15.91,22.17,2.71,4.13,0.94,3.19,4.21,7.6,1.41,6.18,
12047,2013-08-31,1.21,100.87,18.49,26.69,23.9,23.9,31.42,23.3,8.13,26.69,1.33,1.98,0.86,1.12,2.76,4.15,1.51,2.64,
47143,2013-01-05,0.72,97.85,3.28,1.05,-2.47,-2.43,7.8,-3.74,11.54,0.78,1.34,2.11,0.44,1.67,2.86,4.54,0.68,3.86,
5131,2011-11-07,12.09,98.88,11.36,17.77,15.77,15.77,22.55,14.57,7.98,17.62,3.29,4.77,2.13,2.64,6.19,8.22,4.39,3.83,
31163,2015-01-02,0.0,94.31,2.19,-5.89,-7.78,-7.74,-0.04,-8.96,8.92,-6.19,2.87,4.6,0.95,3.65,4.46,9.02,1.14,7.88,
34021,2010-08-29,0.01,101.36,9.18,25.01,12.79,12.79,35.18,15.62,19.55,24.99,2.22,2.71,1.61,1.1,4.22,5.76,2.43,3.32,
18019,2007-12-10,18.27,100.03,5.39,5.77,4.82,4.82,7.49,4.09,3.4,5.74,1.67,3.31,0.62,2.69,2.56,5.52,0.93,4.59,
40015,2013-11-01,0.0,96.53,4.8,13.11,2.71,2.73,20.5,8.26,12.23,12.41,4.33,8.46,0.75,7.71,6.67,10.68,1.09,9.58,
47083,2000-12-22,0.02,101.02,1.33,-8.9,-12.63,-12.39,-3.09,-13.61,10.51,-9.61,1.79,2.57,0.88,1.69,3.1,5.08,1.25,3.82,
13049,2016-03-16,0.07,101.11,12.71,22.23,17.89,17.89,28.95,16.36,12.59,22.28,2.56,3.69,1.84,1.85,5.3,6.09,4.47,1.63,
48305,2005-11-09,0.0,91.69,4.48,13.08,0.67,0.72,20.0,6.43,13.57,13.21,5.1,8.83,3.37,5.46,7.98,10.62,6.37,4.25,
37189,2010-12-29,0.83,93.01,2.71,-2.44,-5.61,-5.57,3.53,-7.67,11.21,-3.45,1.82,2.37,0.17,2.2,3.4,4.86,0.29,4.57,
31085,2011-11-14,0.0,89.52,2.65,7.38,-6.2,-6.0,15.4,0.61,14.79,6.74,7.19,10.34,4.99,5.35,10.96,13.26,6.52,6.74,
18093,2004-05-14,16.72,99.2,13.68,20.11,18.68,18.68,24.14,14.97,9.17,20.09,3.75,6.62,2.26,4.36,6.18,10.1,3.88,6.22,
1095,2016-09-04,0.02,98.95,12.4,26.11,17.12,17.12,33.96,19.5,14.46,26.53,2.17,3.36,1.44,1.92,4.36,5.61,3.04,2.57,
16057,2015-02-08,0.87,91.8,5.47,6.38,3.78,3.78,12.31,1.55,10.76,5.8,2.55,4.12,1.22,2.9,4.96,7.21,2.13,5.08,
33003,2014-11-30,0.19,97.88,3.44,-1.86,-2.07,-2.07,1.32,-10.04,11.36,-1.89,2.02,2.36,1.74,0.62,4.6,5.89,3.62,2.27,
28123,2010-03-25,10.17,99.65,9.35,15.23,12.67,12.67,21.78,10.3,11.48,15.19,3.65,5.49,2.19,3.3,6.96,9.45,4.55,4.9,
20015,2009-08-26,12.79,96.89,16.35,24.43,21.18,21.18,28.68,20.53,8.14,24.58,3.61,5.55,1.39,4.16,5.19,6.81,2.63,4.18,
47043,2002-11-02,0.88,100.19,3.51,3.9,-1.36,-1.3,10.09,-2.47,12.56,4.02,1.72,2.34,0.84,1.5,3.33,5.14,1.34,3.8,
12086,2015-01-04,0.26,102.33,15.81,25.5,21.57,21.57,26.51,24.79,1.72,25.62,5.77,7.93,3.45,4.48,6.81,9.55,4.15,5.4,
44001,2016-01-14,0.03,100.87,2.17,-3.49,-7.23,-7.13,-0.99,-6.16,5.17,-1.73,3.49,4.61,2.5,2.1,5.52,6.67,4.43,2.25,
46069,2014-11-25,1.28,95.1,2.88,-3.59,-4.49,-4.47,-0.15,-7.6,7.45,-4.0,3.7,7.46,1.66,5.81,5.78,9.75,3.28,6.47,1.0
20145,2001-03-03,0.0,93.5,3.45,3.63,-2.28,-2.24,12.37,-1.91,14.28,2.91,2.52,3.92,0.86,3.06,3.54,6.44,1.27,5.17,
29009,2002-01-08,0.06,97.05,3.75,1.4,-0.98,-0.96,8.0,-3.69,11.69,0.8,4.42,5.41,3.55,1.86,7.69,9.0,6.12,2.88,0.0
17039,2009-02-21,0.6,98.79,2.45,-2.85,-6.2,-6.11,0.23,-7.58,7.81,-2.67,10.08,13.72,6.81,6.91,12.88,16.56,9.72,6.84,
19141,2005-09-04,0.09,96.65,11.71,27.22,15.78,15.78,34.61,19.77,14.83,27.64,6.74,8.38,5.26,3.12,9.46,10.6,7.62,2.98,
12067,2009-01-13,13.87,101.67,6.61,10.23,7.87,7.88,12.99,7.48,5.51,10.74,3.16,4.14,2.0,2.14,4.33,5.42,2.93,2.5,0.8724
6089,2004-10-30,0.06,92.48,5.02,6.46,2.44,2.45,13.94,1.57,12.36,5.55,1.61,2.86,0.32,2.54,3.01,4.53,0.25,4.28,
51149,2002-02-25,0.0,101.69,3.79,6.13,0.02,0.06,15.72,-2.89,18.61,5.72,2.31,3.18,1.11,2.07,4.42,7.36,1.37,6.0,
8014,2002-08-24,0.15,77.77,6.41,18.33,2.52,2.58,27.15,10.16,17.0,19.68,1.5,2.68,0.35,2.34,1.87,3.76,0.47,3.29,
45077,2001-04-08,0.0,97.2,12.12,19.97,16.49,16.49,25.56,14.75,10.81,19.91,2.47,3.42,1.87,1.55,5.06,5.94,3.51,2.43,
48443,2003-09-26,1.95,91.93,12.18,23.88,15.44,15.44,30.94,19.08,11.86,24.57,3.33,6.51,1.28,5.23,4.51,7.66,2.07,5.59,
55053,2004-06-24,4.43,98.1,6.4,11.84,7.04,7.04,16.67,7.98,8.69,11.95,5.18,8.05,2.29,5.76,7.29,10.02,4.2,5.81,
51115,2016-01-02,0.0,101.97,4.13,5.99,1.32,1.34,9.57,2.91,6.66,7.63,4.4,5.59,3.04,2.55,5.96,7.95,3.5,4.45,
55129,2011-10-19,0.49,97.41,4.22,3.73,1.04,1.05,7.8,0.89,6.91,3.9,5.06,6.82,3.23,3.59,7.67,8.83,6.45,2.37,
13277,2013-11-30,0.0,101.82,5.02,8.39,3.63,3.65,16.47,2.79,13.67,8.58,4.27,6.12,2.9,3.22,6.76,8.12,5.55,2.57,
41023,2002-06-27,0.74,85.66,9.79,20.75,11.26,11.26,29.34,14.01,15.33,21.81,2.99,5.23,1.73,3.5,4.28,7.44,3.03,4.41,
26147,2016-04-13,0.03,100.38,3.48,2.83,-1.21,-1.18,7.95,-1.77,9.71,3.28,3.45,4.44,2.76,1.68,5.13,6.93,3.23,3.7,
37043,2004-09-20,0.0,93.91,7.04,13.16,7.71,7.71,21.52,5.97,15.55,13.16,1.89,2.29,1.32,0.97,4.34,5.78,2.96,2.83,
19059,2009-09-29,0.0,97.04,4.76,9.71,2.6,2.62,16.95,3.79,13.16,10.65,3.55,5.45,2.0,3.46,5.59,8.52,2.28,6.25,0.9026
38061,2011-01-25,0.23,93.93,2.83,-3.91,-4.78,-4.77,-0.27,-5.98,5.71,-4.41,4.96,6.15,2.7,3.45,7.21,8.95,4.55,4.4,0.0
1075,2000-02-08,0.05,101.3,4.39,6.89,2.08,2.1,16.03,0.23,15.8,6.64,1.92,2.51,0.96,1.55,3.85,5.51,1.21,4.3,2.0
36029,2004-12-14,1.31,98.47,1.85,-6.42,-9.27,-9.17,-5.27,-7.58,2.32,-4.97,4.42,4.81,3.83,0.97,6.59,7.36,6.03,1.33,0.0
38051,2001-06-11,4.69,93.94,8.92,18.73,10.9,10.9,23.56,11.77,11.79,18.91,5.63,9.97,2.05,7.92,8.08,11.89,2.93,8.96,
20199,2003-01-10,0.0,89.56,1.57,-4.69,-12.14,-11.83,-1.53,-7.07,5.54,-3.45,2.68,3.55,1.81,1.74,3.66,6.37,2.17,4.19,
37037,2006-11-29,0.01,100.88,10.22,14.92,14.42,14.42,21.05,10.97,10.08,14.71,1.92,2.32,1.43,0.89,4.3,5.98,2.11,3.86,
13265,2002-09-16,0.25,99.68,15.38,25.57,20.69,20.69,31.76,20.08,11.68,25.3,1.32,1.72,0.9,0.82,2.62,4.1,1.45,2.65,
31145,2001-04-25,0.0,93.18,5.62,16.25,4.39,4.4,25.2,5.82,19.39,16.48,3.79,6.41,0.44,5.97,5.77,10.61,0.61,10.0,
19127,2006-10-07,0.0,98.63,4.99,15.07,3.53,3.56,23.66,7.94,15.72,14.96,6.65,8.49,5.02,3.47,9.63,11.49,7.92,3.57,
37173,2004-10-20,1.49,93.48,10.77,16.75,14.01,14.01,22.83,12.02,10.8,15.74,0.91,1.43,0.12,1.3,1.59,2.81,0.19,2.62,
42005,2015-04-10,11.27,95.81,8.21,12.81,9.6,9.6,18.19,5.4,12.79,12.76,4.08,5.93,2.45,3.48,8.06,10.43,5.82,4.61,
21183,2009-06-17,10.25,99.29,19.1,25.51,24.13,24.12,29.02,21.94,7.08,25.27,2.49,3.23,1.62,1.61,4.56,5.71,3.98,1.73,
1011,2001-10-21,0.0,100.48,7.73,19.1,10.09,10.09,29.63,11.58,18.05,18.68,1.74,2.38,1.09,1.29,3.69,5.32,1.5,3.82,
20037,2013-02-13,0.11,98.01,3.42,3.52,-1.74,-1.71,12.1,-3.38,15.48,3.58,4.73,6.39,2.43,3.96,7.47,10.77,4.79,5.98,
18077,2008-02-19,0.22,99.12,1.84,-5.06,-9.35,-9.17,-2.91,-8.01,5.11,-4.6,4.85,6.42,0.94,5.48,7.05,9.02,1.69,7.33,0.0
17119,2004-04-23,0.92,100.01,7.84,13.68,10.29,10.29,19.11,10.04,9.07,14.31,3.57,5.19,2.09,3.1,4.96,6.96,3.26,3.71,
45053,2003-08-24,2.37,101.38,17.72,27.5,23.27,23.27,33.68,22.63,11.04,27.77,1.46,2.02,0.47,1.55,2.89,4.43,0.69,3.74,
48169,2011-10-28,0.0,93.19,3.54,7.46,-1.95,-1.89,15.24,0.89,14.34,7.91,2.77,3.92,0.26,3.66,4.1,6.69,0.35,6.34,
13173,2015-09-02,12.23,100.79,17.59,26.96,23.05,23.05,31.0,23.0,7.99,27.23,1.02,1.66,0.34,1.32,1.68,4.01,0.7,3.31,
51117,2010-07-02,0.0,100.91,7.5,21.77,9.58,9.59,29.81,13.55,16.26,21.84,1.74,2.34,1.14,1.2,3.36,5.26,2.18,3.08,
12011,2005-06-26,11.03,101.46,19.82,28.17,25.15,25.15,30.15,26.47,3.68,28.62,3.45,5.13,1.48,3.65,4.42,6.42,1.61,4.81,
8069,2015-07-25,0.2,79.18,7.71,21.76,6.47,6.48,30.67,12.88,17.79,22.72,3.66,6.78,0.71,6.07,5.15,9.82,0.45,9.38,
13063,2007-07-06,0.61,98.37,13.56,26.95,18.44,18.44,33.02,20.54,12.48,27.64,1.78,2.27,1.42,0.85,3.42,4.84,1.83,3.0,
48159,2003-10-09,6.06,99.68,14.15,23.22,19.37,19.37,28.8,19.24,9.56,23.5,3.05,6.82,0.35,6.46,4.47,8.48,0.61,7.87,
21103,2016-03-19,1.67,99.05,4.73,5.32,2.86,2.87,9.1,0.96,8.14,5.5,3.29,4.54,1.87,2.67,5.14,6.99,3.84,3.14,
5071,2002-06-22,0.03,98.13,13.04,24.28,17.77,17.77,30.36,18.65,11.71,23.99,1.64,1.93,0.76,1.17,3.39,4.59,1.28,3.3,
19061,2005-03-19,0.24,98.11,3.59,0.98,-1.21,-1.19,4.97,-4.04,9.01,1.28,4.78,7.99,0.62,7.37,6.44,9.17,0.44,8.72,
26163,2005-04-19,0.83,98.96,8.26,16.33,10.87,10.87,23.15,9.75,13.4,14.83,5.4,7.67,2.72,4.94,8.52,10.73,4.87,5.86,1.0
25027,2009-12-28,1.97,98.21,3.21,-1.16,-2.64,-2.62,2.56,-2.94,5.5,-1.12,2.67,4.25,1.17,3.08,5.07,7.94,2.25,5.7,
53067,2008-08-16,0.06,97.24,11.7,24.65,15.68,15.68,33.34,16.61,16.73,24.24,1.17,1.6,0.24,1.36,2.4,4.07,0.55,3.52,
38015,2008-02-25,0.01,95.33,1.85,-5.79,-9.69,-9.55,-2.4,-9.27,6.87,-4.88,6.77,8.16,4.85,3.31,8.49,9.2,7.78,1.42,
48229,2009-05-01,0.0,86.59,1.89,23.83,-10.23,-9.69,33.43,12.62,20.81,25.75,4.02,5.31,2.15,3.16,5.68,7.88,3.52,4.36,
19095,2002-03-22,0.0,99.64,1.36,-3.58,-12.76,-12.19,3.23,-9.98,13.21,-2.66,7.13,9.62,3.74,5.88,9.41,11.25,7.75,3.5,
16055,2005-07-13,0.05,91.53,7.19,17.16,7.65,7.66,23.81,10.04,13.77,16.93,2.71,3.8,1.62,2.18,4.55,5.76,3.26,2.5,
55129,2002-07-05,0.97,97.94,10.84,18.82,14.68,14.68,23.41,12.93,10.48,19.22,4.98,6.63,3.4,3.23,7.06,8.55,6.0,2.55,
39163,2010-12-07,0.04,98.64,1.79,-6.92,-9.58,-9.49,-4.42,-8.95,4.53,-6.89,3.48,4.14,2.86,1.27,5.99,6.87,5.24,1.63,0.0
40141,2003-05-03,0.13,96.83,12.06,23.42,16.2,16.2,30.58,14.49,16.09,24.18,5.72,9.09,3.0,6.09,7.82,12.5,3.79,8.71,
31131,2009-12-30,0.75,97.06,2.63,-4.72,-5.48,-5.47,-0.08,-10.24,10.15,-4.93,4.88,5.81,3.81,2.0,6.64,7.91,4.93,2.99,
29205,2007-07-29,0.77,98.59,14.8,25.72,19.91,19.91,29.7,21.41,8.29,26.53,1.94,2.97,1.03,1.94,3.2,6.39,1.16,5.22,
35001,2010-10-09,0.13,82.08,4.22,13.15,-1.3,-1.25,21.97,5.29,16.68,14.12,3.91,5.82,2.77,3.04,6.14,7.93,3.64,4.28,
21051,2004-07-04,6.9,96.92,16.79,24.1,21.65,21.65,28.19,20.66,7.53,24.1,2.28,3.18,1.36,1.83,4.79,5.73,3.81,1.92,
29017,2005-11-23,0.0,98.17,4.83,7.69,2.77,2.78,16.43,1.32,15.11,7.44,3.63,5.53,2.16,3.37,6.89,8.74,5.13,3.61,
26007,2015-10-21,1.18,99.34,8.01,13.03,10.41,10.41,15.98,10.55,5.43,12.45,6.14,8.07,3.9,4.17,8.54,11.73,4.66,7.07,
29103,2014-08-13,0.0,99.02,8.87,21.76,12.0,12.0,29.36,12.87,16.49,21.94,1.64,2.95,0.18,2.76,2.66,5.77,0.3,5.47,
37135,2016-06-03,4.07,99.53,15.75,25.07,21.03,21.03,29.89,20.05,9.84,24.92,1.46,2.12,0.76,1.37,2.31,3.3,1.17,2.13,
37015,2006-01-02,14.88,101.46,7.35,9.53,9.16,9.16,14.35,3.64,10.71,9.14,3.7,5.99,1.73,4.26,5.98,8.95,3.13,5.82,
17041,2012-08-12,0.36,99.16,6.96,22.75,8.15,8.16,29.9,16.02,13.88,22.82,1.53,3.04,0.42,2.62,2.44,6.79,0.65,6.14,
42119,2013-04-14,0.0,98.14,4.6,7.28,2.12,2.14,14.11,-0.56,14.67,6.94,2.16,3.24,1.0,2.24,4.42,5.57,1.47,4.1,
21223,2010-04-19,0.0,99.23,5.86,10.63,5.87,5.87,17.81,3.21,14.6,11.0,2.23,2.71,1.84,0.87,4.25,5.82,2.35,3.47,
51087,2005-10-27,0.0,101.69,4.52,7.88,2.55,2.57,15.38,1.75,13.64,7.89,1.63,2.36,0.94,1.42,3.38,5.12,1.49,3.64,
48351,2009-11-14,0.0,100.74,11.02,17.31,15.53,15.53,23.94,12.19,11.75,17.36,1.87,2.29,1.44,0.85,4.5,5.52,2.64,2.88,
22029,2009-06-04,5.41,100.69,14.85,22.97,20.28,20.29,27.15,18.86,8.28,23.3,2.96,4.24,1.18,3.06,4.66,6.04,2.76,3.29,
54107,2012-02-25,0.06,98.86,2.53,-1.72,-5.54,-5.47,0.29,-4.82,5.11,-1.76,4.15,5.64,1.52,4.12,7.51,9.29,3.66,5.63,
40149,2009-10-16,0.01,96.77,6.44,12.47,6.95,6.96,19.2,7.54,11.66,12.87,3.81,5.75,1.53,4.22,5.04,6.85,2.28,4.56,
54051,2002-08-23,7.56,97.49,15.0,26.46,19.89,19.89,32.79,20.64,12.15,26.32,1.71,3.0,0.86,2.13,4.06,5.84,2.49,3.35,
17111,2005-01-17,0.0,101.13,0.64,-18.81,-20.45,-20.13,-13.75,-22.4,8.65,-19.35,5.33,7.59,3.37,4.22,6.74,8.68,4.43,4.25,
26063,2016-06-27,0.25,99.0,11.86,20.4,16.44,16.44,24.7,16.72,7.98,20.19,5.67,6.52,4.38,2.14,7.63,9.18,5.83,3.35,
17049,2014-05-24,0.05,99.85,9.54,18.82,13.21,13.21,25.12,11.55,13.56,19.18,2.91,3.93,2.02,1.91,4.47,6.88,2.48,4.4,
17151,2001-03-20,0.1,100.39,4.46,6.27,2.2,2.22,12.22,2.41,9.82,6.13,4.57,7.43,2.91,4.52,7.36,9.79,4.93,4.86,0.6725
53023,2006-09-03,0.0,91.63,4.5,23.1,0.79,0.87,32.93,13.35,19.59,21.53,1.76,3.29,0.25,3.04,2.91,6.27,0.07,6.2,
44005,2013-08-02,4.93,100.54,13.41,22.52,18.63,18.63,26.77,18.99,7.77,22.43,2.56,3.37,1.79,1.58,4.65,6.56,2.8,3.76,
48099,2004-11-12,0.01,99.01,5.53,9.13,5.05,5.06,13.72,4.59,9.13,9.82,4.25,5.85,2.33,3.52,5.88,6.91,3.55,3.36,
17177,2012-01-03,0.0,99.38,1.46,-7.89,-12.04,-11.82,-3.52,-13.56,10.05,-7.54,4.59,6.98,0.85,6.14,6.18,9.51,1.11,8.4,0.0
13001,2014-04-24,0.0,100.88,11.34,20.97,15.89,15.89,28.07,13.58,14.49,20.76,1.75,2.8,0.58,2.21,3.01,5.8,0.8,4.99,
17051,2000-08-10,0.0,99.69,12.53,23.66,17.41,17.41,29.64,17.83,11.81,23.53,2.48,3.39,1.31,2.08,3.98,6.0,1.43,4.57,
55053,2016-12-03,0.1,98.81,2.62,-1.85,-5.07,-5.01,0.2,-3.47,3.67,-1.69,2.07,3.2,0.74,2.46,3.19,5.67,1.11,4.57,
31095,2009-05-11,0.01,96.78,6.89,14.2,7.92,7.92,20.36,5.94,14.42,15.39,3.53,6.15,1.16,4.99,5.01,9.3,1.35,7.95,
37085,2014-10-11,13.04,100.76,14.01,22.98,19.34,19.34,30.37,17.36,13.0,23.03,4.08,6.13,1.46,4.67,6.18,8.19,2.86,5.33,
47091,2005-04-09,0.03,92.84,7.33,12.83,8.17,8.17,20.34,7.93,12.41,12.79,2.02,3.19,1.45,1.74,3.83,5.26,2.21,3.05,
30063,2002-10-07,0.3,84.98,5.16,7.0,1.85,1.86,14.53,1.79,12.74,6.27,2.19,3.81,0.63,3.18,4.01,6.46,0.76,5.69,
48135,2010-01-03,0.0,92.22,3.48,2.05,-2.33,-2.3,9.62,-2.58,12.2,2.44,3.47,5.53,0.68,4.85,5.06,6.85,1.2,5.65,
20033,2008-08-04,0.0,94.27,9.33,33.25,11.97,11.97,42.08,25.54,16.54,33.82,6.67,7.96,3.64,4.32,9.75,11.15,7.67,3.48,
26047,2006-02-04,3.87,98.19,3.45,-0.84,-1.62,-1.61,0.29,-3.3,3.6,-0.57,5.24,9.71,2.16,7.55,6.69,11.75,3.71,8.05,
51167,2013-10-31,2.33,93.74,9.67,15.25,12.46,12.46,17.4,12.52,4.88,15.16,3.75,5.89,1.84,4.05,7.17,10.71,4.15,6.56,
45075,2013-11-14,0.0,102.51,2.85,5.8,-3.95,-3.79,15.4,-2.7,18.1,5.55,1.92,2.64,0.86,1.78,3.25,4.98,1.02,3.96,
34041,2010-08-08,0.0,98.98,10.78,24.35,14.85,14.86,31.35,16.88,14.47,24.22,1.65,2.14,1.13,1.01,3.52,5.08,2.04,3.03,
45033,2008-07-06,23.28,101.36,16.91,25.17,22.51,22.51,28.31,22.91,5.41,25.3,3.26,4.19,1.92,2.26,4.93,6.37,4.2,2.17,
20123,2014-05-27,0.0,95.79,11.29,23.3,15.18,15.18,30.13,15.81,14.32,24.68,2.39,3.79,1.09,2.7,3.91,6.91,1.23,5.67,3.0012
42071,2002-02-20,1.33,99.17,5.87,7.64,5.42,5.42,14.21,0.01,14.2,7.37,4.0,6.28,2.3,3.97,7.31,10.79,4.57,6.22,
48359,2010-12-28,0.0,87.88,3.34,5.26,-3.49,-3.43,12.27,0.85,11.42,4.88,2.38,5.35,0.55,4.8,3.81,9.77,0.78,8.99,0.0
46067,2009-09-10,1.16,96.9,10.96,21.66,14.91,14.91,27.86,15.77,12.09,21.94,4.17,5.46,2.68,2.78,6.66,8.98,3.17,5.81,
22007,2014-08-07,0.72,101.44,18.6,28.86,24.09,24.09,32.0,25.92,6.08,29.53,2.56,3.21,2.12,1.08,3.51,4.59,2.71,1.88,
42017,2014-06-05,12.38,99.29,11.05,19.03,15.4,15.4,23.3,15.28,8.02,19.1,3.13,4.54,1.72,2.82,5.68,6.79,4.58,2.21,
48339,2015-12-10,0.03,100.35,12.19,17.91,17.02,17.02,24.63,12.18,12.45,17.52,3.9,6.2,2.75,3.45,7.23,8.81,6.15,2.65,
13057,2012-02-11,0.01,97.34,2.53,-1.1,-6.48,-6.3,1.79,-6.11,7.9,-0.9,5.2,7.06,2.25,4.82,8.53,10.75,4.63,6.11,
37005,2011-09-05,38.64,94.08,15.6,21.21,19.99,19.99,23.32,19.12,4.2,21.21,2.73,4.47,0.94,3.52,5.23,8.33,2.32,6.02,
55021,2001-02-01,0.02,98.55,1.1,-14.16,-15.27,-15.16,-10.15,-21.1,10.94,-14.21,6.01,8.25,4.43,3.83,7.83,9.53,5.46,4.06,
30047,2005-03-14,0.53,87.21,2.99,0.36,-4.97,-4.92,4.13,-2.5,6.63,-0.38,1.83,3.1,0.66,2.43,2.76,4.42,1.01,3.41,
8011,2007-04-21,7.52,85.07,4.79,15.62,0.36,0.44,25.47,8.32,17.15,15.98,7.03,12.37,2.48,9.89,9.83,15.33,4.64,10.69,
37169,2013-05-02,0.38,98.71,8.97,14.43,12.12,12.12,18.93,11.04,7.89,14.73,3.62,4.55,2.2,2.35,5.47,6.61,4.81,1.8,
49057,2000-10-22,0.4,81.67,4.09,3.85,-1.85,-1.83,11.86,-1.36,13.22,4.26,2.81,4.07,1.33,2.74,4.63,6.36,2.69,3.67,
29135,2006-07-08,0.04,99.14,8.92,25.19,11.98,11.98,32.45,16.18,16.28,25.51,2.22,4.24,0.42,3.82,3.55,6.69,0.63,6.06,
55113,2003-03-30,0.21,97.5,2.66,-2.0,-5.05,-5.01,1.71,-6.04,7.75,-2.96,2.55,3.63,0.4,3.24,3.87,5.64,0.48,5.15,
16047,2013-02-05,0.0,87.14,3.41,1.62,-3.35,-3.32,7.36,-1.6,8.95,0.64,1.35,3.42,0.24,3.18,2.1,6.39,0.43,5.96,1.0
48193,2008-11-05,1.43,96.56,10.83,21.87,14.58,14.58,28.88,17.3,11.58,21.99,7.83,10.62,4.11,6.52,10.97,13.25,7.06,6.19,
18157,2003-07-14,0.47,99.04,12.73,21.98,17.47,17.47,27.57,15.0,12.57,21.83,3.27,4.15,2.33,1.82,5.35,8.42,3.85,4.58,
45039,2010-12-22,0.08,99.93,6.05,8.89,6.11,6.12,16.52,3.24,13.27,8.61,2.54,3.6,1.66,1.94,5.03,6.95,2.44,4.51,
1131,2016-07-21,4.48,100.93,18.26,29.81,23.65,23.65,36.22,24.23,11.99,29.66,0.81,1.21,0.37,0.84,1.81,3.84,0.63,3.21,
18003,2005-03-07,1.34,96.71,4.81,4.45,1.71,1.73,12.71,-5.4,18.1,4.22,10.49,12.93,7.57,5.35,13.58,16.13,9.72,6.41,
37133,2000-04-16,0.48,101.47,11.27,19.08,16.05,16.05,24.3,14.06,10.24,19.63,3.1,4.62,1.79,2.83,4.74,5.84,2.84,3.0,
6085,2016-07-18,0.01,99.01,7.97,16.81,10.39,10.39,24.17,11.32,12.85,18.43,3.79,5.35,2.63,2.72,4.77,5.97,3.67,2.29,
39143,2016-07-28,1.63,98.48,13.19,25.51,18.0,18.0,29.9,21.29,8.61,25.81,2.11,3.45,0.72,2.73,3.33,5.7,0.84,4.86,
48213,2015-01-13,0.05,101.38,3.84,2.66,0.29,0.3,6.81,-0.92,7.73,2.98,3.94,5.15,2.25,2.9,5.57,6.62,4.04,2.58,0.2067
12049,2010-06-05,10.86,101.38,18.83,28.23,24.26,24.26,31.65,24.51,7.14,28.07,2.56,4.06,0.74,3.32,3.8,5.55,1.03,4.53,
29033,2004-01-25,2.54,97.75,2.34,-3.49,-6.58,-6.52,-1.92,-6.36,4.44,-2.96,7.6,8.61,6.21,2.4,9.37,10.46,8.0,2.46,
38105,2005-08-16,3.37,93.9,8.57,19.91,10.59,10.59,28.63,11.57,17.05,20.77,6.79,7.92,4.72,3.2,8.81,11.09,6.78,4.31,0.9569
13103,2008-06-21,8.51,101.36,14.54,28.01,19.81,19.81,35.11,22.54,12.56,28.32,1.47,2.23,0.66,1.57,2.97,4.45,1.13,3.33,
38017,2015-05-12,0.64,98.47,4.24,7.61,1.21,1.24,14.48,-0.39,14.87,9.03,3.15,5.41,1.2,4.21,4.94,9.06,1.11,7.95,1.2337
19195,2006-09-14,0.0,97.27,7.72,16.92,9.58,9.58,24.77,9.56,15.21,16.92,4.99,6.7,3.27,3.43,7.8,9.21,5.26,3.95,
30061,2013-12-04,0.22,86.44,0.85,-16.06,-18.88,-18.51,-12.68,-18.19,5.51,-18.05,1.61,2.38,0.85,1.53,2.64,4.18,1.41,2.78,
1071,2016-04-16,0.0,98.47,8.02,14.99,10.37,10.37,22.03,9.47,12.56,15.0,2.36,3.51,1.51,2.0,4.89,5.84,3.28,2.56,
37145,2008-12-19,0.33,99.98,8.75,12.77,11.6,11.6,19.75,7.14,12.6,12.62,3.51,6.38,1.1,5.29,6.52,10.74,2.68,8.06,
18067,2003-04-30,3.52,98.21,11.81,18.42,16.03,16.03,23.15,12.22,10.93,17.8,4.58,7.23,1.71,5.52,6.92,10.98,3.15,7.83,
28023,2010-02-25,0.01,100.71,2.84,1.65,-3.98,-3.89,9.35,-5.33,14.68,1.53,1.54,2.18,0.88,1.3,3.45,4.77,1.38,3.39,
29189,2009-03-16,0.05,100.1,6.47,11.89,7.49,7.49,19.55,5.64,13.91,11.83,2.11,3.56,0.95,2.61,3.7,7.93,1.18,6.75,
24011,2001-07-08,6.06,100.95,14.28,23.18,19.66,19.66,27.58,19.23,8.34,23.53,4.37,7.27,1.48,5.79,6.27,10.38,2.24,8.14,
29025,2003-09-05,0.01,98.99,8.91,19.49,12.04,12.04,26.53,12.48,14.06,19.41,2.3,3.15,1.75,1.4,3.53,6.45,2.02,4.43,
51155,2007-08-04,0.28,93.86,11.97,24.36,15.75,15.75,32.11,16.95,15.17,24.12,1.5,1.84,0.91,0.93,3.32,4.88,1.45,3.43,
40053,2016-08-17,0.0,97.55,12.1,27.01,16.49,16.49,34.18,19.58,14.6,27.96,4.04,5.56,2.55,3.01,6.22,8.85,4.42,4.43,
1025,2007-11-01,0.0,101.04,10.24,17.98,14.51,14.51,25.34,12.45,12.89,17.9,1.82,2.43,0.74,1.69,4.38,6.67,1.16,5.5,
29095,2011-10-12,1.76,97.42,9.96,19.09,13.52,13.52,25.13,15.03,10.09,19.31,4.25,5.52,2.64,2.88,6.5,8.4,3.87,4.52,
29075,2006-02-03,0.02,97.5,2.64,-0.3,-5.32,-5.23,3.73,-5.48,9.21,-0.27,6.35,9.34,3.66,5.69,9.17,11.17,6.76,4.41,
39123,2007-07-30,0.01,99.31,11.26,23.76,15.61,15.61,28.33,18.47,9.86,23.79,3.21,5.51,1.2,4.31,4.43,6.73,1.69,5.04,
18055,2007-04-16,0.0,99.53,4.51,7.77,2.08,2.1,14.84,-0.01,14.85,7.28,4.12,6.96,2.18,4.78,6.4,8.82,3.52,5.3,
48127,2007-01-27,3.53,99.49,6.17,13.24,6.42,6.44,21.1,6.52,14.58,13.21,5.22,8.43,0.84,7.59,7.82,10.41,1.35,9.05,
40057,2011-11-18,0.0,95.05,5.14,10.94,3.05,3.07,20.77,2.79,17.99,10.78,7.26,9.46,5.14,4.32,10.35,12.69,7.59,5.1,
45085,2009-11-11,42.82,100.3,10.56,15.3,14.32,14.32,18.95,8.62,10.33,15.24,6.21,9.44,3.22,6.22,8.55,12.08,4.51,7.57,
22103,2008-10-15,0.0,101.78,15.03,24.01,20.66,20.66,27.77,21.57,6.2,24.02,3.16,4.08,2.73,1.35,4.92,5.85,3.88,1.96,
16031,2009-03-20,0.0,83.41,4.4,9.24,-0.6,-0.57,17.42,3.3,14.12,7.8,2.22,3.69,0.34,3.35,3.04,5.54,0.36,5.18,
35006,2016-07-05,0.18,78.25,6.22,22.93,3.3,3.32,30.66,13.98,16.68,25.48,4.87,6.32,3.1,3.22,7.01,9.85,5.06,4.79,1.7833
33001,2016-01-15,0.15,97.32,2.38,-5.33,-6.61,-6.59,-2.01,-9.75,7.73,-6.06,1.44,2.34,0.28,2.06,2.51,3.73,0.33,3.4,
21207,2001-03-04,12.84,96.75,6.28,7.55,6.2,6.2,12.41,2.01,10.4,7.64,3.62,4.99,1.87,3.11,5.69,7.52,3.82,3.7,
55021,2003-04-19,10.39,97.83,8.53,12.94,10.72,10.72,20.43,3.65,16.79,12.98,6.38,8.44,4.08,4.36,8.84,12.55,6.26,6.29,
25001,2001-05-19,0.52,101.04,7.98,12.7,10.71,10.71,16.12,9.04,7.09,12.18,4.75,8.82,0.12,8.7,6.3,10.49,0.43,10.06,
22041,2006-02-02,17.94,99.77,10.33,16.93,14.42,14.42,20.56,13.68,6.88,15.91,4.27,8.17,0.1,8.07,6.23,12.38,0.17,12.21,
19043,2014-07-11,1.84,98.3,12.97,20.53,17.63,17.63,24.15,16.08,8.06,20.37,5.28,7.77,2.49,5.28,7.87,10.05,5.45,4.6,
45035,2008-06-09,0.25,101.26,14.33,29.82,19.71,19.71,37.92,22.86,15.06,30.87,2.65,3.56,0.95,2.61,4.12,6.04,1.03,5.02,
31147,2009-12-29,0.03,98.7,1.43,-12.21,-13.0,-12.96,-6.06,-19.62,13.56,-12.08,2.75,4.62,1.2,3.43,3.97,6.93,1.9,5.03,0.0
13077,2012-03-31,9.73,98.18,12.63,18.46,17.33,17.33,21.66,15.87,5.79,18.41,1.74,2.91,1.06,1.85,4.08,5.85,2.41,3.44,
51680,2004-11-01,0.0,98.66,9.67,16.9,13.11,13.11,24.05,10.73,13.32,16.57,1.38,1.94,0.19,1.75,3.1,4.73,0.38,4.36,
37185,2000-02-19,0.8,100.38,7.77,12.07,9.95,9.95,18.35,3.89,14.46,11.82,4.33,5.39,2.78,2.61,7.53,9.57,6.08,3.49,
16043,2001-01-18,1.8,79.65,1.48,-13.73,-14.24,-14.22,-8.98,-16.82,7.85,-15.79,1.41,2.18,0.98,1.2,1.98,3.18,1.25,1.93,
37191,2015-11-09,22.64,101.62,10.33,14.65,13.95,13.95,20.34,8.47,11.87,14.47,4.82,6.38,2.68,3.69,7.09,8.0,5.59,2.42,
31095,2000-06-19,20.57,95.84,12.72,22.83,16.71,16.71,30.1,15.35,14.75,23.55,8.79,11.77,5.32,6.46,11.64,14.77,8.15,6.62,
19117,2004-01-05,0.01,99.67,0.78,-13.33,-18.63,-17.72,-9.42,-17.95,8.53,-12.65,7.97,8.59,6.58,2.02,9.83,10.42,8.56,1.86,
8103,2013-10-16,0.01,79.01,2.67,1.36,-7.52,-7.42,8.58,-5.18,13.76,1.36,1.98,3.18,0.99,2.19,2.81,3.99,1.39,2.6,
21181,2000-01-06,0.01,99.51,2.86,-0.35,-3.9,-3.87,7.39,-4.78,12.16,-0.71,3.27,5.31,2.1,3.21,5.96,7.52,4.64,2.88,
48471,2001-01-08,0.0,101.29,4.44,6.73,2.25,2.27,12.44,1.02,11.41,5.32,2.73,4.31,0.31,4.0,4.35,7.46,0.4,7.06,
21025,2012-08-29,0.0,97.83,8.82,23.2,11.72,11.73,32.0,16.1,15.9,23.23,1.52,2.04,1.15,0.89,3.53,5.36,1.97,3.4,
8073,2000-11-01,0.08,83.53,3.51,5.67,-3.58,-3.52,13.35,-0.84,14.19,5.76,3.25,5.38,1.3,4.08,5.32,8.22,2.34,5.89,
12111,2010-05-18,2.95,101.39,16.28,26.01,21.89,21.89,29.41,22.86,6.55,26.49,2.97,4.33,0.79,3.54,3.91,6.26,0.94,5.32,0.0
48031,2014-02-20,0.0,97.19,7.48,17.69,7.1,7.15,26.79,7.29,19.49,17.92,6.62,10.22,4.27,5.95,9.4,12.16,6.27,5.89,
5145,2005-11-15,8.91,99.79,9.73,15.95,11.48,11.5,24.56,4.73,19.82,15.75,7.22,10.02,4.9,5.12,10.74,13.56,8.21,5.35,2.0
28019,2001-08-12,7.2,100.31,17.12,27.79,22.48,22.48,33.62,22.27,11.35,27.68,0.75,1.0,0.32,0.67,1.52,2.76,0.44,2.32,
41001,2003-04-01,4.46,84.71,3.94,3.3,-1.96,-1.92,8.24,0.09,8.16,3.74,2.28,3.42,1.45,1.97,3.37,4.72,2.25,2.47,2.1947
56025,2012-03-25,0.01,80.96,4.09,11.54,-2.07,-2.0,21.26,1.65,19.61,11.5,4.71,6.88,2.65,4.23,7.19,8.43,4.7,3.73,
8093,2009-03-15,0.24,70.94,1.98,-3.42,-12.41,-12.17,3.68,-8.95,12.63,-3.46,4.51,6.32,3.17,3.15,6.9,8.0,5.87,2.13,
13231,2010-09-19,0.0,99.1,11.58,26.07,16.09,16.09,34.85,18.0,16.85,25.98,1.57,2.06,0.79,1.27,2.85,4.31,1.11,3.2,
22097,2007-11-08,0.0,101.82,5.25,12.0,4.34,4.36,21.25,3.96,17.29,12.2,2.14,2.67,1.17,1.51,3.85,5.71,1.35,4.36,
37067,2016-10-20,0.04,97.72,11.59,21.08,15.87,15.87,28.35,15.52,12.83,20.95,2.47,3.31,0.8,2.51,4.7,6.91,1.02,5.89,
42001,2004-07-14,9.46,97.93,15.01,23.1,19.94,19.94,28.82,18.1,10.72,22.98,3.07,4.29,1.65,2.64,5.34,6.64,3.84,2.8,
18139,2003-01-12,0.03,99.22,1.52,-7.94,-11.52,-11.35,-2.42,-13.18,10.76,-7.53,3.88,6.87,1.89,4.98,5.64,9.7,2.07,7.64,
40001,2012-06-18,0.0,97.9,13.17,28.29,17.89,17.89,35.08,21.67,13.41,28.87,4.18,5.64,2.43,3.21,6.91,8.09,5.28,2.8,
41035,2013-11-05,5.75,85.07,4.67,0.84,0.49,0.5,3.07,-2.59,5.66,0.89,1.56,1.93,1.21,0.72,3.13,4.57,2.25,2.31,1.7666
32029,2013-04-15,2.48,81.44,3.57,1.78,-3.74,-3.7,6.42,-2.37,8.78,3.59,3.89,6.69,1.88,4.82,5.16,8.26,3.17,5.08,
28055,2009-11-17,0.01,101.14,5.1,6.97,4.23,4.23,10.57,3.62,6.95,7.25,3.36,4.84,2.02,2.82,5.09,6.25,4.31,1.94,0.0
31075,2009-09-08,11.11,88.76,12.62,22.18,15.69,15.69,29.53,16.9,12.63,22.86,4.66,6.78,2.4,4.38,6.23,8.81,3.77,5.04,0.0
22061,2008-08-29,1.64,100.5,17.6,28.14,23.0,23.0,34.06,23.94,10.12,27.59,1.11,1.49,0.56,0.93,2.18,3.72,0.84,2.88,
27113,2014-05-03,0.39,97.36,3.54,4.33,-1.6,-1.53,8.6,-0.92,9.52,5.0,5.72,9.11,2.44,6.68,8.1,10.94,5.24,5.69,
13253,2000-12-11,0.4,101.28,9.22,14.41,12.65,12.65,21.51,8.46,13.05,14.19,1.54,2.2,0.67,1.52,2.71,5.18,0.83,4.35,
48327,2015-09-07,0.0,94.42,13.6,30.27,17.76,17.76,37.41,23.55,13.87,32.5,4.13,5.0,3.11,1.89,5.63,7.66,3.41,4.25,
48425,2008-09-08,10.44,98.18,14.29,26.21,19.22,19.22,33.18,20.33,12.85,27.47,2.88,4.85,1.6,3.24,4.45,6.17,3.19,2.98,
12021,2008-08-26,10.72,101.14,19.17,28.15,24.54,24.54,31.41,25.31,6.1,28.02,2.02,3.26,1.12,2.14,2.7,3.73,1.65,2.08,0.0
8033,2012-05-22,0.0,78.98,3.27,20.15,-5.21,-5.04,28.96,10.79,18.17,20.05,5.09,8.08,2.05,6.03,7.81,10.71,3.34,7.37,2.0
29015,2004-06-05,5.01,98.27,11.63,20.83,15.92,15.92,26.85,13.85,13.0,20.9,2.6,3.65,1.94,1.71,4.85,5.86,3.23,2.63,
29001,2014-03-21,0.0,97.99,4.57,7.29,2.04,2.06,15.13,0.47,14.66,6.62,4.47,6.98,1.12,5.86,6.61,10.92,1.46,9.46,
8069,2008-10-20,0.7,79.32,5.86,6.6,2.67,2.67,12.95,3.24,9.71,7.15,3.46,5.71,1.08,4.62,4.54,6.69,1.63,5.05,
22109,2014-09-04,2.57,101.69,18.31,28.46,23.87,23.87,30.46,26.75,3.71,28.81,3.03,3.7,1.95,1.76,3.51,4.43,2.18,2.25,
47097,2010-03-04,0.0,101.15,3.23,3.12,-2.1,-2.06,10.19,-4.01,14.2,2.51,2.34,3.68,1.13,2.55,3.34,5.5,1.63,3.87,
55043,2007-01-21,7.35,98.2,2.24,-6.01,-7.13,-7.11,-1.8,-8.5,6.7,-6.37,4.09,5.98,2.49,3.5,5.9,7.08,4.29,2.78,
38093,2001-10-24,2.85,94.54,2.76,-1.66,-4.98,-4.94,-0.51,-3.07,2.56,-1.65,11.36,13.81,4.99,8.82,14.48,17.26,6.61,10.64,
31085,2010-07-25,0.01,90.96,12.15,24.29,15.5,15.5,30.94,16.43,14.51,25.32,5.21,6.95,2.93,4.02,7.12,8.56,4.62,3.94,
26065,2015-04-05,0.48,98.8,4.12,5.79,0.78,0.8,13.37,0.28,13.09,5.77,3.19,5.35,0.37,4.98,4.5,7.55,0.52,7.03,
48185,2008-08-30,0.35,100.28,17.22,28.5,22.61,22.61,34.25,23.5,10.75,28.46,1.84,2.74,0.82,1.92,3.0,3.63,1.45,2.18,
19053,2006-10-11,0.14,97.03,4.03,5.77,-0.97,-0.84,9.0,-0.36,9.36,6.09,6.46,10.65,3.32,7.33,8.92,13.2,5.1,8.09,
26021,2001-06-19,1.47,99.43,11.35,20.57,15.72,15.72,24.45,16.57,7.88,19.26,5.14,8.63,1.24,7.39,7.48,13.1,1.89,11.21,0.0
27127,2011-05-09,0.28,95.86,12.12,18.39,16.02,16.02,24.48,12.13,12.35,18.64,7.67,9.59,6.21,3.38,10.1,12.45,8.91,3.54,
27125,2016-02-19,0.67,95.65,4.02,1.5,0.14,0.15,5.27,-0.2,5.47,0.75,5.3,7.3,1.27,6.04,8.15,12.71,2.22,10.49,
5093,2005-03-13,0.01,100.23,3.99,5.11,0.45,0.48,9.57,0.75,8.82,5.48,7.51,8.69,5.77,2.92,9.49,10.66,7.81,2.86,
17079,2014-03-16,0.14,99.64,2.28,-1.87,-6.78,-6.66,0.3,-4.86,5.16,-1.82,9.76,12.49,5.57,6.92,12.4,15.51,7.89,7.62,
51081,2009-05-09,5.29,100.05,15.39,24.09,20.76,20.76,29.49,20.16,9.33,24.09,3.34,4.39,2.43,1.95,6.39,7.74,5.07,2.67,
48501,2007-03-16,0.0,90.06,5.5,10.13,3.59,3.6,16.77,3.98,12.8,12.53,4.07,7.14,2.01,5.13,5.64,8.98,1.96,7.02,
27077,2008-03-18,0.44,97.0,3.3,0.98,-2.37,-2.33,5.99,-2.52,8.51,1.05,3.71,5.84,2.8,3.03,5.88,8.46,4.45,4.01,1.0
51103,2002-04-14,1.06,101.85,10.46,17.8,14.95,14.95,21.22,14.25,6.97,16.18,4.85,6.0,3.54,2.46,7.76,9.36,5.19,4.17,
37123,2013-04-23,0.08,100.62,7.24,14.27,9.12,9.13,21.72,8.14,13.58,14.68,2.36,3.63,0.67,2.96,4.02,5.77,0.62,5.15,1.7659
39031,2002-09-27,29.06,96.89,11.93,17.01,16.06,16.06,22.76,14.27,8.5,17.0,2.4,4.69,0.77,3.93,4.66,7.92,1.83,6.08,
18071,2001-10-17,0.0,100.0,3.9,6.61,0.29,0.32,12.73,0.21,12.52,5.61,2.26,3.52,0.2,3.32,3.64,5.67,0.26,5.41,
26141,2014-11-12,1.61,99.24,3.15,0.51,-2.69,-2.66,1.72,-0.39,2.11,5.09,10.6,12.1,9.04,3.06,12.34,14.15,10.52,3.63,
28077,2005-06-19,0.0,100.24,11.86,23.62,16.62,16.62,31.07,16.48,14.59,23.51,1.62,2.14,0.99,1.15,3.66,5.63,1.73,3.9,
23023,2008-11-13,4.88,102.18,4.51,5.73,2.31,2.32,8.58,2.7,5.87,6.46,3.3,5.24,1.3,3.94,4.42,7.04,1.84,5.2,
37041,2011-12-23,0.3,101.68,8.37,14.22,10.94,10.94,18.09,6.32,11.77,13.83,5.17,9.11,2.6,6.51,8.06,13.62,4.62,9.01,
54061,2002-07-13,5.21,96.92,11.73,18.54,15.77,15.78,20.61,15.88,4.74,18.52,1.2,1.48,0.74,0.73,2.89,4.44,1.81,2.63,
13213,2007-03-19,0.0,98.18,6.14,10.78,5.9,5.91,18.97,2.04,16.94,10.87,2.64,4.05,1.76,2.28,5.64,7.34,3.5,3.83,
30047,2003-12-29,1.76,85.94,1.41,-13.46,-13.88,-13.86,-9.9,-17.46,7.56,-15.69,1.65,1.93,1.24,0.69,2.53,3.27,1.6,1.67,
21171,2007-12-10,11.51,99.5,9.69,14.04,13.21,13.21,17.86,10.27,7.6,13.89,2.19,3.55,0.07,3.48,3.83,6.45,0.67,5.78,
47073,2013-06-19,0.26,94.7,11.94,20.1,15.84,15.84,25.5,15.25,10.25,19.83,1.12,1.64,0.28,1.36,1.98,3.36,0.48,2.88,
41053,2003-06-02,0.03,99.94,7.46,13.19,9.47,9.47,19.36,7.17,12.19,13.43,3.07,4.15,2.21,1.95,5.0,6.34,4.2,2.14,
13095,2013-01-21,0.0,100.77,5.67,9.34,5.64,5.64,16.81,2.93,13.88,9.11,3.13,3.93,2.13,1.8,5.44,7.42,2.38,5.04,
13263,2016-04-27,4.62,98.83,13.57,21.74,18.52,18.52,27.8,15.99,11.82,21.77,1.88,2.64,1.32,1.32,4.27,5.14,2.36,2.79,
29219,2008-09-07,1.27,99.39,11.38,19.11,15.88,15.88,24.33,14.9,9.43,19.22,1.15,1.8,0.7,1.1,2.18,4.67,0.81,3.86,
29045,2004-05-26,0.8,98.47,8.76,16.24,11.63,11.63,21.47,11.35,10.12,17.31,2.7,3.54,1.76,1.78,3.97,5.43,1.78,3.65,
29049,2009-08-15,13.44,98.0,15.4,23.76,20.21,20.21,28.95,17.7,11.25,23.76,5.64,7.93,3.61,4.32,8.18,9.95,6.28,3.67,
48113,2008-09-26,0.0,99.74,11.23,24.36,15.7,15.71,31.0,18.36,12.63,24.82,2.21,3.3,0.58,2.72,3.12,4.83,0.88,3.95,
54075,2006-01-09,0.0,93.13,5.89,5.33,4.91,4.91,10.29,0.42,9.87,5.21,3.07,4.21,1.6,2.61,6.34,7.81,2.95,4.86,
27145,2016-10-02,0.0,97.43,8.39,15.24,10.93,10.93,22.38,9.27,13.11,15.31,2.68,3.74,1.92,1.81,4.62,8.2,2.1,6.1,
42097,2007-05-26,3.5,98.99,12.68,21.46,17.52,17.52,27.24,15.97,11.27,21.35,1.65,2.09,1.12,0.97,3.56,5.16,2.12,3.04,
28111,2003-04-30,0.03,100.57,13.34,21.7,18.55,18.55,27.68,17.15,10.53,21.48,1.85,2.87,1.25,1.62,3.57,4.64,1.99,2.64,
28119,2006-04-05,0.01,100.87,7.19,14.2,8.86,8.86,20.78,7.67,13.11,13.86,2.66,3.68,0.84,2.84,4.38,7.29,1.02,6.27,
49031,2015-09-26,0.0,77.61,5.51,17.59,1.41,1.44,26.78,11.3,15.49,17.08,2.55,3.96,1.55,2.41,3.99,6.25,2.37,3.88,
26161,2013-10-28,0.0,99.48,4.36,5.31,1.69,1.7,11.65,0.28,11.37,5.61,4.06,5.71,2.82,2.89,6.18,8.0,3.35,4.64,
53027,2014-12-22,0.31,99.41,5.11,6.05,3.77,3.78,10.63,3.9,6.73,5.6,1.53,2.25,0.13,2.12,3.0,4.99,0.15,4.84,
22057,2014-07-10,9.77,101.84,17.89,28.39,23.52,23.52,29.5,27.13,2.37,29.32,2.15,3.76,1.13,2.64,2.53,4.67,1.2,3.47,
40035,2006-07-20,0.0,98.52,14.89,33.27,19.89,19.89,41.56,25.67,15.88,34.26,2.68,4.21,0.6,3.61,4.63,7.45,0.65,6.81,
5125,2016-09-26,0.0,100.09,10.12,20.77,13.96,13.96,24.92,15.04,9.88,20.96,2.75,3.93,1.66,2.28,4.74,6.25,3.36,2.88,
40039,2014-08-02,0.0,95.93,11.75,25.17,15.84,15.84,32.17,18.48,13.69,26.42,2.59,3.97,0.7,3.26,4.25,7.24,0.52,6.72,
31155,2006-07-10,10.14,96.31,14.96,22.93,19.65,19.65,25.9,20.52,5.38,23.29,2.64,4.49,0.38,4.11,3.59,5.35,0.54,4.81,
51790,2007-08-12,0.02,94.74,10.82,23.72,14.33,14.33,31.97,15.74,16.23,23.72,1.24,1.69,0.88,0.81,2.4,3.57,1.6,1.97,
48063,2001-04-09,0.02,99.95,15.06,22.91,20.39,20.39,28.51,17.78,10.72,22.82,4.04,5.7,2.67,3.03,7.08,8.07,4.98,3.09,
39169,2013-11-25,0.13,98.81,1.93,-3.64,-8.95,-8.77,1.3,-8.55,9.85,-3.57,4.01,5.72,2.62,3.1,6.21,7.9,4.17,3.73,
